date,sku_id,actual_units,predicted_units,absolute_error
2025-09-20,SKU001,10,9.498437,0.5015630722045898
2025-09-21,SKU001,7,9.5315695,2.531569480895996
2025-09-22,SKU001,7,7.668403,0.668403148651123
2025-09-23,SKU001,7,7.8310876,0.831087589263916
2025-09-24,SKU001,9,7.5328293,1.4671707153320312
2025-09-25,SKU001,9,7.742431,1.2575688362121582
2025-09-26,SKU001,10,8.636573,1.3634271621704102
2025-09-27,SKU001,10,9.849427,0.1505727767944336
2025-09-28,SKU001,10,9.891363,0.10863685607910156
2025-09-29,SKU001,10,8.02019,1.9798097610473633
2025-09-30,SKU001,6,8.345434,2.3454341888427734
2025-10-01,SKU001,9,7.917963,1.0820369720458984
2025-10-02,SKU001,11,8.195387,2.8046131134033203
2025-10-03,SKU001,13,9.3319235,3.668076515197754
2025-10-04,SKU001,7,10.951568,3.9515676498413086
2025-10-05,SKU001,13,10.988767,2.011233329772949
2025-10-06,SKU001,8,8.866682,0.8666820526123047
2025-10-07,SKU001,10,9.007606,0.9923944473266602
2025-10-08,SKU001,9,8.761704,0.2382955551147461
2025-10-09,SKU001,5,8.951349,3.9513492584228516
2025-10-10,SKU001,7,9.727183,2.7271833419799805
2025-10-11,SKU001,10,11.011615,1.0116147994995117
2025-10-12,SKU001,10,11.338085,1.3380851745605469
2025-10-13,SKU001,9,9.071207,0.07120704650878906
2025-10-14,SKU001,9,9.191672,0.19167232513427734
2025-10-15,SKU001,10,8.893651,1.106348991394043
2025-10-16,SKU001,14,9.094082,4.905918121337891
2025-10-17,SKU001,11,10.310689,0.6893110275268555
2025-10-18,SKU001,11,11.870086,0.8700857162475586
2025-10-19,SKU001,10,12.36373,2.3637304306030273
2025-10-20,SKU001,17,9.738394,7.261606216430664
2025-10-21,SKU001,16,12.75672,3.2432804107666016
2025-10-22,SKU001,16,13.146166,2.8538341522216797
2025-10-23,SKU001,13,14.048281,1.0482807159423828
2025-10-24,SKU001,11,17.725574,6.725574493408203
2025-10-25,SKU001,21,16.90667,4.093330383300781
2025-10-26,SKU001,16,16.439896,0.4398956298828125
2025-10-27,SKU001,11,13.714933,2.714933395385742
2025-10-28,SKU001,9,14.530813,5.530813217163086
2025-10-29,SKU001,33,14.004085,18.995915412902832
2025-10-30,SKU001,9,13.148589,4.148589134216309
2025-10-31,SKU001,13,14.82487,1.8248701095581055
2025-11-01,SKU001,23,14.924904,8.075096130371094
2025-11-02,SKU001,14,15.77348,1.7734804153442383
2025-11-03,SKU001,11,13.531585,2.5315847396850586
2025-11-04,SKU001,10,13.233071,3.2330713272094727
2025-11-05,SKU001,15,10.594663,4.405337333679199
2025-11-06,SKU001,10,9.771789,0.2282114028930664
2025-11-07,SKU001,9,9.687921,0.6879205703735352
2025-11-08,SKU001,11,10.604907,0.3950929641723633
2025-11-09,SKU001,8,11.372697,3.372696876525879
2025-11-10,SKU001,10,9.509624,0.49037647247314453
2025-11-11,SKU001,9,9.5954275,0.5954275131225586
2025-11-12,SKU001,7,9.248751,2.248750686645508
2025-11-13,SKU001,12,9.400239,2.5997610092163086
2025-11-14,SKU001,10,10.781253,0.7812528610229492
2025-11-15,SKU001,11,11.75827,0.758270263671875
2025-11-16,SKU001,12,11.797554,0.20244598388671875
2025-11-17,SKU001,9,9.799401,0.7994012832641602
2025-11-18,SKU001,5,10.093069,5.093069076538086
2025-11-19,SKU001,7,10.259505,3.259505271911621
2025-11-20,SKU001,14,10.118166,3.881834030151367
2025-11-21,SKU001,17,14.843933,2.15606689453125
2025-11-22,SKU001,12,15.773105,3.773104667663574
2025-11-23,SKU001,17,16.541666,0.45833396911621094
2025-11-24,SKU001,13,12.889697,0.11030292510986328
2025-11-25,SKU001,14,13.387674,0.6123256683349609
2025-11-26,SKU001,13,14.403593,1.4035930633544922
2025-11-27,SKU001,14,13.788714,0.21128559112548828
2025-11-28,SKU001,12,15.51926,3.5192604064941406
2025-11-29,SKU001,15,15.645412,0.6454124450683594
2025-11-30,SKU001,15,15.002493,0.0024929046630859375
2025-12-01,SKU001,15,12.6445265,2.355473518371582
2025-12-02,SKU001,13,13.395025,0.39502525329589844
2025-12-03,SKU001,15,13.256963,1.743037223815918
2025-12-04,SKU001,9,12.147833,3.1478328704833984
2025-12-05,SKU001,18,13.3975315,4.602468490600586
2025-12-06,SKU001,6,12.669651,6.669651031494141
2025-12-07,SKU001,11,11.431679,0.43167877197265625
2025-12-08,SKU001,8,9.356534,1.3565340042114258
2025-12-09,SKU001,9,9.202902,0.20290184020996094
2025-12-10,SKU001,11,8.547247,2.4527530670166016
2025-12-11,SKU001,9,8.591601,0.4083986282348633
2025-12-12,SKU001,8,9.612735,1.6127347946166992
2025-12-13,SKU001,13,10.751276,2.2487239837646484
2025-12-14,SKU001,6,10.96508,4.965080261230469
2025-12-15,SKU001,11,8.965708,2.034292221069336
2025-12-16,SKU001,9,9.17213,0.17212963104248047
2025-12-17,SKU001,7,9.130767,2.1307668685913086
2025-12-18,SKU001,11,9.199104,1.8008956909179688
2025-12-19,SKU001,9,10.395873,1.3958730697631836
2025-12-20,SKU001,10,11.556333,1.5563325881958008
2025-12-21,SKU001,12,11.4382105,0.5617895126342773
2025-12-22,SKU001,9,9.222776,0.2227764129638672
2025-12-23,SKU001,9,9.473738,0.4737377166748047
2025-12-24,SKU001,8,9.739602,1.7396020889282227
2025-12-25,SKU001,10,9.645064,0.3549356460571289
2025-12-26,SKU001,13,10.296431,2.7035694122314453
2025-12-27,SKU001,10,11.527518,1.5275182723999023
2025-12-28,SKU001,12,11.698666,0.3013343811035156
2025-12-29,SKU001,7,9.381061,2.3810606002807617
2025-12-30,SKU001,8,9.218123,1.218123435974121
2025-12-31,SKU001,14,9.260171,4.739829063415527
2025-09-20,SKU002,15,13.777915,1.2220849990844727
2025-09-21,SKU002,11,14.646026,3.6460256576538086
2025-09-22,SKU002,8,11.138043,3.1380434036254883
2025-09-23,SKU002,9,11.023661,2.023660659790039
2025-09-24,SKU002,13,10.729834,2.2701663970947266
2025-09-25,SKU002,11,10.958389,0.0416107177734375
2025-09-26,SKU002,13,12.068857,0.9311428070068359
2025-09-27,SKU002,14,14.055402,0.05540180206298828
2025-09-28,SKU002,15,15.001552,0.0015516281127929688
2025-09-29,SKU002,8,11.446062,3.4460620880126953
2025-09-30,SKU002,15,11.262949,3.737051010131836
2025-10-01,SKU002,12,11.127277,0.8727226257324219
2025-10-02,SKU002,15,11.474715,3.525284767150879
2025-10-03,SKU002,17,13.2065115,3.7934885025024414
2025-10-04,SKU002,16,15.94073,0.05926990509033203
2025-10-05,SKU002,18,17.709728,0.2902717590332031
2025-10-06,SKU002,12,13.150691,1.150691032409668
2025-10-07,SKU002,13,13.013953,0.013953208923339844
2025-10-08,SKU002,11,12.918103,1.9181032180786133
2025-10-09,SKU002,10,13.086916,3.086915969848633
2025-10-10,SKU002,16,14.4477415,1.5522584915161133
2025-10-11,SKU002,14,17.38865,3.388650894165039
2025-10-12,SKU002,13,18.991133,5.991132736206055
2025-10-13,SKU002,18,13.675245,4.32475471496582
2025-10-14,SKU002,11,13.516557,2.516556739807129
2025-10-15,SKU002,6,13.246773,7.246772766113281
2025-10-16,SKU002,12,13.0112915,1.01129150390625
2025-10-17,SKU002,15,14.529279,0.4707212448120117
2025-10-18,SKU002,30,17.137688,12.862312316894531
2025-10-19,SKU002,16,19.855154,3.855154037475586
2025-10-20,SKU002,16,14.725896,1.274104118347168
2025-10-21,SKU002,20,16.729156,3.270843505859375
2025-10-22,SKU002,21,17.919931,3.080068588256836
2025-10-23,SKU002,21,18.635235,2.364765167236328
2025-10-24,SKU002,21,23.120628,2.1206283569335938
2025-10-25,SKU002,22,22.11157,0.11157035827636719
2025-10-26,SKU002,33,24.12758,8.872419357299805
2025-10-27,SKU002,21,20.298004,0.701995849609375
2025-10-28,SKU002,21,20.294445,0.7055549621582031
2025-10-29,SKU002,19,14.716025,4.283974647521973
2025-10-30,SKU002,19,16.478748,2.521251678466797
2025-10-31,SKU002,26,16.459541,9.540458679199219
2025-11-01,SKU002,19,18.029177,0.9708232879638672
2025-11-02,SKU002,16,22.489796,6.489795684814453
2025-11-03,SKU002,18,18.983595,0.9835948944091797
2025-11-04,SKU002,18,17.84416,0.1558399200439453
2025-11-05,SKU002,16,14.1913,1.808699607849121
2025-11-06,SKU002,16,15.523949,0.47605133056640625
2025-11-07,SKU002,12,14.408982,2.408982276916504
2025-11-08,SKU002,21,15.193566,5.80643367767334
2025-11-09,SKU002,22,16.804623,5.195377349853516
2025-11-10,SKU002,13,13.884913,0.884913444519043
2025-11-11,SKU002,14,14.011238,0.01123809814453125
2025-11-12,SKU002,9,13.616441,4.616440773010254
2025-11-13,SKU002,15,13.477776,1.5222244262695312
2025-11-14,SKU002,15,15.038491,0.038491249084472656
2025-11-15,SKU002,18,16.576733,1.4232673645019531
2025-11-16,SKU002,14,17.417572,3.417572021484375
2025-11-17,SKU002,12,14.144378,2.1443777084350586
2025-11-18,SKU002,18,14.129808,3.8701915740966797
2025-11-19,SKU002,14,14.358773,0.35877323150634766
2025-11-20,SKU002,16,14.423729,1.5762710571289062
2025-11-21,SKU002,25,20.74987,4.250129699707031
2025-11-22,SKU002,18,23.11802,5.118019104003906
2025-11-23,SKU002,19,25.90084,6.900840759277344
2025-11-24,SKU002,23,19.68766,3.3123397827148438
2025-11-25,SKU002,21,19.945486,1.054513931274414
2025-11-26,SKU002,20,21.043346,1.0433464050292969
2025-11-27,SKU002,17,21.58585,4.585849761962891
2025-11-28,SKU002,21,25.172276,4.172275543212891
2025-11-29,SKU002,21,25.7185,4.718500137329102
2025-11-30,SKU002,24,26.687412,2.6874122619628906
2025-12-01,SKU002,20,22.699802,2.6998023986816406
2025-12-02,SKU002,28,24.08147,3.918529510498047
2025-12-03,SKU002,13,22.122332,9.122331619262695
2025-12-04,SKU002,10,21.96302,11.963020324707031
2025-12-05,SKU002,25,23.315113,1.6848869323730469
2025-12-06,SKU002,18,18.129711,0.12971115112304688
2025-12-07,SKU002,16,17.517899,1.5178985595703125
2025-12-08,SKU002,15,15.075553,0.07555294036865234
2025-12-09,SKU002,12,14.342719,2.342719078063965
2025-12-10,SKU002,14,13.003839,0.9961614608764648
2025-12-11,SKU002,15,13.144641,1.8553590774536133
2025-12-12,SKU002,16,14.703656,1.2963438034057617
2025-12-13,SKU002,16,16.363731,0.36373138427734375
2025-12-14,SKU002,17,17.144545,0.1445446014404297
2025-12-15,SKU002,14,14.172354,0.17235374450683594
2025-12-16,SKU002,16,14.340724,1.659276008605957
2025-12-17,SKU002,12,14.402011,2.402010917663574
2025-12-18,SKU002,13,14.356119,1.356119155883789
2025-12-19,SKU002,18,15.249268,2.750732421875
2025-12-20,SKU002,19,16.530697,2.4693031311035156
2025-12-21,SKU002,9,17.504093,8.504093170166016
2025-12-22,SKU002,11,14.089727,3.0897274017333984
2025-12-23,SKU002,14,14.201798,0.2017984390258789
2025-12-24,SKU002,11,14.588225,3.5882253646850586
2025-12-25,SKU002,12,14.357274,2.357274055480957
2025-12-26,SKU002,15,15.08785,0.08784961700439453
2025-12-27,SKU002,18,16.206707,1.7932929992675781
2025-12-28,SKU002,14,17.16902,3.1690196990966797
2025-12-29,SKU002,13,13.987718,0.9877176284790039
2025-12-30,SKU002,8,13.978526,5.9785261154174805
2025-12-31,SKU002,12,13.687174,1.687173843383789
2025-09-20,SKU003,10,10.663539,0.663538932800293
2025-09-21,SKU003,10,11.044177,1.0441770553588867
2025-09-22,SKU003,8,8.740531,0.7405309677124023
2025-09-23,SKU003,9,8.786816,0.21318435668945312
2025-09-24,SKU003,7,8.586948,1.5869483947753906
2025-09-25,SKU003,6,8.598541,2.598541259765625
2025-09-26,SKU003,7,9.392447,2.3924474716186523
2025-09-27,SKU003,10,10.670128,0.6701278686523438
2025-09-28,SKU003,8,11.044346,3.0443458557128906
2025-09-29,SKU003,8,8.644319,0.6443185806274414
2025-09-30,SKU003,6,8.577875,2.5778751373291016
2025-10-01,SKU003,11,8.217978,2.782022476196289
2025-10-02,SKU003,16,8.5213585,7.478641510009766
2025-10-03,SKU003,12,9.86793,2.1320695877075195
2025-10-04,SKU003,5,11.573255,6.573254585266113
2025-10-05,SKU003,15,11.992011,3.007988929748535
2025-10-06,SKU003,8,9.408148,1.4081478118896484
2025-10-07,SKU003,6,9.404067,3.404067039489746
2025-10-08,SKU003,6,8.977127,2.9771270751953125
2025-10-09,SKU003,14,8.990389,5.009611129760742
2025-10-10,SKU003,11,10.24895,0.7510499954223633
2025-10-11,SKU003,11,11.939216,0.9392156600952148
2025-10-12,SKU003,11,12.804688,1.8046884536743164
2025-10-13,SKU003,6,9.895703,3.8957033157348633
2025-10-14,SKU003,10,9.6691675,0.33083248138427734
2025-10-15,SKU003,11,9.44448,1.5555200576782227
2025-10-16,SKU003,8,9.638576,1.638575553894043
2025-10-17,SKU003,12,10.431429,1.5685710906982422
2025-10-18,SKU003,18,12.314795,5.685205459594727
2025-10-19,SKU003,14,13.664301,0.33569908142089844
2025-10-20,SKU003,17,10.541072,6.458928108215332
2025-10-21,SKU003,17,12.992655,4.007345199584961
2025-10-22,SKU003,11,13.503253,2.5032529830932617
2025-10-23,SKU003,10,14.037068,4.0370683670043945
2025-10-24,SKU003,23,17.913322,5.086677551269531
2025-10-25,SKU003,18,17.514982,0.4850177764892578
2025-10-26,SKU003,23,17.830372,5.169628143310547
2025-10-27,SKU003,18,14.79467,3.2053298950195312
2025-10-28,SKU003,16,16.206568,0.20656776428222656
2025-10-29,SKU003,14,14.931796,0.9317960739135742
2025-10-30,SKU003,14,12.940465,1.059535026550293
2025-10-31,SKU003,20,16.473948,3.526052474975586
2025-11-01,SKU003,21,15.177345,5.822654724121094
2025-11-02,SKU003,23,18.125618,4.874382019042969
2025-11-03,SKU003,20,15.437125,4.562874794006348
2025-11-04,SKU003,12,15.830273,3.830272674560547
2025-11-05,SKU003,14,12.457017,1.542983055114746
2025-11-06,SKU003,10,12.190922,2.1909217834472656
2025-11-07,SKU003,11,12.106257,1.106257438659668
2025-11-08,SKU003,7,13.061729,6.061729431152344
2025-11-09,SKU003,12,13.733855,1.7338552474975586
2025-11-10,SKU003,8,11.329318,3.329318046569824
2025-11-11,SKU003,8,11.331815,3.331814765930176
2025-11-12,SKU003,11,10.935256,0.0647439956665039
2025-11-13,SKU003,6,11.210986,5.210986137390137
2025-11-14,SKU003,14,12.367698,1.6323022842407227
2025-11-15,SKU003,13,13.402265,0.4022645950317383
2025-11-16,SKU003,11,13.712,2.7119998931884766
2025-11-17,SKU003,5,11.33574,6.335740089416504
2025-11-18,SKU003,8,11.298787,3.2987871170043945
2025-11-19,SKU003,9,11.356736,2.356736183166504
2025-11-20,SKU003,9,11.326272,2.3262720108032227
2025-11-21,SKU003,16,15.727069,0.2729310989379883
2025-11-22,SKU003,25,16.548159,8.451841354370117
2025-11-23,SKU003,22,18.5441,3.455900192260742
2025-11-24,SKU003,10,14.943891,4.943890571594238
2025-11-25,SKU003,16,14.8509,1.1491003036499023
2025-11-26,SKU003,17,15.906875,1.093125343322754
2025-11-27,SKU003,18,15.374702,2.6252975463867188
2025-11-28,SKU003,15,17.423111,2.4231109619140625
2025-11-29,SKU003,16,18.047985,2.047985076904297
2025-11-30,SKU003,22,17.23079,4.7692108154296875
2025-12-01,SKU003,13,14.461008,1.461008071899414
2025-12-02,SKU003,16,15.12526,0.8747396469116211
2025-12-03,SKU003,14,14.698722,0.6987218856811523
2025-12-04,SKU003,12,12.996364,0.996363639831543
2025-12-05,SKU003,19,14.726196,4.2738037109375
2025-12-06,SKU003,11,13.555949,2.5559492111206055
2025-12-07,SKU003,15,12.823775,2.176224708557129
2025-12-08,SKU003,10,10.741577,0.7415771484375
2025-12-09,SKU003,10,10.991246,0.991246223449707
2025-12-10,SKU003,11,10.354034,0.645965576171875
2025-12-11,SKU003,10,10.4164095,0.4164094924926758
2025-12-12,SKU003,13,11.601857,1.3981428146362305
2025-12-13,SKU003,7,12.894408,5.894408226013184
2025-12-14,SKU003,8,13.063547,5.063547134399414
2025-12-15,SKU003,12,10.633952,1.3660478591918945
2025-12-16,SKU003,10,10.877492,0.8774919509887695
2025-12-17,SKU003,8,10.975019,2.9750194549560547
2025-12-18,SKU003,21,11.256751,9.74324893951416
2025-12-19,SKU003,11,12.970778,1.970778465270996
2025-12-20,SKU003,7,14.04036,7.040360450744629
2025-12-21,SKU003,10,13.971986,3.9719858169555664
2025-12-22,SKU003,9,11.291139,2.2911386489868164
2025-12-23,SKU003,11,11.417188,0.4171876907348633
2025-12-24,SKU003,10,11.548595,1.5485954284667969
2025-12-25,SKU003,7,11.56282,4.5628204345703125
2025-12-26,SKU003,10,12.053382,2.05338191986084
2025-12-27,SKU003,11,12.80404,1.8040399551391602
2025-12-28,SKU003,16,12.837706,3.162294387817383
2025-12-29,SKU003,12,10.594045,1.4059553146362305
2025-12-30,SKU003,8,10.708434,2.7084341049194336
2025-12-31,SKU003,9,10.47997,1.4799699783325195
2025-09-20,SKU004,10,9.144772,0.8552284240722656
2025-09-21,SKU004,10,9.311087,0.6889133453369141
2025-09-22,SKU004,7,7.4211855,0.4211854934692383
2025-09-23,SKU004,8,7.4708433,0.5291566848754883
2025-09-24,SKU004,10,7.188722,2.8112778663635254
2025-09-25,SKU004,7,7.494907,0.4949069023132324
2025-09-26,SKU004,9,8.406341,0.5936594009399414
2025-09-27,SKU004,7,9.634978,2.6349782943725586
2025-09-28,SKU004,8,9.825705,1.825704574584961
2025-09-29,SKU004,5,7.699434,2.6994338035583496
2025-09-30,SKU004,7,7.574576,0.5745759010314941
2025-10-01,SKU004,8,7.182962,0.8170380592346191
2025-10-02,SKU004,7,7.5424304,0.5424304008483887
2025-10-03,SKU004,10,8.516733,1.483266830444336
2025-10-04,SKU004,11,9.843135,1.156865119934082
2025-10-05,SKU004,13,10.343461,2.656538963317871
2025-10-06,SKU004,8,8.284445,0.28444480895996094
2025-10-07,SKU004,10,8.338205,1.661794662475586
2025-10-08,SKU004,9,8.087051,0.9129486083984375
2025-10-09,SKU004,9,8.372884,0.6271162033081055
2025-10-10,SKU004,8,9.457153,1.4571533203125
2025-10-11,SKU004,10,10.890447,0.890446662902832
2025-10-12,SKU004,13,11.464797,1.535202980041504
2025-10-13,SKU004,10,9.018668,0.9813318252563477
2025-10-14,SKU004,6,9.033724,3.033723831176758
2025-10-15,SKU004,9,8.607306,0.39269447326660156
2025-10-16,SKU004,7,8.806939,1.8069391250610352
2025-10-17,SKU004,7,9.736356,2.736355781555176
2025-10-18,SKU004,10,11.062471,1.0624713897705078
2025-10-19,SKU004,11,11.639559,0.6395587921142578
2025-10-20,SKU004,30,9.053724,20.94627571105957
2025-10-21,SKU004,13,12.013972,0.986027717590332
2025-10-22,SKU004,11,11.718755,0.718754768371582
2025-10-23,SKU004,11,13.15715,2.1571502685546875
2025-10-24,SKU004,6,15.567241,9.567240715026855
2025-10-25,SKU004,18,15.005074,2.9949264526367188
2025-10-26,SKU004,12,15.380637,3.3806371688842773
2025-10-27,SKU004,10,12.545714,2.5457143783569336
2025-10-28,SKU004,8,12.714016,4.714015960693359
2025-10-29,SKU004,12,11.858012,0.14198780059814453
2025-10-30,SKU004,12,10.777072,1.2229280471801758
2025-10-31,SKU004,16,12.311974,3.6880264282226562
2025-11-01,SKU004,18,11.782564,6.217435836791992
2025-11-02,SKU004,12,13.764188,1.7641878128051758
2025-11-03,SKU004,12,11.632023,0.3679771423339844
2025-11-04,SKU004,10,11.1372175,1.1372175216674805
2025-11-05,SKU004,9,9.324963,0.3249626159667969
2025-11-06,SKU004,11,9.010834,1.989166259765625
2025-11-07,SKU004,11,8.701008,2.298992156982422
2025-11-08,SKU004,12,9.407497,2.5925025939941406
2025-11-09,SKU004,7,10.295278,3.2952775955200195
2025-11-10,SKU004,9,8.466865,0.5331354141235352
2025-11-11,SKU004,8,8.542013,0.5420131683349609
2025-11-12,SKU004,9,8.251873,0.7481269836425781
2025-11-13,SKU004,5,8.509717,3.5097169876098633
2025-11-14,SKU004,11,9.475741,1.5242586135864258
2025-11-15,SKU004,6,10.412816,4.412816047668457
2025-11-16,SKU004,10,10.515845,0.5158452987670898
2025-11-17,SKU004,9,8.6314745,0.36852550506591797
2025-11-18,SKU004,10,8.986106,1.0138940811157227
2025-11-19,SKU004,9,9.332387,0.33238697052001953
2025-11-20,SKU004,14,9.095938,4.904062271118164
2025-11-21,SKU004,16,13.729467,2.2705326080322266
2025-11-22,SKU004,13,14.738063,1.738062858581543
2025-11-23,SKU004,11,15.425332,4.425332069396973
2025-11-24,SKU004,13,12.274751,0.7252492904663086
2025-11-25,SKU004,9,12.49962,3.4996204376220703
2025-11-26,SKU004,12,13.452181,1.4521808624267578
2025-11-27,SKU004,11,13.358096,2.358096122741699
2025-11-28,SKU004,14,14.699957,0.6999568939208984
2025-11-29,SKU004,14,15.307059,1.3070592880249023
2025-11-30,SKU004,20,15.268253,4.731746673583984
2025-12-01,SKU004,14,12.610606,1.3893938064575195
2025-12-02,SKU004,14,13.197686,0.8023138046264648
2025-12-03,SKU004,12,12.957622,0.9576215744018555
2025-12-04,SKU004,16,11.963859,4.036141395568848
2025-12-05,SKU004,20,13.364549,6.635451316833496
2025-12-06,SKU004,11,11.704068,0.7040681838989258
2025-12-07,SKU004,11,11.086022,0.08602237701416016
2025-12-08,SKU004,9,9.226439,0.2264394760131836
2025-12-09,SKU004,7,9.202804,2.202803611755371
2025-12-10,SKU004,5,8.802402,3.802401542663574
2025-12-11,SKU004,8,8.874804,0.8748035430908203
2025-12-12,SKU004,11,9.717818,1.282181739807129
2025-12-13,SKU004,14,10.750426,3.2495737075805664
2025-12-14,SKU004,14,11.540767,2.459233283996582
2025-12-15,SKU004,8,9.572728,1.572728157043457
2025-12-16,SKU004,8,9.886729,1.8867292404174805
2025-12-17,SKU004,10,9.810549,0.1894512176513672
2025-12-18,SKU004,7,9.927868,2.927867889404297
2025-12-19,SKU004,7,10.600366,3.60036563873291
2025-12-20,SKU004,11,11.402146,0.4021463394165039
2025-12-21,SKU004,12,11.469112,0.5308876037597656
2025-12-22,SKU004,9,9.348405,0.3484048843383789
2025-12-23,SKU004,8,9.662261,1.6622610092163086
2025-12-24,SKU004,9,10.025746,1.0257463455200195
2025-12-25,SKU004,9,9.988542,0.9885416030883789
2025-12-26,SKU004,10,10.666944,0.6669435501098633
2025-12-27,SKU004,10,11.514863,1.5148630142211914
2025-12-28,SKU004,11,11.730128,0.730128288269043
2025-12-29,SKU004,7,9.552144,2.5521440505981445
2025-12-30,SKU004,9,9.720092,0.7200918197631836
2025-12-31,SKU004,5,9.465772,4.465771675109863
2025-09-20,SKU005,9,9.337648,0.3376483917236328
2025-09-21,SKU005,8,9.402347,1.4023466110229492
2025-09-22,SKU005,6,7.5927033,1.5927033424377441
2025-09-23,SKU005,5,7.6859417,2.685941696166992
2025-09-24,SKU005,7,7.3099227,0.3099226951599121
2025-09-25,SKU005,5,7.4654098,2.465409755706787
2025-09-26,SKU005,8,8.174327,0.17432689666748047
2025-09-27,SKU005,8,9.175851,1.1758508682250977
2025-09-28,SKU005,12,9.103509,2.896491050720215
2025-09-29,SKU005,7,7.4258265,0.4258265495300293
2025-09-30,SKU005,7,7.613744,0.613743782043457
2025-10-01,SKU005,9,7.262609,1.7373909950256348
2025-10-02,SKU005,7,7.5765257,0.5765256881713867
2025-10-03,SKU005,6,8.509618,2.509617805480957
2025-10-04,SKU005,10,9.579249,0.42075061798095703
2025-10-05,SKU005,11,9.839123,1.1608772277832031
2025-10-06,SKU005,10,7.9779563,2.0220437049865723
2025-10-07,SKU005,7,8.215971,1.2159709930419922
2025-10-08,SKU005,15,7.879358,7.120642185211182
2025-10-09,SKU005,7,8.319292,1.3192920684814453
2025-10-10,SKU005,9,9.144595,0.14459514617919922
2025-10-11,SKU005,10,10.546708,0.5467081069946289
2025-10-12,SKU005,21,10.88645,10.113550186157227
2025-10-13,SKU005,8,9.100169,1.1001691818237305
2025-10-14,SKU005,10,9.222195,0.7778053283691406
2025-10-15,SKU005,8,8.911383,0.9113826751708984
2025-10-16,SKU005,9,9.00204,0.0020399093627929688
2025-10-17,SKU005,11,9.932353,1.0676469802856445
2025-10-18,SKU005,11,11.492024,0.49202442169189453
2025-10-19,SKU005,10,12.023284,2.0232839584350586
2025-10-20,SKU005,9,9.516841,0.516840934753418
2025-10-21,SKU005,9,11.824914,2.82491397857666
2025-10-22,SKU005,8,12.215144,4.215144157409668
2025-10-23,SKU005,12,12.662027,0.6620273590087891
2025-10-24,SKU005,8,14.991499,6.991498947143555
2025-10-25,SKU005,12,14.66202,2.662019729614258
2025-10-26,SKU005,10,14.458342,4.458341598510742
2025-10-27,SKU005,12,11.827614,0.17238616943359375
2025-10-28,SKU005,16,12.540759,3.4592409133911133
2025-10-29,SKU005,12,12.021468,0.021468162536621094
2025-10-30,SKU005,10,10.693923,0.6939229965209961
2025-10-31,SKU005,13,12.932602,0.0673980712890625
2025-11-01,SKU005,15,11.980724,3.019275665283203
2025-11-02,SKU005,21,13.437306,7.5626935958862305
2025-11-03,SKU005,6,11.587087,5.5870866775512695
2025-11-04,SKU005,11,11.177577,0.17757701873779297
2025-11-05,SKU005,14,9.253068,4.746932029724121
2025-11-06,SKU005,10,8.703829,1.2961711883544922
2025-11-07,SKU005,9,8.640049,0.3599510192871094
2025-11-08,SKU005,13,9.429694,3.570305824279785
2025-11-09,SKU005,13,10.209882,2.7901182174682617
2025-11-10,SKU005,8,8.544076,0.5440759658813477
2025-11-11,SKU005,10,8.777132,1.2228679656982422
2025-11-12,SKU005,6,8.261833,2.2618331909179688
2025-11-13,SKU005,8,8.468885,0.4688854217529297
2025-11-14,SKU005,9,9.586587,0.5865869522094727
2025-11-15,SKU005,9,10.577811,1.5778112411499023
2025-11-16,SKU005,8,10.622039,2.6220388412475586
2025-11-17,SKU005,10,8.6182165,1.3817834854125977
2025-11-18,SKU005,8,8.845336,0.8453359603881836
2025-11-19,SKU005,8,9.111486,1.1114864349365234
2025-11-20,SKU005,9,9.199639,0.19963932037353516
2025-11-21,SKU005,15,13.644914,1.355086326599121
2025-11-22,SKU005,19,14.7185135,4.281486511230469
2025-11-23,SKU005,16,15.700698,0.2993021011352539
2025-11-24,SKU005,9,12.428525,3.428524971008301
2025-11-25,SKU005,11,12.513898,1.5138978958129883
2025-11-26,SKU005,10,13.741377,3.7413768768310547
2025-11-27,SKU005,15,13.1245775,1.875422477722168
2025-11-28,SKU005,17,14.450308,2.549692153930664
2025-11-29,SKU005,12,15.30141,3.3014097213745117
2025-11-30,SKU005,14,14.936816,0.9368162155151367
2025-12-01,SKU005,8,12.224021,4.224020957946777
2025-12-02,SKU005,13,12.770461,0.2295389175415039
2025-12-03,SKU005,14,12.666604,1.3333959579467773
2025-12-04,SKU005,13,11.826993,1.1730070114135742
2025-12-05,SKU005,14,12.845191,1.1548089981079102
2025-12-06,SKU005,11,11.804858,0.8048582077026367
2025-12-07,SKU005,9,10.735641,1.735640525817871
2025-12-08,SKU005,6,8.915625,2.9156246185302734
2025-12-09,SKU005,7,8.731257,1.731257438659668
2025-12-10,SKU005,12,7.988176,4.011824131011963
2025-12-11,SKU005,9,8.16316,0.8368396759033203
2025-12-12,SKU005,9,9.094711,0.0947113037109375
2025-12-13,SKU005,15,10.301729,4.698270797729492
2025-12-14,SKU005,8,10.793447,2.7934465408325195
2025-12-15,SKU005,9,8.880485,0.11951541900634766
2025-12-16,SKU005,11,9.077566,1.922433853149414
2025-12-17,SKU005,8,9.275934,1.2759342193603516
2025-12-18,SKU005,9,9.360495,0.36049461364746094
2025-12-19,SKU005,8,10.302407,2.3024072647094727
2025-12-20,SKU005,10,11.316459,1.3164587020874023
2025-12-21,SKU005,14,11.354203,2.645796775817871
2025-12-22,SKU005,8,9.302635,1.3026351928710938
2025-12-23,SKU005,10,9.392758,0.6072416305541992
2025-12-24,SKU005,6,9.668654,3.668654441833496
2025-12-25,SKU005,10,9.607624,0.3923759460449219
2025-12-26,SKU005,9,10.265812,1.2658119201660156
2025-12-27,SKU005,12,11.187713,0.8122873306274414
2025-12-28,SKU005,13,11.426492,1.5735082626342773
2025-12-29,SKU005,8,9.238785,1.2387847900390625
2025-12-30,SKU005,9,9.196853,0.1968526840209961
2025-12-31,SKU005,11,9.219528,1.7804718017578125
2025-09-20,SKU006,9,7.6973577,1.3026423454284668
2025-09-21,SKU006,6,7.9641595,1.9641594886779785
2025-09-22,SKU006,6,6.2352815,0.23528146743774414
2025-09-23,SKU006,5,6.039686,1.0396862030029297
2025-09-24,SKU006,5,5.780129,0.7801289558410645
2025-09-25,SKU006,7,5.932184,1.0678157806396484
2025-09-26,SKU006,8,6.650495,1.3495049476623535
2025-09-27,SKU006,8,7.9309015,0.06909847259521484
2025-09-28,SKU006,7,8.226404,1.2264041900634766
2025-09-29,SKU006,5,6.4296956,1.4296956062316895
2025-09-30,SKU006,6,6.1717486,0.17174863815307617
2025-10-01,SKU006,7,5.913686,1.0863142013549805
2025-10-02,SKU006,4,6.17666,2.1766600608825684
2025-10-03,SKU006,6,6.931835,0.9318351745605469
2025-10-04,SKU006,11,8.225787,2.7742128372192383
2025-10-05,SKU006,9,8.800755,0.19924545288085938
2025-10-06,SKU006,6,7.014218,1.0142178535461426
2025-10-07,SKU006,8,6.7317824,1.2682175636291504
2025-10-08,SKU006,6,6.4570856,0.45708560943603516
2025-10-09,SKU006,7,6.627065,0.37293481826782227
2025-10-10,SKU006,8,7.5067677,0.49323225021362305
2025-10-11,SKU006,7,9.030405,2.030405044555664
2025-10-12,SKU006,9,9.551894,0.5518941879272461
2025-10-13,SKU006,5,7.520696,2.5206961631774902
2025-10-14,SKU006,5,7.2072673,2.2072672843933105
2025-10-15,SKU006,6,6.7274537,0.7274537086486816
2025-10-16,SKU006,7,6.879884,0.1201162338256836
2025-10-17,SKU006,8,7.7311945,0.26880550384521484
2025-10-18,SKU006,8,9.1648445,1.1648445129394531
2025-10-19,SKU006,8,9.767375,1.7673749923706055
2025-10-20,SKU006,10,7.632797,2.3672032356262207
2025-10-21,SKU006,7,9.628416,2.628416061401367
2025-10-22,SKU006,8,9.580531,1.580531120300293
2025-10-23,SKU006,12,9.926478,2.073521614074707
2025-10-24,SKU006,10,12.500462,2.5004615783691406
2025-10-25,SKU006,9,11.81948,2.8194799423217773
2025-10-26,SKU006,12,11.589866,0.41013431549072266
2025-10-27,SKU006,15,9.663194,5.336806297302246
2025-10-28,SKU006,12,10.45848,1.541520118713379
2025-10-29,SKU006,10,9.857196,0.14280414581298828
2025-10-30,SKU006,7,8.448453,1.4484529495239258
2025-10-31,SKU006,7,10.182391,3.1823911666870117
2025-11-01,SKU006,11,9.690419,1.3095808029174805
2025-11-02,SKU006,12,10.402911,1.5970888137817383
2025-11-03,SKU006,11,8.996754,2.003246307373047
2025-11-04,SKU006,12,8.848448,3.151552200317383
2025-11-05,SKU006,9,7.758608,1.2413921356201172
2025-11-06,SKU006,8,7.1964765,0.8035235404968262
2025-11-07,SKU006,8,7.2736216,0.7263784408569336
2025-11-08,SKU006,8,8.160522,0.1605224609375
2025-11-09,SKU006,10,8.453373,1.5466270446777344
2025-11-10,SKU006,5,6.941061,1.941061019897461
2025-11-11,SKU006,5,6.8444405,1.8444404602050781
2025-11-12,SKU006,8,6.571667,1.428332805633545
2025-11-13,SKU006,5,6.772163,1.772162914276123
2025-11-14,SKU006,7,7.513748,0.5137481689453125
2025-11-15,SKU006,11,8.349708,2.65029239654541
2025-11-16,SKU006,10,8.457138,1.5428619384765625
2025-11-17,SKU006,5,6.8464217,1.846421718597412
2025-11-18,SKU006,8,6.867063,1.132936954498291
2025-11-19,SKU006,8,7.2618513,0.7381486892700195
2025-11-20,SKU006,11,7.2268806,3.7731194496154785
2025-11-21,SKU006,12,10.930512,1.0694875717163086
2025-11-22,SKU006,16,12.017493,3.98250675201416
2025-11-23,SKU006,14,13.379375,0.6206245422363281
2025-11-24,SKU006,10,10.630736,0.6307363510131836
2025-11-25,SKU006,8,10.969975,2.969975471496582
2025-11-26,SKU006,6,11.816738,5.816738128662109
2025-11-27,SKU006,9,10.975017,1.9750165939331055
2025-11-28,SKU006,15,12.029859,2.9701414108276367
2025-11-29,SKU006,15,12.732851,2.267148971557617
2025-11-30,SKU006,9,12.224519,3.2245187759399414
2025-12-01,SKU006,11,10.133675,0.8663253784179688
2025-12-02,SKU006,10,10.8140335,0.8140335083007812
2025-12-03,SKU006,8,11.243125,3.2431249618530273
2025-12-04,SKU006,12,9.894672,2.105327606201172
2025-12-05,SKU006,12,10.668349,1.331650733947754
2025-12-06,SKU006,7,10.300144,3.3001441955566406
2025-12-07,SKU006,9,9.202848,0.2028484344482422
2025-12-08,SKU006,3,7.5782266,4.578226566314697
2025-12-09,SKU006,6,7.2921824,1.292182445526123
2025-12-10,SKU006,8,6.7817945,1.218205451965332
2025-12-11,SKU006,5,7.0611835,2.061183452606201
2025-12-12,SKU006,6,7.716573,1.7165732383728027
2025-12-13,SKU006,7,8.488265,1.488265037536621
2025-12-14,SKU006,9,8.581787,0.418212890625
2025-12-15,SKU006,4,6.9229517,2.9229516983032227
2025-12-16,SKU006,8,6.7122397,1.2877602577209473
2025-12-17,SKU006,7,6.7036977,0.29630231857299805
2025-12-18,SKU006,7,6.977748,0.02225208282470703
2025-12-19,SKU006,7,7.558077,0.5580768585205078
2025-12-20,SKU006,8,8.421431,0.4214305877685547
2025-12-21,SKU006,10,8.392217,1.607783317565918
2025-12-22,SKU006,7,6.538614,0.46138620376586914
2025-12-23,SKU006,6,6.55999,0.5599899291992188
2025-12-24,SKU006,9,6.7745433,2.225456714630127
2025-12-25,SKU006,8,6.8171124,1.1828875541687012
2025-12-26,SKU006,9,7.46188,1.5381197929382324
2025-12-27,SKU006,9,8.694547,0.3054533004760742
2025-12-28,SKU006,6,9.004711,3.004711151123047
2025-12-29,SKU006,6,6.9110103,0.9110102653503418
2025-12-30,SKU006,5,6.458178,1.4581780433654785
2025-12-31,SKU006,7,6.408077,0.5919232368469238
2025-09-20,SKU007,6,7.2182837,1.2182836532592773
2025-09-21,SKU007,5,7.1421266,2.1421265602111816
2025-09-22,SKU007,6,5.7207465,0.2792534828186035
2025-09-23,SKU007,5,5.687727,0.6877269744873047
2025-09-24,SKU007,7,5.4455853,1.5544147491455078
2025-09-25,SKU007,6,5.725851,0.27414894104003906
2025-09-26,SKU007,6,6.478787,0.4787869453430176
2025-09-27,SKU007,9,7.450369,1.549631118774414
2025-09-28,SKU007,6,7.511362,1.511362075805664
2025-09-29,SKU007,4,6.027557,2.027556896209717
2025-09-30,SKU007,5,5.9291205,0.9291205406188965
2025-10-01,SKU007,7,5.6246047,1.3753952980041504
2025-10-02,SKU007,4,5.9605484,1.9605484008789062
2025-10-03,SKU007,8,6.6382556,1.3617444038391113
2025-10-04,SKU007,6,7.8013883,1.8013882637023926
2025-10-05,SKU007,4,7.8243527,3.824352741241455
2025-10-06,SKU007,7,6.1700263,0.8299736976623535
2025-10-07,SKU007,9,6.112186,2.8878140449523926
2025-10-08,SKU007,6,5.9486575,0.05134248733520508
2025-10-09,SKU007,7,6.211683,0.7883172035217285
2025-10-10,SKU007,9,7.1161733,1.883826732635498
2025-10-11,SKU007,9,8.512681,0.4873189926147461
2025-10-12,SKU007,9,8.786298,0.21370220184326172
2025-10-13,SKU007,8,7.0952344,0.9047656059265137
2025-10-14,SKU007,6,7.1843348,1.1843347549438477
2025-10-15,SKU007,7,6.808767,0.19123315811157227
2025-10-16,SKU007,4,7.045733,3.0457329750061035
2025-10-17,SKU007,9,7.773626,1.2263741493225098
2025-10-18,SKU007,5,9.049384,4.049384117126465
2025-10-19,SKU007,5,9.049175,4.049175262451172
2025-10-20,SKU007,7,7.128944,0.12894392013549805
2025-10-21,SKU007,4,9.236924,5.236924171447754
2025-10-22,SKU007,11,9.026255,1.973745346069336
2025-10-23,SKU007,8,9.645808,1.645808219909668
2025-10-24,SKU007,8,11.370574,3.3705739974975586
2025-10-25,SKU007,14,11.0909195,2.9090805053710938
2025-10-26,SKU007,14,11.278237,2.7217626571655273
2025-10-27,SKU007,11,9.4403,1.5597000122070312
2025-10-28,SKU007,9,9.820614,0.8206138610839844
2025-10-29,SKU007,10,8.821171,1.1788291931152344
2025-10-30,SKU007,11,7.828169,3.1718311309814453
2025-10-31,SKU007,13,9.681689,3.3183107376098633
2025-11-01,SKU007,13,9.282147,3.7178525924682617
2025-11-02,SKU007,13,10.672793,2.327206611633301
2025-11-03,SKU007,10,9.084161,0.9158391952514648
2025-11-04,SKU007,11,8.8224325,2.177567481994629
2025-11-05,SKU007,10,7.478704,2.5212960243225098
2025-11-06,SKU007,8,7.061173,0.9388270378112793
2025-11-07,SKU007,7,7.138436,0.13843584060668945
2025-11-08,SKU007,8,8.002394,0.0023937225341796875
2025-11-09,SKU007,7,8.387411,1.387411117553711
2025-11-10,SKU007,6,6.854297,0.8542971611022949
2025-11-11,SKU007,8,6.7640057,1.2359943389892578
2025-11-12,SKU007,7,6.513172,0.4868278503417969
2025-11-13,SKU007,7,6.726381,0.2736191749572754
2025-11-14,SKU007,9,7.7122073,1.287792682647705
2025-11-15,SKU007,11,8.763563,2.2364368438720703
2025-11-16,SKU007,5,8.997541,3.9975414276123047
2025-11-17,SKU007,7,7.1716604,0.1716604232788086
2025-11-18,SKU007,7,7.238458,0.23845815658569336
2025-11-19,SKU007,7,7.593635,0.593635082244873
2025-11-20,SKU007,13,7.662177,5.337822914123535
2025-11-21,SKU007,12,12.301875,0.30187511444091797
2025-11-22,SKU007,15,13.128974,1.8710260391235352
2025-11-23,SKU007,11,14.115787,3.115786552429199
2025-11-24,SKU007,7,10.899924,3.8999242782592773
2025-11-25,SKU007,13,10.983717,2.0162830352783203
2025-11-26,SKU007,10,12.250801,2.2508010864257812
2025-11-27,SKU007,7,11.426141,4.426140785217285
2025-11-28,SKU007,9,12.526757,3.52675724029541
2025-11-29,SKU007,9,13.078929,4.0789289474487305
2025-11-30,SKU007,9,12.386454,3.386453628540039
2025-12-01,SKU007,8,10.018457,2.0184574127197266
2025-12-02,SKU007,9,10.415148,1.4151477813720703
2025-12-03,SKU007,8,10.351153,2.3511533737182617
2025-12-04,SKU007,11,9.11774,1.8822603225708008
2025-12-05,SKU007,24,9.966054,14.03394603729248
2025-12-06,SKU007,7,10.07527,3.0752696990966797
2025-12-07,SKU007,7,9.163876,2.1638755798339844
2025-12-08,SKU007,6,7.4955263,1.4955263137817383
2025-12-09,SKU007,8,7.1225305,0.877469539642334
2025-12-10,SKU007,4,6.495697,2.495697021484375
2025-12-11,SKU007,6,6.7112184,0.7112183570861816
2025-12-12,SKU007,7,7.440848,0.44084787368774414
2025-12-13,SKU007,6,8.368382,2.368382453918457
2025-12-14,SKU007,4,8.418234,4.418233871459961
2025-12-15,SKU007,7,6.7125297,0.28747034072875977
2025-12-16,SKU007,6,6.583727,0.5837268829345703
2025-12-17,SKU007,7,6.5737247,0.42627525329589844
2025-12-18,SKU007,8,6.733195,1.2668051719665527
2025-12-19,SKU007,10,7.4844003,2.5155997276306152
2025-12-20,SKU007,9,8.68133,0.31867027282714844
2025-12-21,SKU007,7,8.711464,1.7114639282226562
2025-12-22,SKU007,4,6.7304316,2.73043155670166
2025-12-23,SKU007,5,6.531738,1.5317378044128418
2025-12-24,SKU007,11,6.6546702,4.345329761505127
2025-12-25,SKU007,7,6.943872,0.05612802505493164
2025-12-26,SKU007,6,7.4870152,1.4870152473449707
2025-12-27,SKU007,9,8.53577,0.4642295837402344
2025-12-28,SKU007,8,9.030957,1.0309572219848633
2025-12-29,SKU007,5,7.1726346,2.1726346015930176
2025-12-30,SKU007,6,6.881362,0.8813619613647461
2025-12-31,SKU007,6,6.7147336,0.7147336006164551
2025-09-20,SKU008,6,7.7156234,1.715623378753662
2025-09-21,SKU008,5,7.654702,2.6547021865844727
2025-09-22,SKU008,3,6.0700426,3.070042610168457
2025-09-23,SKU008,6,5.8074827,0.19251728057861328
2025-09-24,SKU008,6,5.5932174,0.4067826271057129
2025-09-25,SKU008,5,5.741954,0.7419538497924805
2025-09-26,SKU008,7,6.3628697,0.6371302604675293
2025-09-27,SKU008,6,7.472538,1.4725379943847656
2025-09-28,SKU008,7,7.415831,0.4158310890197754
2025-09-29,SKU008,4,5.9475656,1.9475655555725098
2025-09-30,SKU008,6,5.758349,0.24165105819702148
2025-10-01,SKU008,8,5.541462,2.458538055419922
2025-10-02,SKU008,7,5.850837,1.149162769317627
2025-10-03,SKU008,10,6.662084,3.3379158973693848
2025-10-04,SKU008,8,8.16698,0.16697978973388672
2025-10-05,SKU008,7,8.383313,1.3833131790161133
2025-10-06,SKU008,6,6.753358,0.7533578872680664
2025-10-07,SKU008,7,6.6276555,0.3723444938659668
2025-10-08,SKU008,9,6.4094825,2.590517520904541
2025-10-09,SKU008,6,6.7060547,0.7060546875
2025-10-10,SKU008,7,7.5905557,0.5905556678771973
2025-10-11,SKU008,9,8.946036,0.053963661193847656
2025-10-12,SKU008,6,9.294214,3.2942142486572266
2025-10-13,SKU008,6,7.4153724,1.415372371673584
2025-10-14,SKU008,6,7.2027526,1.2027525901794434
2025-10-15,SKU008,6,6.8207207,0.8207206726074219
2025-10-16,SKU008,6,6.929248,0.9292478561401367
2025-10-17,SKU008,8,7.7431793,0.2568206787109375
2025-10-18,SKU008,8,9.140753,1.1407527923583984
2025-10-19,SKU008,7,9.422666,2.422665596008301
2025-10-20,SKU008,10,7.5273848,2.4726152420043945
2025-10-21,SKU008,11,9.923375,1.076624870300293
2025-10-22,SKU008,10,9.8908415,0.10915851593017578
2025-10-23,SKU008,11,10.274194,0.7258062362670898
2025-10-24,SKU008,11,13.239587,2.23958683013916
2025-10-25,SKU008,14,12.493337,1.5066633224487305
2025-10-26,SKU008,14,12.093121,1.9068794250488281
2025-10-27,SKU008,9,10.447152,1.4471521377563477
2025-10-28,SKU008,8,11.088851,3.088850975036621
2025-10-29,SKU008,11,10.478212,0.5217876434326172
2025-10-30,SKU008,10,9.111031,0.8889694213867188
2025-10-31,SKU008,9,11.0993805,2.0993804931640625
2025-11-01,SKU008,13,10.803981,2.196019172668457
2025-11-02,SKU008,11,11.208909,0.2089090347290039
2025-11-03,SKU008,12,9.651946,2.3480539321899414
2025-11-04,SKU008,8,9.721053,1.721053123474121
2025-11-05,SKU008,9,8.205983,0.7940168380737305
2025-11-06,SKU008,7,7.453254,0.45325422286987305
2025-11-07,SKU008,6,7.6433516,1.6433515548706055
2025-11-08,SKU008,10,8.3179455,1.6820545196533203
2025-11-09,SKU008,26,8.399704,17.600296020507812
2025-11-10,SKU008,7,7.6772876,0.6772875785827637
2025-11-11,SKU008,8,7.72698,0.27301979064941406
2025-11-12,SKU008,7,7.3191357,0.3191356658935547
2025-11-13,SKU008,4,7.264302,3.2643017768859863
2025-11-14,SKU008,8,8.109198,0.10919761657714844
2025-11-15,SKU008,11,9.004405,1.9955949783325195
2025-11-16,SKU008,6,8.987651,2.9876508712768555
2025-11-17,SKU008,3,7.321199,4.3211989402771
2025-11-18,SKU008,7,7.156141,0.15614080429077148
2025-11-19,SKU008,5,7.504454,2.5044541358947754
2025-11-20,SKU008,11,7.303784,3.696216106414795
2025-11-21,SKU008,14,10.957776,3.0422239303588867
2025-11-22,SKU008,16,11.937062,4.0629377365112305
2025-11-23,SKU008,11,13.648912,2.6489124298095703
2025-11-24,SKU008,10,10.607927,0.6079273223876953
2025-11-25,SKU008,8,10.586789,2.586789131164551
2025-11-26,SKU008,7,11.100156,4.100155830383301
2025-11-27,SKU008,11,10.2300625,0.7699375152587891
2025-11-28,SKU008,10,11.79298,1.7929801940917969
2025-11-29,SKU008,13,12.276273,0.7237272262573242
2025-11-30,SKU008,18,11.693482,6.306517601013184
2025-12-01,SKU008,10,10.306375,0.30637454986572266
2025-12-02,SKU008,11,10.6354685,0.3645315170288086
2025-12-03,SKU008,13,10.417935,2.582064628601074
2025-12-04,SKU008,9,8.96387,0.03612995147705078
2025-12-05,SKU008,14,10.39138,3.6086196899414062
2025-12-06,SKU008,10,10.868093,0.8680925369262695
2025-12-07,SKU008,5,9.732581,4.73258113861084
2025-12-08,SKU008,6,8.02642,2.0264196395874023
2025-12-09,SKU008,11,7.6878457,3.3121542930603027
2025-12-10,SKU008,7,7.010437,0.01043701171875
2025-12-11,SKU008,7,7.1590495,0.15904951095581055
2025-12-12,SKU008,7,7.982002,0.982001781463623
2025-12-13,SKU008,7,8.909245,1.9092445373535156
2025-12-14,SKU008,7,8.941289,1.941288948059082
2025-12-15,SKU008,9,7.2976527,1.7023472785949707
2025-12-16,SKU008,6,7.2704496,1.2704496383666992
2025-12-17,SKU008,8,7.03855,0.9614500999450684
2025-12-18,SKU008,8,7.2612395,0.7387604713439941
2025-12-19,SKU008,8,8.150599,0.15059852600097656
2025-12-20,SKU008,8,9.330138,1.3301382064819336
2025-12-21,SKU008,5,9.234328,4.234328269958496
2025-12-22,SKU008,8,7.161734,0.8382658958435059
2025-12-23,SKU008,8,6.826718,1.1732821464538574
2025-12-24,SKU008,8,7.2067237,0.793276309967041
2025-12-25,SKU008,7,7.189546,0.1895461082458496
2025-12-26,SKU008,7,7.8890796,0.8890795707702637
2025-12-27,SKU008,13,9.221788,3.7782115936279297
2025-12-28,SKU008,6,9.965015,3.965015411376953
2025-12-29,SKU008,7,7.909681,0.9096808433532715
2025-12-30,SKU008,8,7.3621974,0.6378026008605957
2025-12-31,SKU008,4,7.4483533,3.4483532905578613
2025-09-20,SKU009,15,14.135269,0.8647308349609375
2025-09-21,SKU009,14,15.293726,1.2937259674072266
2025-09-22,SKU009,6,11.5743475,5.574347496032715
2025-09-23,SKU009,8,11.328328,3.3283281326293945
2025-09-24,SKU009,11,11.032119,0.032118797302246094
2025-09-25,SKU009,8,11.094276,3.0942764282226562
2025-09-26,SKU009,10,11.970704,1.9707040786743164
2025-09-27,SKU009,14,13.680277,0.31972312927246094
2025-09-28,SKU009,16,14.661365,1.3386354446411133
2025-09-29,SKU009,13,11.240747,1.7592525482177734
2025-09-30,SKU009,10,11.278348,1.2783479690551758
2025-10-01,SKU009,15,11.066343,3.933656692504883
2025-10-02,SKU009,17,11.470054,5.529946327209473
2025-10-03,SKU009,13,13.12197,0.12197017669677734
2025-10-04,SKU009,18,15.747989,2.252011299133301
2025-10-05,SKU009,18,17.820475,0.17952537536621094
2025-10-06,SKU009,14,13.136842,0.8631582260131836
2025-10-07,SKU009,14,13.140127,0.8598728179931641
2025-10-08,SKU009,31,13.186279,17.813720703125
2025-10-09,SKU009,12,14.124634,2.1246337890625
2025-10-10,SKU009,14,15.074872,1.0748720169067383
2025-10-11,SKU009,20,19.161861,0.8381385803222656
2025-10-12,SKU009,18,22.732428,4.732427597045898
2025-10-13,SKU009,14,15.973678,1.973677635192871
2025-10-14,SKU009,7,15.658771,8.658770561218262
2025-10-15,SKU009,13,15.010989,2.010989189147949
2025-10-16,SKU009,16,14.892474,1.1075258255004883
2025-10-17,SKU009,18,16.748533,1.2514667510986328
2025-10-18,SKU009,18,21.214256,3.2142562866210938
2025-10-19,SKU009,15,24.74129,9.741289138793945
2025-10-20,SKU009,19,16.618458,2.381542205810547
2025-10-21,SKU009,23,19.179665,3.8203353881835938
2025-10-22,SKU009,19,20.67085,1.6708507537841797
2025-10-23,SKU009,20,21.708035,1.7080345153808594
2025-10-24,SKU009,24,27.818226,3.818225860595703
2025-10-25,SKU009,25,26.05803,1.0580291748046875
2025-10-26,SKU009,30,27.944569,2.055431365966797
2025-10-27,SKU009,16,22.970934,6.97093391418457
2025-10-28,SKU009,18,23.609053,5.609052658081055
2025-10-29,SKU009,11,17.318909,6.31890869140625
2025-10-30,SKU009,11,17.487164,6.487163543701172
2025-10-31,SKU009,20,19.366035,0.6339645385742188
2025-11-01,SKU009,20,18.820745,1.1792545318603516
2025-11-02,SKU009,33,24.524094,8.475906372070312
2025-11-03,SKU009,20,20.876148,0.8761482238769531
2025-11-04,SKU009,16,20.002184,4.00218391418457
2025-11-05,SKU009,20,14.428205,5.571795463562012
2025-11-06,SKU009,26,16.85832,9.141679763793945
2025-11-07,SKU009,11,15.073014,4.073014259338379
2025-11-08,SKU009,18,15.189161,2.8108386993408203
2025-11-09,SKU009,17,17.40406,0.40406036376953125
2025-11-10,SKU009,10,14.068845,4.068844795227051
2025-11-11,SKU009,15,13.917949,1.0820512771606445
2025-11-12,SKU009,11,13.380895,2.380894660949707
2025-11-13,SKU009,13,13.342008,0.3420076370239258
2025-11-14,SKU009,18,15.096847,2.903153419494629
2025-11-15,SKU009,23,16.643402,6.356597900390625
2025-11-16,SKU009,18,17.724426,0.27557373046875
2025-11-17,SKU009,16,14.54548,1.4545202255249023
2025-11-18,SKU009,15,14.724187,0.27581310272216797
2025-11-19,SKU009,11,14.76871,3.768710136413574
2025-11-20,SKU009,22,14.588018,7.411981582641602
2025-11-21,SKU009,17,21.098944,4.098943710327148
2025-11-22,SKU009,34,23.323536,10.676464080810547
2025-11-23,SKU009,18,27.643938,9.643938064575195
2025-11-24,SKU009,9,21.788063,12.788063049316406
2025-11-25,SKU009,19,20.537699,1.537698745727539
2025-11-26,SKU009,19,22.553383,3.5533828735351562
2025-11-27,SKU009,13,22.462944,9.462944030761719
2025-11-28,SKU009,24,25.773064,1.7730636596679688
2025-11-29,SKU009,26,27.198801,1.198801040649414
2025-11-30,SKU009,21,27.866655,6.866655349731445
2025-12-01,SKU009,11,23.62273,12.622730255126953
2025-12-02,SKU009,19,24.063667,5.063667297363281
2025-12-03,SKU009,19,23.554031,4.5540313720703125
2025-12-04,SKU009,24,22.630573,1.3694267272949219
2025-12-05,SKU009,25,25.46695,0.466949462890625
2025-12-06,SKU009,20,18.865025,1.1349754333496094
2025-12-07,SKU009,15,17.699703,2.6997032165527344
2025-12-08,SKU009,14,15.14777,1.1477699279785156
2025-12-09,SKU009,18,14.645917,3.3540830612182617
2025-12-10,SKU009,14,13.45486,0.545140266418457
2025-12-11,SKU009,9,13.537988,4.53798770904541
2025-12-12,SKU009,14,15.277081,1.2770805358886719
2025-12-13,SKU009,9,16.780687,7.78068733215332
2025-12-14,SKU009,16,17.039415,1.0394153594970703
2025-12-15,SKU009,17,14.064656,2.9353437423706055
2025-12-16,SKU009,13,14.448977,1.4489774703979492
2025-12-17,SKU009,11,14.255132,3.255131721496582
2025-12-18,SKU009,17,14.088806,2.91119384765625
2025-12-19,SKU009,14,15.25659,1.2565898895263672
2025-12-20,SKU009,17,16.45062,0.5493793487548828
2025-12-21,SKU009,19,17.103624,1.8963756561279297
2025-12-22,SKU009,16,14.310034,1.6899662017822266
2025-12-23,SKU009,17,14.673511,2.3264894485473633
2025-12-24,SKU009,13,14.953467,1.9534673690795898
2025-12-25,SKU009,14,14.910075,0.9100751876831055
2025-12-26,SKU009,17,15.839128,1.160872459411621
2025-12-27,SKU009,19,17.16272,1.8372802734375
2025-12-28,SKU009,18,18.171846,0.1718463897705078
2025-12-29,SKU009,12,14.899725,2.8997249603271484
2025-12-30,SKU009,31,14.833663,16.16633701324463
2025-12-31,SKU009,15,15.230219,0.23021888732910156
2025-09-20,SKU010,8,12.358733,4.358733177185059
2025-09-21,SKU010,18,12.520102,5.479898452758789
2025-09-22,SKU010,5,10.10274,5.102740287780762
2025-09-23,SKU010,8,10.119647,2.1196470260620117
2025-09-24,SKU010,12,9.662418,2.3375816345214844
2025-09-25,SKU010,12,9.832082,2.1679182052612305
2025-09-26,SKU010,12,10.876613,1.123387336730957
2025-09-27,SKU010,12,12.471527,0.471527099609375
2025-09-28,SKU010,11,12.951777,1.951777458190918
2025-09-29,SKU010,11,10.215012,0.7849884033203125
2025-09-30,SKU010,11,10.302402,0.6975984573364258
2025-10-01,SKU010,16,10.109943,5.890056610107422
2025-10-02,SKU010,10,10.672734,0.672734260559082
2025-10-03,SKU010,12,11.906045,0.09395503997802734
2025-10-04,SKU010,12,14.1056185,2.105618476867676
2025-10-05,SKU010,15,14.868928,0.1310720443725586
2025-10-06,SKU010,13,11.467495,1.5325050354003906
2025-10-07,SKU010,12,11.486459,0.5135412216186523
2025-10-08,SKU010,12,11.24469,0.75531005859375
2025-10-09,SKU010,9,11.532482,2.532482147216797
2025-10-10,SKU010,9,12.671857,3.6718568801879883
2025-10-11,SKU010,17,14.494624,2.505375862121582
2025-10-12,SKU010,13,15.745664,2.745663642883301
2025-10-13,SKU010,11,12.024056,1.0240564346313477
2025-10-14,SKU010,11,11.838347,0.8383474349975586
2025-10-15,SKU010,8,11.521922,3.5219221115112305
2025-10-16,SKU010,13,11.495956,1.5040435791015625
2025-10-17,SKU010,15,12.737461,2.2625389099121094
2025-10-18,SKU010,18,14.992808,3.0071916580200195
2025-10-19,SKU010,13,16.500616,3.5006160736083984
2025-10-20,SKU010,18,12.416076,5.583924293518066
2025-10-21,SKU010,16,15.06629,0.9337100982666016
2025-10-22,SKU010,17,16.000454,0.9995460510253906
2025-10-23,SKU010,12,17.213186,5.213186264038086
2025-10-24,SKU010,23,20.981457,2.018543243408203
2025-10-25,SKU010,19,21.131588,2.1315879821777344
2025-10-26,SKU010,26,21.325342,4.674657821655273
2025-10-27,SKU010,19,17.45459,1.54541015625
2025-10-28,SKU010,18,18.87298,0.8729801177978516
2025-10-29,SKU010,15,15.991098,0.9910984039306641
2025-10-30,SKU010,11,14.399332,3.399332046508789
2025-10-31,SKU010,25,17.303043,7.696956634521484
2025-11-01,SKU010,22,15.90645,6.093549728393555
2025-11-02,SKU010,17,20.207005,3.2070045471191406
2025-11-03,SKU010,17,17.048414,0.04841423034667969
2025-11-04,SKU010,19,16.293186,2.7068138122558594
2025-11-05,SKU010,13,12.723585,0.2764148712158203
2025-11-06,SKU010,12,13.083542,1.0835418701171875
2025-11-07,SKU010,11,12.528531,1.5285310745239258
2025-11-08,SKU010,12,13.248969,1.2489690780639648
2025-11-09,SKU010,16,14.518296,1.481703758239746
2025-11-10,SKU010,9,12.165569,3.165569305419922
2025-11-11,SKU010,9,11.979012,2.9790115356445312
2025-11-12,SKU010,14,11.572992,2.4270076751708984
2025-11-13,SKU010,14,11.910479,2.0895214080810547
2025-11-14,SKU010,13,13.522969,0.5229692459106445
2025-11-15,SKU010,20,14.819887,5.180112838745117
2025-11-16,SKU010,14,15.389647,1.3896465301513672
2025-11-17,SKU010,13,12.634181,0.36581897735595703
2025-11-18,SKU010,15,12.634267,2.3657331466674805
2025-11-19,SKU010,11,12.9945,1.9945001602172852
2025-11-20,SKU010,23,13.029273,9.97072696685791
2025-11-21,SKU010,26,19.311012,6.688987731933594
2025-11-22,SKU010,22,21.540567,0.45943260192871094
2025-11-23,SKU010,17,24.011494,7.011493682861328
2025-11-24,SKU010,17,17.432457,0.43245697021484375
2025-11-25,SKU010,17,17.412846,0.4128456115722656
2025-11-26,SKU010,22,19.070333,2.929666519165039
2025-11-27,SKU010,22,18.779675,3.220325469970703
2025-11-28,SKU010,24,21.429058,2.570941925048828
2025-11-29,SKU010,15,23.140175,8.140174865722656
2025-11-30,SKU010,28,22.584923,5.415077209472656
2025-12-01,SKU010,23,18.898249,4.101751327514648
2025-12-02,SKU010,14,20.39646,6.396459579467773
2025-12-03,SKU010,15,18.354826,3.354825973510742
2025-12-04,SKU010,19,17.37344,1.6265602111816406
2025-12-05,SKU010,27,17.47588,9.524120330810547
2025-12-06,SKU010,18,16.61186,1.3881397247314453
2025-12-07,SKU010,15,15.986732,0.9867315292358398
2025-12-08,SKU010,13,13.634965,0.6349649429321289
2025-12-09,SKU010,10,13.418128,3.41812801361084
2025-12-10,SKU010,9,12.499852,3.499852180480957
2025-12-11,SKU010,13,12.589776,0.41022396087646484
2025-12-12,SKU010,15,14.114451,0.8855485916137695
2025-12-13,SKU010,38,15.541501,22.45849895477295
2025-12-14,SKU010,19,16.876713,2.1232872009277344
2025-12-15,SKU010,18,14.7536335,3.246366500854492
2025-12-16,SKU010,11,14.551015,3.5510149002075195
2025-12-17,SKU010,14,14.5111475,0.5111474990844727
2025-12-18,SKU010,13,14.557054,1.557053565979004
2025-12-19,SKU010,8,15.571725,7.571724891662598
2025-12-20,SKU010,8,16.367678,8.367677688598633
2025-12-21,SKU010,15,15.895998,0.8959980010986328
2025-12-22,SKU010,15,13.421674,1.5783262252807617
2025-12-23,SKU010,15,13.74883,1.2511701583862305
2025-12-24,SKU010,15,14.074323,0.9256772994995117
2025-12-25,SKU010,8,14.231399,6.231398582458496
2025-12-26,SKU010,19,14.956178,4.043822288513184
2025-12-27,SKU010,16,16.05997,0.059970855712890625
2025-12-28,SKU010,11,16.208485,5.208484649658203
2025-12-29,SKU010,11,13.086207,2.086207389831543
2025-12-30,SKU010,18,13.081565,4.918435096740723
2025-12-31,SKU010,9,13.357522,4.357522010803223
2025-09-20,SKU011,22,16.135101,5.864898681640625
2025-09-21,SKU011,15,17.525635,2.525634765625
2025-09-22,SKU011,14,13.24082,0.7591800689697266
2025-09-23,SKU011,11,13.182509,2.182509422302246
2025-09-24,SKU011,12,12.95169,0.9516897201538086
2025-09-25,SKU011,9,13.002357,4.00235652923584
2025-09-26,SKU011,16,14.171168,1.828831672668457
2025-09-27,SKU011,14,16.621971,2.6219711303710938
2025-09-28,SKU011,17,17.462914,0.46291351318359375
2025-09-29,SKU011,12,13.104154,1.1041536331176758
2025-09-30,SKU011,12,13.035588,1.035588264465332
2025-10-01,SKU011,17,12.741961,4.258039474487305
2025-10-02,SKU011,20,13.391156,6.608843803405762
2025-10-03,SKU011,23,15.494463,7.505537033081055
2025-10-04,SKU011,25,18.706758,6.293241500854492
2025-10-05,SKU011,19,20.956821,1.9568214416503906
2025-10-06,SKU011,18,15.534296,2.4657039642333984
2025-10-07,SKU011,13,15.461249,2.461249351501465
2025-10-08,SKU011,15,15.592267,0.5922670364379883
2025-10-09,SKU011,16,15.901361,0.09863853454589844
2025-10-10,SKU011,14,17.96793,3.9679298400878906
2025-10-11,SKU011,20,21.215954,1.2159538269042969
2025-10-12,SKU011,21,24.171478,3.171478271484375
2025-10-13,SKU011,14,17.055428,3.0554275512695312
2025-10-14,SKU011,18,16.484787,1.5152130126953125
2025-10-15,SKU011,6,16.742186,10.742185592651367
2025-10-16,SKU011,15,16.092594,1.0925941467285156
2025-10-17,SKU011,23,17.870205,5.129795074462891
2025-10-18,SKU011,27,21.478367,5.521633148193359
2025-10-19,SKU011,18,24.834574,6.834573745727539
2025-10-20,SKU011,26,17.693779,8.306221008300781
2025-10-21,SKU011,18,19.866074,1.8660736083984375
2025-10-22,SKU011,21,21.556976,0.556976318359375
2025-10-23,SKU011,19,23.19611,4.196109771728516
2025-10-24,SKU011,29,27.697512,1.3024883270263672
2025-10-25,SKU011,38,27.846071,10.153928756713867
2025-10-26,SKU011,29,29.515244,0.5152435302734375
2025-10-27,SKU011,30,25.005386,4.9946136474609375
2025-10-28,SKU011,30,24.509193,5.490806579589844
2025-10-29,SKU011,19,17.689558,1.3104419708251953
2025-10-30,SKU011,18,22.106533,4.106533050537109
2025-10-31,SKU011,28,21.317904,6.682096481323242
2025-11-01,SKU011,37,23.4222,13.577800750732422
2025-11-02,SKU011,30,27.064095,2.9359054565429688
2025-11-03,SKU011,20,24.38191,4.38191032409668
2025-11-04,SKU011,23,21.312265,1.687734603881836
2025-11-05,SKU011,29,16.086823,12.913177490234375
2025-11-06,SKU011,14,17.91452,3.914520263671875
2025-11-07,SKU011,22,16.538088,5.461912155151367
2025-11-08,SKU011,28,17.427158,10.57284164428711
2025-11-09,SKU011,22,18.568922,3.4310779571533203
2025-11-10,SKU011,15,15.961445,0.9614448547363281
2025-11-11,SKU011,20,15.988057,4.0119428634643555
2025-11-12,SKU011,21,16.320274,4.679725646972656
2025-11-13,SKU011,14,16.888653,2.888652801513672
2025-11-14,SKU011,19,19.54809,0.5480899810791016
2025-11-15,SKU011,28,22.341234,5.65876579284668
2025-11-16,SKU011,17,23.364876,6.364875793457031
2025-11-17,SKU011,14,18.588646,4.588645935058594
2025-11-18,SKU011,17,17.465775,0.4657745361328125
2025-11-19,SKU011,13,18.187702,5.187702178955078
2025-11-20,SKU011,25,17.829323,7.170677185058594
2025-11-21,SKU011,28,24.934162,3.065837860107422
2025-11-22,SKU011,24,30.523373,6.523372650146484
2025-11-23,SKU011,28,34.021534,6.021533966064453
2025-11-24,SKU011,19,25.601473,6.601472854614258
2025-11-25,SKU011,23,24.949108,1.9491081237792969
2025-11-26,SKU011,27,26.98065,0.019350051879882812
2025-11-27,SKU011,30,27.624493,2.375507354736328
2025-11-28,SKU011,38,32.23927,5.760730743408203
2025-11-29,SKU011,32,33.01121,1.0112113952636719
2025-11-30,SKU011,30,33.258217,3.2582168579101562
2025-12-01,SKU011,22,28.409288,6.40928840637207
2025-12-02,SKU011,22,28.570892,6.570892333984375
2025-12-03,SKU011,29,24.287888,4.7121124267578125
2025-12-04,SKU011,29,27.39766,1.6023406982421875
2025-12-05,SKU011,27,27.274965,0.2749652862548828
2025-12-06,SKU011,24,26.086327,2.0863265991210938
2025-12-07,SKU011,20,22.728111,2.7281112670898438
2025-12-08,SKU011,18,18.815351,0.8153514862060547
2025-12-09,SKU011,19,17.57544,1.424560546875
2025-12-10,SKU011,14,16.382328,2.3823280334472656
2025-12-11,SKU011,22,16.466063,5.533937454223633
2025-12-12,SKU011,21,18.720783,2.279216766357422
2025-12-13,SKU011,23,20.954144,2.045856475830078
2025-12-14,SKU011,18,22.46436,4.464359283447266
2025-12-15,SKU011,19,17.555464,1.4445362091064453
2025-12-16,SKU011,17,17.04351,0.04351043701171875
2025-12-17,SKU011,20,17.6973,2.3027000427246094
2025-12-18,SKU011,14,17.951193,3.951192855834961
2025-12-19,SKU011,16,19.306377,3.306377410888672
2025-12-20,SKU011,23,20.6078,2.392200469970703
2025-12-21,SKU011,20,20.844795,0.8447952270507812
2025-12-22,SKU011,18,17.539253,0.46074676513671875
2025-12-23,SKU011,15,17.252308,2.252307891845703
2025-12-24,SKU011,15,17.62049,2.6204891204833984
2025-12-25,SKU011,24,17.412163,6.587837219238281
2025-12-26,SKU011,21,18.50533,2.494670867919922
2025-12-27,SKU011,29,20.16579,8.834209442138672
2025-12-28,SKU011,24,21.748991,2.251008987426758
2025-12-29,SKU011,17,18.35658,1.3565807342529297
2025-12-30,SKU011,19,17.484833,1.515167236328125
2025-12-31,SKU011,19,17.523108,1.4768924713134766
2025-09-20,SKU012,4,5.748678,1.748678207397461
2025-09-21,SKU012,4,5.7158017,1.71580171585083
2025-09-22,SKU012,5,4.642799,0.35720109939575195
2025-09-23,SKU012,4,4.563818,0.5638179779052734
2025-09-24,SKU012,4,4.268458,0.26845788955688477
2025-09-25,SKU012,4,4.499518,0.49951791763305664
2025-09-26,SKU012,5,4.98556,0.014440059661865234
2025-09-27,SKU012,6,5.667881,0.3321189880371094
2025-09-28,SKU012,4,5.7327704,1.7327704429626465
2025-09-29,SKU012,5,4.6776724,0.3223276138305664
2025-09-30,SKU012,4,4.5873833,0.5873832702636719
2025-10-01,SKU012,5,4.254399,0.7456011772155762
2025-10-02,SKU012,4,4.541592,0.5415921211242676
2025-10-03,SKU012,4,5.089456,1.0894560813903809
2025-10-04,SKU012,5,5.924796,0.9247961044311523
2025-10-05,SKU012,4,6.0194125,2.0194125175476074
2025-10-06,SKU012,5,4.834967,0.16503286361694336
2025-10-07,SKU012,5,4.737626,0.2623739242553711
2025-10-08,SKU012,5,4.418121,0.5818791389465332
2025-10-09,SKU012,4,4.6609125,0.6609125137329102
2025-10-10,SKU012,8,5.158186,2.8418140411376953
2025-10-11,SKU012,4,6.251082,2.251081943511963
2025-10-12,SKU012,7,6.3989673,0.6010327339172363
2025-10-13,SKU012,4,5.054014,1.0540142059326172
2025-10-14,SKU012,6,4.975025,1.0249748229980469
2025-10-15,SKU012,6,4.6986685,1.3013315200805664
2025-10-16,SKU012,4,4.9460707,0.946070671081543
2025-10-17,SKU012,4,5.540005,1.5400052070617676
2025-10-18,SKU012,5,6.585871,1.5858712196350098
2025-10-19,SKU012,6,6.7096868,0.7096867561340332
2025-10-20,SKU012,9,5.234299,3.7657008171081543
2025-10-21,SKU012,8,6.9086103,1.0913896560668945
2025-10-22,SKU012,8,7.081835,0.9181652069091797
2025-10-23,SKU012,5,7.6082306,2.6082305908203125
2025-10-24,SKU012,9,9.137622,0.13762187957763672
2025-10-25,SKU012,11,9.159879,1.8401212692260742
2025-10-26,SKU012,13,9.518105,3.4818954467773438
2025-10-27,SKU012,9,7.7041984,1.2958016395568848
2025-10-28,SKU012,7,7.8235874,0.8235874176025391
2025-10-29,SKU012,8,7.2061996,0.7938003540039062
2025-10-30,SKU012,9,6.590751,2.4092488288879395
2025-10-31,SKU012,11,7.638411,3.361588954925537
2025-11-01,SKU012,12,7.662601,4.337399005889893
2025-11-02,SKU012,11,8.703242,2.296757698059082
2025-11-03,SKU012,9,7.2875657,1.7124342918395996
2025-11-04,SKU012,6,7.0421095,1.042109489440918
2025-11-05,SKU012,7,6.2387104,0.7612895965576172
2025-11-06,SKU012,5,6.013906,1.0139060020446777
2025-11-07,SKU012,8,5.990276,2.0097241401672363
2025-11-08,SKU012,8,6.5992007,1.40079927444458
2025-11-09,SKU012,6,6.9733853,0.9733853340148926
2025-11-10,SKU012,6,5.67605,0.32394981384277344
2025-11-11,SKU012,5,5.675877,0.6758770942687988
2025-11-12,SKU012,4,5.526278,1.526278018951416
2025-11-13,SKU012,5,5.7863173,0.7863173484802246
2025-11-14,SKU012,5,6.431014,1.431014060974121
2025-11-15,SKU012,6,7.0861015,1.0861015319824219
2025-11-16,SKU012,8,7.062518,0.9374818801879883
2025-11-17,SKU012,4,5.6347322,1.6347322463989258
2025-11-18,SKU012,5,5.730675,0.730675220489502
2025-11-19,SKU012,4,5.9737754,1.9737753868103027
2025-11-20,SKU012,9,5.922574,3.077425956726074
2025-11-21,SKU012,9,9.04503,0.045029640197753906
2025-11-22,SKU012,9,10.139131,1.1391305923461914
2025-11-23,SKU012,12,10.484172,1.5158281326293945
2025-11-24,SKU012,11,8.270934,2.7290658950805664
2025-11-25,SKU012,7,8.960107,1.9601068496704102
2025-11-26,SKU012,8,9.596763,1.5967626571655273
2025-11-27,SKU012,8,9.177697,1.1776971817016602
2025-11-28,SKU012,14,10.253495,3.746504783630371
2025-11-29,SKU012,9,10.671107,1.671107292175293
2025-11-30,SKU012,10,10.546543,0.5465431213378906
2025-12-01,SKU012,8,8.2633,0.26329994201660156
2025-12-02,SKU012,9,8.210685,0.7893152236938477
2025-12-03,SKU012,9,7.982634,1.0173659324645996
2025-12-04,SKU012,8,7.1314836,0.8685164451599121
2025-12-05,SKU012,11,7.6215277,3.378472328186035
2025-12-06,SKU012,6,7.818109,1.8181090354919434
2025-12-07,SKU012,8,7.0746303,0.9253697395324707
2025-12-08,SKU012,4,5.7999163,1.7999162673950195
2025-12-09,SKU012,5,5.5346065,0.5346064567565918
2025-12-10,SKU012,5,5.3073425,0.307342529296875
2025-12-11,SKU012,4,5.5727468,1.572746753692627
2025-12-12,SKU012,8,6.2019887,1.798011302947998
2025-12-13,SKU012,7,6.9619985,0.03800153732299805
2025-12-14,SKU012,6,7.123423,1.1234230995178223
2025-12-15,SKU012,7,5.7217526,1.278247356414795
2025-12-16,SKU012,4,5.846537,1.8465371131896973
2025-12-17,SKU012,7,5.7490683,1.250931739807129
2025-12-18,SKU012,5,5.964617,0.9646167755126953
2025-12-19,SKU012,5,6.47726,1.4772601127624512
2025-12-20,SKU012,5,7.1887016,2.188701629638672
2025-12-21,SKU012,7,7.0801015,0.08010149002075195
2025-12-22,SKU012,7,5.4817953,1.518204689025879
2025-12-23,SKU012,4,5.641275,1.6412749290466309
2025-12-24,SKU012,3,5.8112226,2.811222553253174
2025-12-25,SKU012,6,5.6548247,0.34517526626586914
2025-12-26,SKU012,6,6.0329976,0.03299760818481445
2025-12-27,SKU012,7,6.7258277,0.274172306060791
2025-12-28,SKU012,6,6.8382688,0.8382687568664551
2025-12-29,SKU012,4,5.301622,1.301621913909912
2025-12-30,SKU012,5,5.2331476,0.23314762115478516
2025-12-31,SKU012,7,5.1782794,1.8217206001281738
2025-09-20,SKU013,6,7.1983647,1.1983647346496582
2025-09-21,SKU013,7,7.0076976,0.007697582244873047
2025-09-22,SKU013,5,5.690253,0.6902527809143066
2025-09-23,SKU013,5,5.71917,0.719170093536377
2025-09-24,SKU013,4,5.4833064,1.4833064079284668
2025-09-25,SKU013,5,5.6687226,0.6687226295471191
2025-09-26,SKU013,6,6.359916,0.35991621017456055
2025-09-27,SKU013,5,7.2483797,2.248379707336426
2025-09-28,SKU013,7,7.010801,0.010800838470458984
2025-09-29,SKU013,6,5.681296,0.31870412826538086
2025-09-30,SKU013,8,5.693772,2.3062281608581543
2025-10-01,SKU013,5,5.5507393,0.5507392883300781
2025-10-02,SKU013,8,5.863891,2.136108875274658
2025-10-03,SKU013,9,6.7482576,2.251742362976074
2025-10-04,SKU013,11,8.018109,2.9818906784057617
2025-10-05,SKU013,5,8.143534,3.143533706665039
2025-10-06,SKU013,5,6.551232,1.551231861114502
2025-10-07,SKU013,7,6.5325274,0.46747255325317383
2025-10-08,SKU013,6,6.294866,0.29486608505249023
2025-10-09,SKU013,4,6.542728,2.5427279472351074
2025-10-10,SKU013,9,7.3081164,1.6918835639953613
2025-10-11,SKU013,9,8.497143,0.5028572082519531
2025-10-12,SKU013,7,8.572068,1.572068214416504
2025-10-13,SKU013,7,6.932777,0.06722307205200195
2025-10-14,SKU013,6,7.0355654,1.0355653762817383
2025-10-15,SKU013,5,6.673283,1.6732831001281738
2025-10-16,SKU013,6,6.845588,0.845588207244873
2025-10-17,SKU013,5,7.668032,2.668032169342041
2025-10-18,SKU013,11,8.587071,2.412928581237793
2025-10-19,SKU013,10,8.745799,1.2542009353637695
2025-10-20,SKU013,9,7.1673536,1.832646369934082
2025-10-21,SKU013,8,9.492059,1.4920587539672852
2025-10-22,SKU013,12,9.37245,2.6275501251220703
2025-10-23,SKU013,6,9.922822,3.9228219985961914
2025-10-24,SKU013,9,11.697423,2.697422981262207
2025-10-25,SKU013,14,11.614259,2.3857412338256836
2025-10-26,SKU013,8,11.758346,3.758345603942871
2025-10-27,SKU013,12,9.620953,2.379047393798828
2025-10-28,SKU013,10,10.173695,0.17369461059570312
2025-10-29,SKU013,11,9.144957,1.8550434112548828
2025-10-30,SKU013,13,8.248048,4.751952171325684
2025-10-31,SKU013,10,10.283603,0.2836027145385742
2025-11-01,SKU013,13,9.815356,3.1846437454223633
2025-11-02,SKU013,14,11.083274,2.9167261123657227
2025-11-03,SKU013,7,9.4283085,2.4283084869384766
2025-11-04,SKU013,9,8.931772,0.06822776794433594
2025-11-05,SKU013,11,7.41575,3.584249973297119
2025-11-06,SKU013,7,7.1197066,0.11970663070678711
2025-11-07,SKU013,5,7.1180744,2.118074417114258
2025-11-08,SKU013,8,7.8411293,0.15887069702148438
2025-11-09,SKU013,7,8.21454,1.2145395278930664
2025-11-10,SKU013,6,6.7351537,0.7351536750793457
2025-11-11,SKU013,7,6.672652,0.3273482322692871
2025-11-12,SKU013,8,6.414369,1.5856308937072754
2025-11-13,SKU013,6,6.6928697,0.6928696632385254
2025-11-14,SKU013,8,7.6590405,0.3409595489501953
2025-11-15,SKU013,5,8.712414,3.712413787841797
2025-11-16,SKU013,6,8.617754,2.6177539825439453
2025-11-17,SKU013,8,6.9879565,1.0120434761047363
2025-11-18,SKU013,5,7.1676745,2.1676745414733887
2025-11-19,SKU013,6,7.481833,1.4818329811096191
2025-11-20,SKU013,7,7.463551,0.46355104446411133
2025-11-21,SKU013,9,11.392978,2.392977714538574
2025-11-22,SKU013,12,11.974006,0.025994300842285156
2025-11-23,SKU013,12,12.45476,0.4547595977783203
2025-11-24,SKU013,11,9.83743,1.1625699996948242
2025-11-25,SKU013,9,10.260819,1.260819435119629
2025-11-26,SKU013,12,10.947188,1.052811622619629
2025-11-27,SKU013,8,10.327323,2.3273229598999023
2025-11-28,SKU013,9,11.59237,2.59237003326416
2025-11-29,SKU013,9,11.844775,2.8447751998901367
2025-11-30,SKU013,13,11.469047,1.5309534072875977
2025-12-01,SKU013,10,9.421264,0.5787363052368164
2025-12-02,SKU013,10,9.589347,0.41065311431884766
2025-12-03,SKU013,8,8.84013,0.8401298522949219
2025-12-04,SKU013,12,7.819907,4.180092811584473
2025-12-05,SKU013,15,9.121691,5.87830924987793
2025-12-06,SKU013,9,9.2596855,0.2596855163574219
2025-12-07,SKU013,8,8.477326,0.4773263931274414
2025-12-08,SKU013,5,7.0939293,2.0939292907714844
2025-12-09,SKU013,5,6.7647157,1.7647156715393066
2025-12-10,SKU013,5,6.221499,1.221498966217041
2025-12-11,SKU013,6,6.398605,0.3986048698425293
2025-12-12,SKU013,6,7.2012525,1.2012524604797363
2025-12-13,SKU013,7,8.101633,1.101633071899414
2025-12-14,SKU013,12,8.131546,3.8684539794921875
2025-12-15,SKU013,7,6.687727,0.3122730255126953
2025-12-16,SKU013,9,6.9343715,2.0656285285949707
2025-12-17,SKU013,6,7.044915,1.0449151992797852
2025-12-18,SKU013,6,7.1390586,1.1390585899353027
2025-12-19,SKU013,7,7.895839,0.8958392143249512
2025-12-20,SKU013,8,8.945796,0.945796012878418
2025-12-21,SKU013,7,8.962885,1.9628849029541016
2025-12-22,SKU013,7,7.0177655,0.017765522003173828
2025-12-23,SKU013,7,7.0706153,0.07061529159545898
2025-12-24,SKU013,8,7.430097,0.5699028968811035
2025-12-25,SKU013,8,7.453365,0.5466351509094238
2025-12-26,SKU013,7,8.111613,1.1116132736206055
2025-12-27,SKU013,7,9.125154,2.1251535415649414
2025-12-28,SKU013,8,9.297498,1.2974977493286133
2025-12-29,SKU013,8,7.366015,0.6339850425720215
2025-12-30,SKU013,5,7.290528,2.290527820587158
2025-12-31,SKU013,6,7.20878,1.2087798118591309
2025-09-20,SKU014,13,11.279223,1.7207765579223633
2025-09-21,SKU014,21,11.871512,9.128487586975098
2025-09-22,SKU014,10,9.6334095,0.3665904998779297
2025-09-23,SKU014,7,9.750504,2.7505035400390625
2025-09-24,SKU014,7,9.44761,2.4476099014282227
2025-09-25,SKU014,8,9.532807,1.5328073501586914
2025-09-26,SKU014,10,10.500054,0.5000543594360352
2025-09-27,SKU014,11,11.974265,0.9742650985717773
2025-09-28,SKU014,12,12.535182,0.535181999206543
2025-09-29,SKU014,9,9.757945,0.7579450607299805
2025-09-30,SKU014,9,9.774388,0.774388313293457
2025-10-01,SKU014,11,9.438336,1.5616636276245117
2025-10-02,SKU014,11,9.791457,1.208542823791504
2025-10-03,SKU014,11,11.029786,0.029786109924316406
2025-10-04,SKU014,12,12.902719,0.9027185440063477
2025-10-05,SKU014,11,13.791221,2.7912206649780273
2025-10-06,SKU014,12,10.5332,1.4667997360229492
2025-10-07,SKU014,10,10.450162,0.4501619338989258
2025-10-08,SKU014,11,10.14207,0.8579301834106445
2025-10-09,SKU014,11,10.34031,0.6596899032592773
2025-10-10,SKU014,7,11.665314,4.665313720703125
2025-10-11,SKU014,15,13.293954,1.7060461044311523
2025-10-12,SKU014,10,14.403003,4.403002738952637
2025-10-13,SKU014,11,11.006795,0.006794929504394531
2025-10-14,SKU014,13,10.841542,2.1584577560424805
2025-10-15,SKU014,12,10.67397,1.3260297775268555
2025-10-16,SKU014,13,10.955886,2.044114112854004
2025-10-17,SKU014,15,12.34636,2.653639793395996
2025-10-18,SKU014,14,14.621802,0.6218023300170898
2025-10-19,SKU014,13,15.807392,2.807392120361328
2025-10-20,SKU014,16,11.85069,4.149310111999512
2025-10-21,SKU014,15,14.086164,0.9138355255126953
2025-10-22,SKU014,21,14.917692,6.082307815551758
2025-10-23,SKU014,8,16.121223,8.121223449707031
2025-10-24,SKU014,13,18.586182,5.586181640625
2025-10-25,SKU014,19,18.702034,0.29796600341796875
2025-10-26,SKU014,14,19.648067,5.648067474365234
2025-10-27,SKU014,15,16.085798,1.0857982635498047
2025-10-28,SKU014,17,16.023666,0.9763336181640625
2025-10-29,SKU014,11,13.7566,2.7566003799438477
2025-10-30,SKU014,18,12.903701,5.096299171447754
2025-10-31,SKU014,24,14.457729,9.54227066040039
2025-11-01,SKU014,17,14.303325,2.6966753005981445
2025-11-02,SKU014,29,17.949501,11.050498962402344
2025-11-03,SKU014,20,15.098869,4.901130676269531
2025-11-04,SKU014,13,14.775527,1.775527000427246
2025-11-05,SKU014,17,11.737142,5.2628583908081055
2025-11-06,SKU014,6,12.550576,6.550576210021973
2025-11-07,SKU014,12,11.803535,0.19646453857421875
2025-11-08,SKU014,17,12.41998,4.580019950866699
2025-11-09,SKU014,11,13.842521,2.8425207138061523
2025-11-10,SKU014,9,11.628038,2.6280384063720703
2025-11-11,SKU014,12,11.530292,0.4697084426879883
2025-11-12,SKU014,12,11.328343,0.671656608581543
2025-11-13,SKU014,14,11.627505,2.372494697570801
2025-11-14,SKU014,15,13.12478,1.8752202987670898
2025-11-15,SKU014,18,14.436722,3.5632781982421875
2025-11-16,SKU014,13,15.185987,2.1859874725341797
2025-11-17,SKU014,17,12.339726,4.660273551940918
2025-11-18,SKU014,6,12.455915,6.455915451049805
2025-11-19,SKU014,15,12.524739,2.4752607345581055
2025-11-20,SKU014,16,12.69993,3.300069808959961
2025-11-21,SKU014,19,18.434193,0.5658073425292969
2025-11-22,SKU014,12,19.892193,7.892192840576172
2025-11-23,SKU014,20,20.745708,0.7457084655761719
2025-11-24,SKU014,14,16.70124,2.7012405395507812
2025-11-25,SKU014,12,16.775112,4.775112152099609
2025-11-26,SKU014,14,17.902933,3.902933120727539
2025-11-27,SKU014,15,18.102833,3.102832794189453
2025-11-28,SKU014,19,19.66365,0.6636505126953125
2025-11-29,SKU014,18,20.681046,2.6810455322265625
2025-11-30,SKU014,23,21.16746,1.832540512084961
2025-12-01,SKU014,13,17.837313,4.837312698364258
2025-12-02,SKU014,16,18.420277,2.420276641845703
2025-12-03,SKU014,12,17.390453,5.390453338623047
2025-12-04,SKU014,17,16.476374,0.5236263275146484
2025-12-05,SKU014,19,17.240133,1.759866714477539
2025-12-06,SKU014,13,14.657239,1.6572389602661133
2025-12-07,SKU014,16,14.085722,1.9142780303955078
2025-12-08,SKU014,8,12.024349,4.024349212646484
2025-12-09,SKU014,7,11.78057,4.780570030212402
2025-12-10,SKU014,9,11.193603,2.1936025619506836
2025-12-11,SKU014,6,11.266543,5.266543388366699
2025-12-12,SKU014,10,12.157113,2.1571130752563477
2025-12-13,SKU014,15,13.191541,1.8084592819213867
2025-12-14,SKU014,11,13.839156,2.839156150817871
2025-12-15,SKU014,13,11.481605,1.5183954238891602
2025-12-16,SKU014,10,11.56332,1.5633201599121094
2025-12-17,SKU014,11,11.58652,0.5865201950073242
2025-12-18,SKU014,12,11.603511,0.39648914337158203
2025-12-19,SKU014,11,12.7283125,1.7283124923706055
2025-12-20,SKU014,15,13.562009,1.4379911422729492
2025-12-21,SKU014,16,13.972142,2.027857780456543
2025-12-22,SKU014,15,11.554001,3.4459991455078125
2025-12-23,SKU014,10,11.958467,1.9584665298461914
2025-12-24,SKU014,6,12.084628,6.084628105163574
2025-12-25,SKU014,12,11.8981695,0.10183048248291016
2025-12-26,SKU014,7,12.607958,5.60795783996582
2025-12-27,SKU014,20,13.235208,6.764792442321777
2025-12-28,SKU014,17,13.923974,3.07602596282959
2025-12-29,SKU014,10,11.659284,1.6592836380004883
2025-12-30,SKU014,13,11.611276,1.3887243270874023
2025-12-31,SKU014,8,11.396888,3.39688777923584
2025-09-20,SKU015,7,6.1859107,0.814089298248291
2025-09-21,SKU015,5,6.172565,1.17256498336792
2025-09-22,SKU015,3,5.0451417,2.0451416969299316
2025-09-23,SKU015,6,4.941351,1.0586490631103516
2025-09-24,SKU015,3,4.698729,1.6987290382385254
2025-09-25,SKU015,5,4.845604,0.15439605712890625
2025-09-26,SKU015,7,5.3003745,1.6996254920959473
2025-09-27,SKU015,6,6.373005,0.3730049133300781
2025-09-28,SKU015,5,6.325113,1.3251128196716309
2025-09-29,SKU015,3,5.1350183,2.1350183486938477
2025-09-30,SKU015,3,5.055047,2.055047035217285
2025-10-01,SKU015,7,4.7806287,2.2193713188171387
2025-10-02,SKU015,6,5.0110235,0.9889764785766602
2025-10-03,SKU015,6,5.727179,0.27282094955444336
2025-10-04,SKU015,7,6.752482,0.24751806259155273
2025-10-05,SKU015,8,6.747743,1.2522568702697754
2025-10-06,SKU015,4,5.4842806,1.4842805862426758
2025-10-07,SKU015,5,5.394737,0.39473676681518555
2025-10-08,SKU015,6,5.1930647,0.8069353103637695
2025-10-09,SKU015,6,5.4491715,0.5508284568786621
2025-10-10,SKU015,6,6.271527,0.2715268135070801
2025-10-11,SKU015,7,7.3529987,0.3529987335205078
2025-10-12,SKU015,9,7.4105463,1.5894536972045898
2025-10-13,SKU015,4,6.06824,2.068240165710449
2025-10-14,SKU015,3,6.0138335,3.013833522796631
2025-10-15,SKU015,5,5.7176385,0.7176384925842285
2025-10-16,SKU015,6,5.8635774,0.13642263412475586
2025-10-17,SKU015,6,6.5592036,0.5592036247253418
2025-10-18,SKU015,4,7.6502833,3.6502833366394043
2025-10-19,SKU015,8,7.52508,0.47491979598999023
2025-10-20,SKU015,11,6.0371766,4.962823390960693
2025-10-21,SKU015,8,8.547288,0.5472879409790039
2025-10-22,SKU015,7,8.128856,1.1288557052612305
2025-10-23,SKU015,8,8.471428,0.47142791748046875
2025-10-24,SKU015,9,10.895505,1.8955049514770508
2025-10-25,SKU015,10,10.344453,0.3444528579711914
2025-10-26,SKU015,10,10.343204,0.3432035446166992
2025-10-27,SKU015,10,8.690129,1.309870719909668
2025-10-28,SKU015,9,9.166665,0.16666507720947266
2025-10-29,SKU015,10,8.312811,1.6871891021728516
2025-10-30,SKU015,5,7.2863398,2.28633975982666
2025-10-31,SKU015,8,8.8015785,0.8015785217285156
2025-11-01,SKU015,6,8.477849,2.477849006652832
2025-11-02,SKU015,12,9.085365,2.9146347045898438
2025-11-03,SKU015,6,7.7507896,1.7507896423339844
2025-11-04,SKU015,8,7.3720517,0.6279482841491699
2025-11-05,SKU015,8,6.3835015,1.6164984703063965
2025-11-06,SKU015,4,5.9486585,1.9486584663391113
2025-11-07,SKU015,4,5.978214,1.9782137870788574
2025-11-08,SKU015,8,6.5666075,1.4333925247192383
2025-11-09,SKU015,8,6.6587987,1.3412013053894043
2025-11-10,SKU015,5,5.4977655,0.49776554107666016
2025-11-11,SKU015,5,5.356761,0.35676097869873047
2025-11-12,SKU015,5,5.1087565,0.10875654220581055
2025-11-13,SKU015,5,5.2513924,0.2513923645019531
2025-11-14,SKU015,7,6.0251384,0.9748616218566895
2025-11-15,SKU015,6,6.9315367,0.9315366744995117
2025-11-16,SKU015,8,6.8973174,1.1026825904846191
2025-11-17,SKU015,6,5.6115093,0.3884906768798828
2025-11-18,SKU015,5,5.693995,0.6939949989318848
2025-11-19,SKU015,5,5.948731,0.9487309455871582
2025-11-20,SKU015,10,5.852737,4.147263050079346
2025-11-21,SKU015,9,9.56108,0.5610799789428711
2025-11-22,SKU015,11,10.596736,0.40326404571533203
2025-11-23,SKU015,6,11.662101,5.662100791931152
2025-11-24,SKU015,9,8.86399,0.13601016998291016
2025-11-25,SKU015,6,8.969543,2.96954345703125
2025-11-26,SKU015,9,9.398037,0.3980369567871094
2025-11-27,SKU015,7,8.581419,1.5814189910888672
2025-11-28,SKU015,11,9.780669,1.2193307876586914
2025-11-29,SKU015,14,10.126696,3.8733043670654297
2025-11-30,SKU015,16,10.233935,5.766064643859863
2025-12-01,SKU015,9,8.704728,0.2952718734741211
2025-12-02,SKU015,9,8.678541,0.3214588165283203
2025-12-03,SKU015,8,8.004325,0.004324913024902344
2025-12-04,SKU015,7,7.011823,0.011823177337646484
2025-12-05,SKU015,8,8.191242,0.19124221801757812
2025-12-06,SKU015,5,8.4959135,3.495913505554199
2025-12-07,SKU015,5,7.6030025,2.6030025482177734
2025-12-08,SKU015,6,6.2456784,0.24567842483520508
2025-12-09,SKU015,6,5.7989573,0.20104265213012695
2025-12-10,SKU015,5,5.2684455,0.2684454917907715
2025-12-11,SKU015,5,5.48266,0.48265981674194336
2025-12-12,SKU015,5,6.2398033,1.2398033142089844
2025-12-13,SKU015,9,7.058417,1.9415831565856934
2025-12-14,SKU015,8,7.204124,0.7958760261535645
2025-12-15,SKU015,6,5.90112,0.09887981414794922
2025-12-16,SKU015,5,5.8659573,0.8659572601318359
2025-12-17,SKU015,5,5.596711,0.5967111587524414
2025-12-18,SKU015,5,5.7393527,0.7393527030944824
2025-12-19,SKU015,7,6.4110885,0.5889115333557129
2025-12-20,SKU015,7,7.5476537,0.5476536750793457
2025-12-21,SKU015,7,7.5911884,0.5911884307861328
2025-12-22,SKU015,7,5.909158,1.0908417701721191
2025-12-23,SKU015,5,5.7553806,0.7553806304931641
2025-12-24,SKU015,7,5.941098,1.0589017868041992
2025-12-25,SKU015,7,5.950788,1.0492119789123535
2025-12-26,SKU015,7,6.579704,0.42029619216918945
2025-12-27,SKU015,5,7.8978667,2.897866725921631
2025-12-28,SKU015,8,8.183266,0.18326568603515625
2025-12-29,SKU015,4,6.2756734,2.2756733894348145
2025-12-30,SKU015,5,5.863877,0.8638768196105957
2025-12-31,SKU015,6,5.8540244,0.14597558975219727
2025-09-20,SKU016,11,13.756137,2.756136894226074
2025-09-21,SKU016,12,14.249433,2.2494325637817383
2025-09-22,SKU016,8,10.883647,2.8836469650268555
2025-09-23,SKU016,8,10.867488,2.867487907409668
2025-09-24,SKU016,11,10.52237,0.4776296615600586
2025-09-25,SKU016,12,10.562162,1.4378376007080078
2025-09-26,SKU016,14,11.63612,2.363880157470703
2025-09-27,SKU016,12,13.559431,1.5594310760498047
2025-09-28,SKU016,16,14.307737,1.6922626495361328
2025-09-29,SKU016,8,11.016135,3.0161352157592773
2025-09-30,SKU016,24,11.042609,12.957390785217285
2025-10-01,SKU016,14,11.312748,2.6872520446777344
2025-10-02,SKU016,15,11.483901,3.516098976135254
2025-10-03,SKU016,15,13.083871,1.9161291122436523
2025-10-04,SKU016,12,16.180851,4.180850982666016
2025-10-05,SKU016,14,17.849104,3.8491039276123047
2025-10-06,SKU016,15,12.854406,2.1455936431884766
2025-10-07,SKU016,13,12.81074,0.18925952911376953
2025-10-08,SKU016,12,12.59505,0.5950498580932617
2025-10-09,SKU016,12,12.696922,0.6969223022460938
2025-10-10,SKU016,14,14.169975,0.16997528076171875
2025-10-11,SKU016,17,17.245834,0.2458343505859375
2025-10-12,SKU016,24,19.503397,4.496603012084961
2025-10-13,SKU016,9,14.29843,5.298430442810059
2025-10-14,SKU016,10,14.020553,4.020552635192871
2025-10-15,SKU016,12,13.685901,1.6859006881713867
2025-10-16,SKU016,12,13.6938925,1.693892478942871
2025-10-17,SKU016,15,14.839051,0.1609487533569336
2025-10-18,SKU016,13,17.654083,4.654083251953125
2025-10-19,SKU016,18,19.463556,1.4635562896728516
2025-10-20,SKU016,17,13.985429,3.014571189880371
2025-10-21,SKU016,25,16.852507,8.147493362426758
2025-10-22,SKU016,13,17.852245,4.852245330810547
2025-10-23,SKU016,18,18.134624,0.13462448120117188
2025-10-24,SKU016,19,23.543343,4.543342590332031
2025-10-25,SKU016,37,21.932087,15.067913055419922
2025-10-26,SKU016,28,23.63822,4.361780166625977
2025-10-27,SKU016,18,19.883636,1.883636474609375
2025-10-28,SKU016,16,20.401508,4.401508331298828
2025-10-29,SKU016,26,15.960133,10.039867401123047
2025-10-30,SKU016,17,15.5169935,1.483006477355957
2025-10-31,SKU016,28,17.24701,10.75299072265625
2025-11-01,SKU016,24,17.047884,6.952116012573242
2025-11-02,SKU016,24,22.174845,1.825155258178711
2025-11-03,SKU016,21,18.988441,2.0115585327148438
2025-11-04,SKU016,22,18.515223,3.4847774505615234
2025-11-05,SKU016,17,14.302882,2.697117805480957
2025-11-06,SKU016,11,15.406186,4.406186103820801
2025-11-07,SKU016,13,14.712476,1.7124757766723633
2025-11-08,SKU016,19,15.475205,3.524794578552246
2025-11-09,SKU016,13,17.0122,4.012199401855469
2025-11-10,SKU016,12,13.944433,1.9444332122802734
2025-11-11,SKU016,14,13.779927,0.22007274627685547
2025-11-12,SKU016,11,13.367681,2.367680549621582
2025-11-13,SKU016,14,13.477456,0.5225439071655273
2025-11-14,SKU016,15,15.188853,0.18885326385498047
2025-11-15,SKU016,17,16.589075,0.41092491149902344
2025-11-16,SKU016,18,17.118357,0.8816432952880859
2025-11-17,SKU016,14,14.16785,0.16784954071044922
2025-11-18,SKU016,17,14.421833,2.578166961669922
2025-11-19,SKU016,13,14.62004,1.620039939880371
2025-11-20,SKU016,16,14.626601,1.373398780822754
2025-11-21,SKU016,25,20.718021,4.281978607177734
2025-11-22,SKU016,25,23.133202,1.8667984008789062
2025-11-23,SKU016,25,26.647095,1.6470947265625
2025-11-24,SKU016,20,20.664816,0.6648159027099609
2025-11-25,SKU016,19,20.531342,1.531341552734375
2025-11-26,SKU016,22,21.380394,0.6196060180664062
2025-11-27,SKU016,15,21.863205,6.8632049560546875
2025-11-28,SKU016,26,25.749033,0.25096702575683594
2025-11-29,SKU016,29,26.827625,2.172374725341797
2025-11-30,SKU016,24,27.003025,3.0030250549316406
2025-12-01,SKU016,15,22.646187,7.646186828613281
2025-12-02,SKU016,23,23.419731,0.41973114013671875
2025-12-03,SKU016,14,22.225111,8.22511100769043
2025-12-04,SKU016,22,20.50007,1.499929428100586
2025-12-05,SKU016,23,20.913055,2.086944580078125
2025-12-06,SKU016,15,18.160957,3.1609573364257812
2025-12-07,SKU016,17,18.177687,1.1776866912841797
2025-12-08,SKU016,12,15.141324,3.141324043273926
2025-12-09,SKU016,14,14.521335,0.5213346481323242
2025-12-10,SKU016,13,13.4978,0.4977998733520508
2025-12-11,SKU016,10,13.509125,3.509124755859375
2025-12-12,SKU016,14,15.04581,1.0458097457885742
2025-12-13,SKU016,15,16.414862,1.4148616790771484
2025-12-14,SKU016,14,16.916058,2.916057586669922
2025-12-15,SKU016,11,14.118955,3.118954658508301
2025-12-16,SKU016,14,14.232469,0.2324686050415039
2025-12-17,SKU016,13,14.178502,1.178502082824707
2025-12-18,SKU016,9,14.161226,5.161226272583008
2025-12-19,SKU016,14,14.90834,0.9083404541015625
2025-12-20,SKU016,19,15.931664,3.06833553314209
2025-12-21,SKU016,10,16.633646,6.633646011352539
2025-12-22,SKU016,13,13.605184,0.6051836013793945
2025-12-23,SKU016,11,13.758483,2.7584829330444336
2025-12-24,SKU016,14,13.935128,0.06487178802490234
2025-12-25,SKU016,18,13.92607,4.073929786682129
2025-12-26,SKU016,17,15.029103,1.9708967208862305
2025-12-27,SKU016,17,16.257639,0.7423610687255859
2025-12-28,SKU016,14,17.021101,3.0211009979248047
2025-12-29,SKU016,12,13.62785,1.6278495788574219
2025-12-30,SKU016,12,13.552569,1.5525693893432617
2025-12-31,SKU016,10,13.4714985,3.471498489379883
2025-09-20,SKU017,23,19.592838,3.4071617126464844
2025-09-21,SKU017,20,22.254326,2.2543258666992188
2025-09-22,SKU017,21,15.55113,5.448869705200195
2025-09-23,SKU017,14,16.445942,2.445941925048828
2025-09-24,SKU017,22,16.429287,5.570713043212891
2025-09-25,SKU017,15,16.113907,1.1139068603515625
2025-09-26,SKU017,18,17.377678,0.6223220825195312
2025-09-27,SKU017,13,23.06668,10.066680908203125
2025-09-28,SKU017,19,26.914146,7.914146423339844
2025-09-29,SKU017,15,17.524221,2.524221420288086
2025-09-30,SKU017,12,17.693605,5.693605422973633
2025-10-01,SKU017,21,17.524391,3.4756088256835938
2025-10-02,SKU017,17,17.28214,0.28214073181152344
2025-10-03,SKU017,24,18.262112,5.737888336181641
2025-10-04,SKU017,27,23.260715,3.7392845153808594
2025-10-05,SKU017,17,28.447002,11.447002410888672
2025-10-06,SKU017,22,18.726284,3.2737159729003906
2025-10-07,SKU017,13,18.69492,5.694919586181641
2025-10-08,SKU017,16,19.093355,3.093355178833008
2025-10-09,SKU017,19,18.301722,0.6982784271240234
2025-10-10,SKU017,16,19.390076,3.39007568359375
2025-10-11,SKU017,14,23.957191,9.957191467285156
2025-10-12,SKU017,28,29.048069,1.0480690002441406
2025-10-13,SKU017,18,19.229801,1.2298011779785156
2025-10-14,SKU017,20,19.742428,0.2575721740722656
2025-10-15,SKU017,16,19.861603,3.861602783203125
2025-10-16,SKU017,19,18.886513,0.11348724365234375
2025-10-17,SKU017,25,20.238083,4.7619171142578125
2025-10-18,SKU017,23,25.573689,2.573688507080078
2025-10-19,SKU017,28,31.06358,3.063579559326172
2025-10-20,SKU017,38,20.045513,17.954486846923828
2025-10-21,SKU017,33,24.74403,8.255970001220703
2025-10-22,SKU017,24,24.252836,0.2528362274169922
2025-10-23,SKU017,35,27.296532,7.703468322753906
2025-10-24,SKU017,25,36.42824,11.428241729736328
2025-10-25,SKU017,41,35.51063,5.489368438720703
2025-10-26,SKU017,35,36.823647,1.8236465454101562
2025-10-27,SKU017,23,26.660887,3.660886764526367
2025-10-28,SKU017,34,29.303158,4.696842193603516
2025-10-29,SKU017,30,26.632357,3.367643356323242
2025-10-30,SKU017,29,23.059414,5.940586090087891
2025-10-31,SKU017,32,32.06948,0.06948089599609375
2025-11-01,SKU017,38,31.192904,6.807096481323242
2025-11-02,SKU017,36,34.10838,1.8916206359863281
2025-11-03,SKU017,29,27.156918,1.8430824279785156
2025-11-04,SKU017,21,27.32745,6.327449798583984
2025-11-05,SKU017,17,21.383053,4.383052825927734
2025-11-06,SKU017,23,20.470097,2.5299034118652344
2025-11-07,SKU017,25,20.68789,4.312110900878906
2025-11-08,SKU017,20,22.8298,2.8297996520996094
2025-11-09,SKU017,26,25.03578,0.9642200469970703
2025-11-10,SKU017,11,19.168709,8.168708801269531
2025-11-11,SKU017,20,19.952946,0.047054290771484375
2025-11-12,SKU017,17,19.549393,2.5493927001953125
2025-11-13,SKU017,21,18.753906,2.24609375
2025-11-14,SKU017,17,21.38397,4.383970260620117
2025-11-15,SKU017,21,23.434784,2.434783935546875
2025-11-16,SKU017,22,23.110128,1.110128402709961
2025-11-17,SKU017,16,18.6098,2.609800338745117
2025-11-18,SKU017,21,18.696924,2.3030757904052734
2025-11-19,SKU017,19,18.629402,0.37059783935546875
2025-11-20,SKU017,17,18.23817,1.2381706237792969
2025-11-21,SKU017,27,25.631561,1.368438720703125
2025-11-22,SKU017,38,28.759457,9.240543365478516
2025-11-23,SKU017,40,34.05476,5.945240020751953
2025-11-24,SKU017,23,28.278034,5.278034210205078
2025-11-25,SKU017,23,27.032825,4.032825469970703
2025-11-26,SKU017,26,26.733103,0.7331027984619141
2025-11-27,SKU017,27,27.577019,0.5770187377929688
2025-11-28,SKU017,22,35.07652,13.076519012451172
2025-11-29,SKU017,33,34.43552,1.4355201721191406
2025-11-30,SKU017,22,34.724537,12.724536895751953
2025-12-01,SKU017,26,26.068548,0.06854820251464844
2025-12-02,SKU017,37,28.50018,8.499820709228516
2025-12-03,SKU017,24,27.543274,3.54327392578125
2025-12-04,SKU017,31,26.970753,4.029247283935547
2025-12-05,SKU017,28,32.657486,4.6574859619140625
2025-12-06,SKU017,24,29.3679,5.367900848388672
2025-12-07,SKU017,32,26.164942,5.835058212280273
2025-12-08,SKU017,17,20.197586,3.1975860595703125
2025-12-09,SKU017,22,20.798542,1.2014579772949219
2025-12-10,SKU017,18,18.152313,0.152313232421875
2025-12-11,SKU017,18,17.543629,0.4563713073730469
2025-12-12,SKU017,20,21.457935,1.4579353332519531
2025-12-13,SKU017,24,23.279253,0.7207469940185547
2025-12-14,SKU017,23,23.316391,0.3163909912109375
2025-12-15,SKU017,14,18.690954,4.690954208374023
2025-12-16,SKU017,20,18.607092,1.3929080963134766
2025-12-17,SKU017,15,18.571163,3.5711631774902344
2025-12-18,SKU017,14,18.075893,4.075893402099609
2025-12-19,SKU017,21,19.291933,1.7080669403076172
2025-12-20,SKU017,32,20.748928,11.25107192993164
2025-12-21,SKU017,17,21.710938,4.7109375
2025-12-22,SKU017,23,17.95236,5.047639846801758
2025-12-23,SKU017,17,17.793615,0.7936153411865234
2025-12-24,SKU017,19,18.013268,0.9867324829101562
2025-12-25,SKU017,18,17.901768,0.09823226928710938
2025-12-26,SKU017,24,19.527962,4.472038269042969
2025-12-27,SKU017,16,21.341309,5.34130859375
2025-12-28,SKU017,21,21.341335,0.3413352966308594
2025-12-29,SKU017,19,17.231281,1.7687187194824219
2025-12-30,SKU017,22,17.538445,4.461555480957031
2025-12-31,SKU017,18,17.726654,0.273345947265625
2025-09-20,SKU018,10,9.714031,0.2859687805175781
2025-09-21,SKU018,8,10.215619,2.2156190872192383
2025-09-22,SKU018,9,7.996112,1.0038881301879883
2025-09-23,SKU018,8,7.9458427,0.054157257080078125
2025-09-24,SKU018,9,7.7199235,1.280076503753662
2025-09-25,SKU018,7,7.8259697,0.8259696960449219
2025-09-26,SKU018,8,8.670313,0.6703128814697266
2025-09-27,SKU018,11,10.138967,0.8610334396362305
2025-09-28,SKU018,9,10.78502,1.785019874572754
2025-09-29,SKU018,7,8.401635,1.4016351699829102
2025-09-30,SKU018,7,8.1919985,1.1919984817504883
2025-10-01,SKU018,5,7.8990407,2.899040699005127
2025-10-02,SKU018,7,7.9507017,0.9507017135620117
2025-10-03,SKU018,14,8.834689,5.165310859680176
2025-10-04,SKU018,13,10.750248,2.2497520446777344
2025-10-05,SKU018,14,11.790616,2.209383964538574
2025-10-06,SKU018,10,9.298291,0.7017087936401367
2025-10-07,SKU018,10,9.220664,0.7793359756469727
2025-10-08,SKU018,9,9.053471,0.053470611572265625
2025-10-09,SKU018,7,9.17107,2.171070098876953
2025-10-10,SKU018,12,10.002981,1.997018814086914
2025-10-11,SKU018,12,12.099664,0.09966373443603516
2025-10-12,SKU018,9,13.3666115,4.366611480712891
2025-10-13,SKU018,10,10.113189,0.1131887435913086
2025-10-14,SKU018,12,9.837583,2.162417411804199
2025-10-15,SKU018,10,9.766047,0.23395347595214844
2025-10-16,SKU018,12,9.892403,2.1075973510742188
2025-10-17,SKU018,8,11.038936,3.038935661315918
2025-10-18,SKU018,13,13.067479,0.06747913360595703
2025-10-19,SKU018,14,14.5209875,0.5209875106811523
2025-10-20,SKU018,16,11.023693,4.976306915283203
2025-10-21,SKU018,13,13.4860735,0.48607349395751953
2025-10-22,SKU018,9,13.768811,4.768811225891113
2025-10-23,SKU018,14,14.144391,0.14439105987548828
2025-10-24,SKU018,13,17.908401,4.9084014892578125
2025-10-25,SKU018,11,16.869322,5.869321823120117
2025-10-26,SKU018,19,16.604464,2.395536422729492
2025-10-27,SKU018,18,13.815055,4.184945106506348
2025-10-28,SKU018,15,15.161279,0.16127872467041016
2025-10-29,SKU018,11,14.055302,3.0553016662597656
2025-10-30,SKU018,14,11.927877,2.072122573852539
2025-10-31,SKU018,22,15.121755,6.8782453536987305
2025-11-01,SKU018,19,13.600261,5.3997392654418945
2025-11-02,SKU018,17,16.50877,0.4912300109863281
2025-11-03,SKU018,12,13.830689,1.8306894302368164
2025-11-04,SKU018,8,13.87881,5.878809928894043
2025-11-05,SKU018,14,11.539104,2.460895538330078
2025-11-06,SKU018,9,10.786772,1.7867717742919922
2025-11-07,SKU018,12,10.673887,1.3261127471923828
2025-11-08,SKU018,10,11.642495,1.6424951553344727
2025-11-09,SKU018,10,12.378062,2.3780622482299805
2025-11-10,SKU018,9,10.1559925,1.1559925079345703
2025-11-11,SKU018,7,10.285172,3.285172462463379
2025-11-12,SKU018,9,9.99713,0.9971303939819336
2025-11-13,SKU018,9,10.013704,1.0137042999267578
2025-11-14,SKU018,9,11.015069,2.015069007873535
2025-11-15,SKU018,13,11.915877,1.084122657775879
2025-11-16,SKU018,10,12.199399,2.199398994445801
2025-11-17,SKU018,12,10.058024,1.9419755935668945
2025-11-18,SKU018,9,10.415572,1.415572166442871
2025-11-19,SKU018,11,10.542455,0.45754528045654297
2025-11-20,SKU018,14,10.404328,3.5956716537475586
2025-11-21,SKU018,12,15.322022,3.3220224380493164
2025-11-22,SKU018,7,15.962371,8.962370872497559
2025-11-23,SKU018,12,16.800776,4.800775527954102
2025-11-24,SKU018,14,13.429896,0.570103645324707
2025-11-25,SKU018,16,14.392139,1.6078605651855469
2025-11-26,SKU018,15,15.173549,0.17354869842529297
2025-11-27,SKU018,13,14.670156,1.6701555252075195
2025-11-28,SKU018,22,16.549675,5.450325012207031
2025-11-29,SKU018,17,16.606337,0.3936634063720703
2025-11-30,SKU018,16,16.302538,0.3025379180908203
2025-12-01,SKU018,16,13.627278,2.3727216720581055
2025-12-02,SKU018,9,14.500258,5.500258445739746
2025-12-03,SKU018,12,14.486291,2.48629093170166
2025-12-04,SKU018,13,13.340241,0.3402414321899414
2025-12-05,SKU018,21,15.021251,5.9787492752075195
2025-12-06,SKU018,10,12.923793,2.923792839050293
2025-12-07,SKU018,12,12.204573,0.2045726776123047
2025-12-08,SKU018,9,10.161668,1.161667823791504
2025-12-09,SKU018,6,10.377356,4.377355575561523
2025-12-10,SKU018,11,9.804379,1.1956205368041992
2025-12-11,SKU018,10,9.787257,0.21274280548095703
2025-12-12,SKU018,11,10.73069,0.26930999755859375
2025-12-13,SKU018,9,11.915326,2.9153261184692383
2025-12-14,SKU018,10,12.202176,2.202176094055176
2025-12-15,SKU018,9,9.966514,0.9665136337280273
2025-12-16,SKU018,9,10.134114,1.1341142654418945
2025-12-17,SKU018,11,10.178424,0.8215761184692383
2025-12-18,SKU018,11,10.174832,0.8251676559448242
2025-12-19,SKU018,10,11.158441,1.1584405899047852
2025-12-20,SKU018,19,12.24096,6.759039878845215
2025-12-21,SKU018,15,12.999579,2.000420570373535
2025-12-22,SKU018,10,10.7267065,0.7267065048217773
2025-12-23,SKU018,10,11.160765,1.1607646942138672
2025-12-24,SKU018,9,11.480496,2.480496406555176
2025-12-25,SKU018,14,11.207192,2.7928075790405273
2025-12-26,SKU018,11,11.868683,0.868682861328125
2025-12-27,SKU018,11,12.869718,1.8697175979614258
2025-12-28,SKU018,14,13.294192,0.7058076858520508
2025-12-29,SKU018,8,10.748177,2.7481765747070312
2025-12-30,SKU018,14,10.6501045,3.349895477294922
2025-12-31,SKU018,11,10.777575,0.2224254608154297
2025-09-20,SKU019,8,11.277828,3.2778282165527344
2025-09-21,SKU019,11,11.626578,0.6265783309936523
2025-09-22,SKU019,9,9.126776,0.12677574157714844
2025-09-23,SKU019,6,9.272475,3.272475242614746
2025-09-24,SKU019,8,9.001315,1.0013151168823242
2025-09-25,SKU019,9,9.010974,0.010973930358886719
2025-09-26,SKU019,9,9.872188,0.872187614440918
2025-09-27,SKU019,9,11.242633,2.2426328659057617
2025-09-28,SKU019,10,11.613253,1.6132526397705078
2025-09-29,SKU019,9,9.033304,0.03330421447753906
2025-09-30,SKU019,9,9.087381,0.08738136291503906
2025-10-01,SKU019,8,8.875142,0.8751420974731445
2025-10-02,SKU019,10,8.965184,1.034815788269043
2025-10-03,SKU019,12,9.974517,2.0254831314086914
2025-10-04,SKU019,12,11.874345,0.1256551742553711
2025-10-05,SKU019,14,12.868627,1.131373405456543
2025-10-06,SKU019,7,9.976743,2.976742744445801
2025-10-07,SKU019,12,9.83478,2.165220260620117
2025-10-08,SKU019,10,9.777757,0.2222433090209961
2025-10-09,SKU019,8,9.83989,1.8398895263671875
2025-10-10,SKU019,13,10.623904,2.376095771789551
2025-10-11,SKU019,11,12.771626,1.7716264724731445
2025-10-12,SKU019,12,13.780383,1.7803831100463867
2025-10-13,SKU019,9,10.440163,1.4401626586914062
2025-10-14,SKU019,11,10.264195,0.735804557800293
2025-10-15,SKU019,9,10.187563,1.1875629425048828
2025-10-16,SKU019,8,10.252515,2.2525148391723633
2025-10-17,SKU019,12,11.043405,0.9565954208374023
2025-10-18,SKU019,10,13.148204,3.1482038497924805
2025-10-19,SKU019,9,14.179279,5.179279327392578
2025-10-20,SKU019,17,10.68366,6.316340446472168
2025-10-21,SKU019,14,13.5931425,0.4068574905395508
2025-10-22,SKU019,11,13.746169,2.746169090270996
2025-10-23,SKU019,13,14.2396345,1.2396345138549805
2025-10-24,SKU019,18,18.27777,0.2777690887451172
2025-10-25,SKU019,14,17.249828,3.249828338623047
2025-10-26,SKU019,19,16.329575,2.6704254150390625
2025-10-27,SKU019,15,13.889119,1.1108808517456055
2025-10-28,SKU019,15,15.327276,0.32727622985839844
2025-10-29,SKU019,14,14.760585,0.760584831237793
2025-10-30,SKU019,12,12.775374,0.7753744125366211
2025-10-31,SKU019,17,16.051603,0.9483966827392578
2025-11-01,SKU019,18,14.901421,3.0985794067382812
2025-11-02,SKU019,21,16.299702,4.700298309326172
2025-11-03,SKU019,14,14.057275,0.057274818420410156
2025-11-04,SKU019,17,14.379268,2.620732307434082
2025-11-05,SKU019,13,11.748355,1.2516450881958008
2025-11-06,SKU019,11,10.903517,0.09648323059082031
2025-11-07,SKU019,11,11.136716,0.13671588897705078
2025-11-08,SKU019,11,12.067013,1.0670127868652344
2025-11-09,SKU019,12,12.444848,0.44484806060791016
2025-11-10,SKU019,11,10.265925,0.734074592590332
2025-11-11,SKU019,9,10.654328,1.6543283462524414
2025-11-12,SKU019,8,10.258595,2.2585954666137695
2025-11-13,SKU019,12,10.265162,1.734837532043457
2025-11-14,SKU019,9,11.676507,2.676506996154785
2025-11-15,SKU019,12,12.687858,0.6878576278686523
2025-11-16,SKU019,11,12.892264,1.8922643661499023
2025-11-17,SKU019,9,10.632231,1.6322307586669922
2025-11-18,SKU019,10,10.977086,0.977086067199707
2025-11-19,SKU019,9,11.308484,2.3084840774536133
2025-11-20,SKU019,14,11.111779,2.88822078704834
2025-11-21,SKU019,18,16.140722,1.8592777252197266
2025-11-22,SKU019,20,16.827534,3.172466278076172
2025-11-23,SKU019,18,19.14228,1.1422805786132812
2025-11-24,SKU019,14,14.863185,0.863184928894043
2025-11-25,SKU019,14,15.12643,1.126429557800293
2025-11-26,SKU019,20,15.978763,4.021237373352051
2025-11-27,SKU019,15,15.718302,0.7183017730712891
2025-11-28,SKU019,13,18.065102,5.065101623535156
2025-11-29,SKU019,18,18.14685,0.1468505859375
2025-11-30,SKU019,19,17.101728,1.8982715606689453
2025-12-01,SKU019,16,14.725918,1.2740821838378906
2025-12-02,SKU019,16,15.540509,0.4594907760620117
2025-12-03,SKU019,15,15.756798,0.7567977905273438
2025-12-04,SKU019,14,14.655545,0.6555452346801758
2025-12-05,SKU019,16,16.061865,0.06186485290527344
2025-12-06,SKU019,11,14.995543,3.995542526245117
2025-12-07,SKU019,12,13.528205,1.5282049179077148
2025-12-08,SKU019,11,11.350951,0.3509511947631836
2025-12-09,SKU019,11,11.488728,0.4887275695800781
2025-12-10,SKU019,12,10.737394,1.2626056671142578
2025-12-11,SKU019,8,10.674792,2.6747922897338867
2025-12-12,SKU019,8,11.85901,3.8590097427368164
2025-12-13,SKU019,9,12.943924,3.9439239501953125
2025-12-14,SKU019,9,12.890439,3.890439033508301
2025-12-15,SKU019,11,10.699339,0.3006610870361328
2025-12-16,SKU019,11,11.027199,0.02719879150390625
2025-12-17,SKU019,12,11.147631,0.8523693084716797
2025-12-18,SKU019,8,11.359581,3.3595809936523438
2025-12-19,SKU019,13,12.488034,0.5119657516479492
2025-12-20,SKU019,15,13.811844,1.1881561279296875
2025-12-21,SKU019,14,13.983613,0.016386985778808594
2025-12-22,SKU019,11,11.306728,0.3067283630371094
2025-12-23,SKU019,9,11.582379,2.5823793411254883
2025-12-24,SKU019,8,11.693563,3.693563461303711
2025-12-25,SKU019,13,11.380977,1.619023323059082
2025-12-26,SKU019,8,12.19955,4.199549674987793
2025-12-27,SKU019,8,12.93105,4.9310503005981445
2025-12-28,SKU019,13,12.809108,0.19089221954345703
2025-12-29,SKU019,8,10.393442,2.393442153930664
2025-12-30,SKU019,9,10.260084,1.2600841522216797
2025-12-31,SKU019,11,10.225415,0.7745847702026367
2025-09-20,SKU020,18,25.772495,7.772495269775391
2025-09-21,SKU020,22,30.470142,8.470142364501953
2025-09-22,SKU020,17,19.541008,2.5410079956054688
2025-09-23,SKU020,16,19.927938,3.927938461303711
2025-09-24,SKU020,17,20.203632,3.203632354736328
2025-09-25,SKU020,22,19.381973,2.6180267333984375
2025-09-26,SKU020,26,20.626324,5.373676300048828
2025-09-27,SKU020,35,25.055128,9.94487190246582
2025-09-28,SKU020,24,31.352726,7.352725982666016
2025-09-29,SKU020,18,21.218817,3.2188167572021484
2025-09-30,SKU020,21,20.61878,0.38121986389160156
2025-10-01,SKU020,20,20.848978,0.8489780426025391
2025-10-02,SKU020,29,20.162,8.83799934387207
2025-10-03,SKU020,31,21.616245,9.38375473022461
2025-10-04,SKU020,33,27.464989,5.535011291503906
2025-10-05,SKU020,35,35.17123,0.17123031616210938
2025-10-06,SKU020,22,23.442682,1.4426822662353516
2025-10-07,SKU020,18,22.502226,4.502225875854492
2025-10-08,SKU020,29,22.68782,6.3121795654296875
2025-10-09,SKU020,24,21.392662,2.6073379516601562
2025-10-10,SKU020,25,21.704844,3.295156478881836
2025-10-11,SKU020,15,28.108185,13.108184814453125
2025-10-12,SKU020,26,33.638577,7.638576507568359
2025-10-13,SKU020,18,21.192257,3.1922569274902344
2025-10-14,SKU020,31,21.403585,9.596414566040039
2025-10-15,SKU020,15,22.492989,7.492988586425781
2025-10-16,SKU020,15,20.529625,5.529624938964844
2025-10-17,SKU020,29,21.07653,7.923469543457031
2025-10-18,SKU020,26,26.059229,0.05922889709472656
2025-10-19,SKU020,39,32.2917,6.708301544189453
2025-10-20,SKU020,47,22.81807,24.181930541992188
2025-10-21,SKU020,41,27.083332,13.916667938232422
2025-10-22,SKU020,35,24.777132,10.222867965698242
2025-10-23,SKU020,54,28.653759,25.346240997314453
2025-10-24,SKU020,57,37.36821,19.631790161132812
2025-10-25,SKU020,32,36.85434,4.854339599609375
2025-10-26,SKU020,58,39.51771,18.482288360595703
2025-10-27,SKU020,39,29.678993,9.321006774902344
2025-10-28,SKU020,44,31.16103,12.838970184326172
2025-10-29,SKU020,51,25.710995,25.289005279541016
2025-10-30,SKU020,34,24.88947,9.110530853271484
2025-10-31,SKU020,45,31.493229,13.506771087646484
2025-11-01,SKU020,41,38.09393,2.9060707092285156
2025-11-02,SKU020,63,39.099415,23.900585174560547
2025-11-03,SKU020,33,33.191685,0.19168472290039062
2025-11-04,SKU020,29,30.794628,1.7946281433105469
2025-11-05,SKU020,40,27.496548,12.50345230102539
2025-11-06,SKU020,21,25.989815,4.989814758300781
2025-11-07,SKU020,29,24.442728,4.557271957397461
2025-11-08,SKU020,44,28.531885,15.468114852905273
2025-11-09,SKU020,36,30.29288,5.707120895385742
2025-11-10,SKU020,24,24.837206,0.8372058868408203
2025-11-11,SKU020,27,23.601936,3.3980636596679688
2025-11-12,SKU020,24,23.830845,0.16915512084960938
2025-11-13,SKU020,31,22.943531,8.056468963623047
2025-11-14,SKU020,30,24.456684,5.543315887451172
2025-11-15,SKU020,29,27.682617,1.3173828125
2025-11-16,SKU020,43,29.239563,13.76043701171875
2025-11-17,SKU020,17,22.226648,5.226648330688477
2025-11-18,SKU020,23,23.207626,0.2076263427734375
2025-11-19,SKU020,26,23.181469,2.818531036376953
2025-11-20,SKU020,51,22.433958,28.566041946411133
2025-11-21,SKU020,50,30.470959,19.529041290283203
2025-11-22,SKU020,61,36.130566,24.869434356689453
2025-11-23,SKU020,45,40.301434,4.698566436767578
2025-11-24,SKU020,40,32.764473,7.235527038574219
2025-11-25,SKU020,37,30.56635,6.433649063110352
2025-11-26,SKU020,28,28.572672,0.5726718902587891
2025-11-27,SKU020,35,26.849247,8.150753021240234
2025-11-28,SKU020,40,35.583424,4.416576385498047
2025-11-29,SKU020,50,38.377613,11.622386932373047
2025-11-30,SKU020,37,39.955055,2.9550552368164062
2025-12-01,SKU020,31,31.582499,0.5824985504150391
2025-12-02,SKU020,35,30.766958,4.233041763305664
2025-12-03,SKU020,45,28.754549,16.245450973510742
2025-12-04,SKU020,39,26.809967,12.190032958984375
2025-12-05,SKU020,49,34.337246,14.66275405883789
2025-12-06,SKU020,40,38.030685,1.9693145751953125
2025-12-07,SKU020,24,33.468555,9.468555450439453
2025-12-08,SKU020,27,23.442612,3.5573883056640625
2025-12-09,SKU020,30,23.480066,6.519933700561523
2025-12-10,SKU020,25,24.065662,0.9343376159667969
2025-12-11,SKU020,19,22.489803,3.4898033142089844
2025-12-12,SKU020,23,24.176014,1.1760139465332031
2025-12-13,SKU020,39,27.842033,11.157966613769531
2025-12-14,SKU020,35,29.171711,5.828289031982422
2025-12-15,SKU020,18,23.244991,5.244991302490234
2025-12-16,SKU020,33,22.75111,10.248889923095703
2025-12-17,SKU020,29,22.728624,6.27137565612793
2025-12-18,SKU020,11,21.999163,10.999162673950195
2025-12-19,SKU020,34,24.551596,9.448404312133789
2025-12-20,SKU020,30,26.919018,3.080982208251953
2025-12-21,SKU020,24,28.31487,4.314870834350586
2025-12-22,SKU020,24,22.316036,1.6839637756347656
2025-12-23,SKU020,30,21.365711,8.634288787841797
2025-12-24,SKU020,24,22.166483,1.833517074584961
2025-12-25,SKU020,32,21.412634,10.587366104125977
2025-12-26,SKU020,37,23.877352,13.122648239135742
2025-12-27,SKU020,38,27.140118,10.859882354736328
2025-12-28,SKU020,24,30.592203,6.592203140258789
2025-12-29,SKU020,29,22.857525,6.142475128173828
2025-12-30,SKU020,30,21.435284,8.564716339111328
2025-12-31,SKU020,21,21.89496,0.8949604034423828
2025-09-20,SKU021,15,15.863725,0.8637247085571289
2025-09-21,SKU021,12,16.746893,4.746892929077148
2025-09-22,SKU021,12,12.576936,0.5769357681274414
2025-09-23,SKU021,13,12.626186,0.3738136291503906
2025-09-24,SKU021,11,12.526238,1.5262384414672852
2025-09-25,SKU021,9,12.416887,3.4168872833251953
2025-09-26,SKU021,17,13.32488,3.6751203536987305
2025-09-27,SKU021,17,15.784374,1.2156257629394531
2025-09-28,SKU021,14,16.65538,2.6553802490234375
2025-09-29,SKU021,15,12.522235,2.4777650833129883
2025-09-30,SKU021,11,12.757258,1.757258415222168
2025-10-01,SKU021,15,12.597387,2.4026126861572266
2025-10-02,SKU021,23,12.903574,10.096426010131836
2025-10-03,SKU021,19,15.063932,3.936067581176758
2025-10-04,SKU021,20,18.39325,1.60675048828125
2025-10-05,SKU021,28,20.94251,7.057489395141602
2025-10-06,SKU021,19,15.324073,3.67592716217041
2025-10-07,SKU021,16,15.816623,0.18337726593017578
2025-10-08,SKU021,10,15.979335,5.979334831237793
2025-10-09,SKU021,16,15.595163,0.40483665466308594
2025-10-10,SKU021,19,16.99986,2.0001392364501953
2025-10-11,SKU021,14,20.839863,6.839862823486328
2025-10-12,SKU021,23,23.480888,0.48088836669921875
2025-10-13,SKU021,17,16.391333,0.6086673736572266
2025-10-14,SKU021,15,16.691452,1.6914520263671875
2025-10-15,SKU021,15,16.704914,1.7049140930175781
2025-10-16,SKU021,16,16.366879,0.3668785095214844
2025-10-17,SKU021,21,17.751835,3.2481651306152344
2025-10-18,SKU021,11,21.608036,10.608036041259766
2025-10-19,SKU021,19,23.58722,4.58721923828125
2025-10-20,SKU021,20,16.227499,3.772500991821289
2025-10-21,SKU021,25,20.067272,4.932727813720703
2025-10-22,SKU021,23,21.51,1.489999771118164
2025-10-23,SKU021,24,22.254045,1.7459545135498047
2025-10-24,SKU021,13,29.974262,16.974262237548828
2025-10-25,SKU021,26,28.548397,2.5483970642089844
2025-10-26,SKU021,27,28.03386,1.0338592529296875
2025-10-27,SKU021,26,22.279358,3.72064208984375
2025-10-28,SKU021,26,24.635487,1.3645133972167969
2025-10-29,SKU021,23,22.023605,0.9763946533203125
2025-10-30,SKU021,27,20.762562,6.237438201904297
2025-10-31,SKU021,22,27.339655,5.339654922485352
2025-11-01,SKU021,34,26.697884,7.302116394042969
2025-11-02,SKU021,33,27.884651,5.115348815917969
2025-11-03,SKU021,21,23.773392,2.7733917236328125
2025-11-04,SKU021,26,21.582573,4.417427062988281
2025-11-05,SKU021,22,15.373731,6.626269340515137
2025-11-06,SKU021,11,16.249065,5.249065399169922
2025-11-07,SKU021,20,15.856462,4.143538475036621
2025-11-08,SKU021,16,16.915539,0.9155387878417969
2025-11-09,SKU021,26,17.865925,8.134075164794922
2025-11-10,SKU021,11,15.136755,4.136754989624023
2025-11-11,SKU021,14,15.393409,1.3934087753295898
2025-11-12,SKU021,20,15.109062,4.890937805175781
2025-11-13,SKU021,18,15.378991,2.62100887298584
2025-11-14,SKU021,16,17.77539,1.775390625
2025-11-15,SKU021,19,19.736126,0.7361259460449219
2025-11-16,SKU021,26,19.527714,6.472286224365234
2025-11-17,SKU021,13,16.393284,3.3932838439941406
2025-11-18,SKU021,18,16.522186,1.477813720703125
2025-11-19,SKU021,12,16.632704,4.63270378112793
2025-11-20,SKU021,21,16.562668,4.4373321533203125
2025-11-21,SKU021,27,23.194683,3.805316925048828
2025-11-22,SKU021,32,26.443415,5.556585311889648
2025-11-23,SKU021,29,30.647055,1.647054672241211
2025-11-24,SKU021,28,23.68251,4.3174896240234375
2025-11-25,SKU021,26,23.188232,2.811767578125
2025-11-26,SKU021,20,24.158644,4.15864372253418
2025-11-27,SKU021,23,24.602774,1.602773666381836
2025-11-28,SKU021,25,31.352816,6.352815628051758
2025-11-29,SKU021,32,31.273798,0.7262020111083984
2025-11-30,SKU021,27,31.128334,4.128334045410156
2025-12-01,SKU021,25,23.943724,1.0562763214111328
2025-12-02,SKU021,27,26.221031,0.7789688110351562
2025-12-03,SKU021,28,24.195942,3.804058074951172
2025-12-04,SKU021,35,23.841515,11.158485412597656
2025-12-05,SKU021,31,27.218079,3.78192138671875
2025-12-06,SKU021,20,23.090572,3.0905723571777344
2025-12-07,SKU021,27,23.14295,3.8570499420166016
2025-12-08,SKU021,14,18.1996,4.1996002197265625
2025-12-09,SKU021,16,18.084774,2.0847740173339844
2025-12-10,SKU021,19,16.167837,2.832162857055664
2025-12-11,SKU021,5,16.173616,11.173616409301758
2025-12-12,SKU021,28,17.810982,10.189018249511719
2025-12-13,SKU021,14,19.759047,5.75904655456543
2025-12-14,SKU021,23,19.767036,3.2329635620117188
2025-12-15,SKU021,13,16.620403,3.620403289794922
2025-12-16,SKU021,17,16.803034,0.19696617126464844
2025-12-17,SKU021,21,16.79073,4.209270477294922
2025-12-18,SKU021,17,17.23702,0.23702049255371094
2025-12-19,SKU021,16,18.821161,2.8211612701416016
2025-12-20,SKU021,17,20.385815,3.385814666748047
2025-12-21,SKU021,14,19.927124,5.9271240234375
2025-12-22,SKU021,16,16.240639,0.24063873291015625
2025-12-23,SKU021,12,16.453018,4.4530181884765625
2025-12-24,SKU021,14,16.786116,2.7861156463623047
2025-12-25,SKU021,12,16.561203,4.5612030029296875
2025-12-26,SKU021,21,17.290783,3.709217071533203
2025-12-27,SKU021,19,18.6983,0.3017005920410156
2025-12-28,SKU021,30,19.00092,10.999080657958984
2025-12-29,SKU021,18,16.788311,1.2116889953613281
2025-12-30,SKU021,13,16.621002,3.621002197265625
2025-12-31,SKU021,18,16.297531,1.7024688720703125
2025-09-20,SKU022,10,13.578988,3.5789880752563477
2025-09-21,SKU022,11,14.163911,3.1639108657836914
2025-09-22,SKU022,9,10.82145,1.8214502334594727
2025-09-23,SKU022,12,10.733166,1.2668342590332031
2025-09-24,SKU022,10,10.468669,0.46866893768310547
2025-09-25,SKU022,6,10.578706,4.578705787658691
2025-09-26,SKU022,11,11.445994,0.44599437713623047
2025-09-27,SKU022,12,13.163892,1.1638917922973633
2025-09-28,SKU022,9,13.840921,4.840921401977539
2025-09-29,SKU022,8,10.608125,2.6081247329711914
2025-09-30,SKU022,9,10.484564,1.4845638275146484
2025-10-01,SKU022,12,10.091033,1.9089670181274414
2025-10-02,SKU022,8,10.373649,2.3736486434936523
2025-10-03,SKU022,12,11.430131,0.5698690414428711
2025-10-04,SKU022,12,13.312972,1.312972068786621
2025-10-05,SKU022,11,14.097589,3.097588539123535
2025-10-06,SKU022,12,10.750591,1.2494087219238281
2025-10-07,SKU022,12,10.749391,1.2506093978881836
2025-10-08,SKU022,7,10.531022,3.531022071838379
2025-10-09,SKU022,13,10.531477,2.4685230255126953
2025-10-10,SKU022,13,11.847007,1.1529932022094727
2025-10-11,SKU022,13,13.692196,0.6921958923339844
2025-10-12,SKU022,16,14.838291,1.1617088317871094
2025-10-13,SKU022,9,11.353207,2.3532066345214844
2025-10-14,SKU022,7,11.198041,4.198040962219238
2025-10-15,SKU022,12,10.778906,1.2210941314697266
2025-10-16,SKU022,13,10.984965,2.0150346755981445
2025-10-17,SKU022,16,12.226798,3.7732019424438477
2025-10-18,SKU022,16,14.569158,1.430842399597168
2025-10-19,SKU022,14,16.012833,2.0128326416015625
2025-10-20,SKU022,14,12.019435,1.980565071105957
2025-10-21,SKU022,26,14.2292185,11.770781517028809
2025-10-22,SKU022,21,15.577356,5.422643661499023
2025-10-23,SKU022,15,16.031757,1.0317573547363281
2025-10-24,SKU022,17,20.889225,3.8892250061035156
2025-10-25,SKU022,14,20.372059,6.372058868408203
2025-10-26,SKU022,19,21.24792,2.2479190826416016
2025-10-27,SKU022,16,17.02865,1.0286502838134766
2025-10-28,SKU022,17,17.943203,0.9432029724121094
2025-10-29,SKU022,15,14.535737,0.4642629623413086
2025-10-30,SKU022,21,13.471238,7.528761863708496
2025-10-31,SKU022,12,15.4391165,3.4391164779663086
2025-11-01,SKU022,23,15.060793,7.939207077026367
2025-11-02,SKU022,14,18.783642,4.783641815185547
2025-11-03,SKU022,16,16.345177,0.34517669677734375
2025-11-04,SKU022,20,15.448368,4.551631927490234
2025-11-05,SKU022,17,12.42299,4.577010154724121
2025-11-06,SKU022,9,12.975872,3.975872039794922
2025-11-07,SKU022,14,12.34242,1.6575803756713867
2025-11-08,SKU022,21,13.073616,7.926383972167969
2025-11-09,SKU022,13,14.456449,1.4564485549926758
2025-11-10,SKU022,13,12.048381,0.9516191482543945
2025-11-11,SKU022,10,12.127555,2.1275548934936523
2025-11-12,SKU022,9,11.759743,2.7597427368164062
2025-11-13,SKU022,10,11.917548,1.9175481796264648
2025-11-14,SKU022,13,13.345305,0.3453054428100586
2025-11-15,SKU022,13,14.472201,1.4722013473510742
2025-11-16,SKU022,9,14.854043,5.854043006896973
2025-11-17,SKU022,10,12.1350355,2.135035514831543
2025-11-18,SKU022,9,12.187435,3.1874351501464844
2025-11-19,SKU022,11,12.263412,1.2634124755859375
2025-11-20,SKU022,12,12.443332,0.4433317184448242
2025-11-21,SKU022,23,17.49976,5.500240325927734
2025-11-22,SKU022,27,18.810822,8.189178466796875
2025-11-23,SKU022,19,20.980051,1.980051040649414
2025-11-24,SKU022,17,16.552,0.4479999542236328
2025-11-25,SKU022,23,16.475016,6.524984359741211
2025-11-26,SKU022,20,18.063313,1.9366874694824219
2025-11-27,SKU022,23,17.687061,5.312938690185547
2025-11-28,SKU022,20,21.089577,1.0895767211914062
2025-11-29,SKU022,19,21.747337,2.7473373413085938
2025-11-30,SKU022,24,22.374971,1.6250286102294922
2025-12-01,SKU022,17,18.747025,1.7470245361328125
2025-12-02,SKU022,20,19.719524,0.2804756164550781
2025-12-03,SKU022,29,18.325624,10.674375534057617
2025-12-04,SKU022,18,17.597843,0.4021568298339844
2025-12-05,SKU022,22,18.69173,3.308269500732422
2025-12-06,SKU022,19,16.43885,2.5611495971679688
2025-12-07,SKU022,13,15.868933,2.8689327239990234
2025-12-08,SKU022,6,13.357646,7.3576459884643555
2025-12-09,SKU022,15,12.990741,2.0092592239379883
2025-12-10,SKU022,13,12.448406,0.5515937805175781
2025-12-11,SKU022,13,12.453887,0.5461130142211914
2025-12-12,SKU022,13,13.899203,0.8992033004760742
2025-12-13,SKU022,14,15.321135,1.3211345672607422
2025-12-14,SKU022,12,15.679624,3.679623603820801
2025-12-15,SKU022,12,13.051759,1.0517587661743164
2025-12-16,SKU022,11,13.274976,2.2749757766723633
2025-12-17,SKU022,12,13.419018,1.4190177917480469
2025-12-18,SKU022,12,13.523509,1.5235090255737305
2025-12-19,SKU022,11,14.522105,3.5221052169799805
2025-12-20,SKU022,13,15.435323,2.4353227615356445
2025-12-21,SKU022,15,15.803222,0.8032217025756836
2025-12-22,SKU022,14,13.243167,0.7568330764770508
2025-12-23,SKU022,7,13.459901,6.459900856018066
2025-12-24,SKU022,13,13.444335,0.4443349838256836
2025-12-25,SKU022,14,13.473392,0.5266084671020508
2025-12-26,SKU022,16,14.270179,1.7298212051391602
2025-12-27,SKU022,15,15.350925,0.3509254455566406
2025-12-28,SKU022,13,15.7499,2.7498998641967773
2025-12-29,SKU022,11,12.809353,1.8093528747558594
2025-12-30,SKU022,12,12.834104,0.8341035842895508
2025-12-31,SKU022,8,12.737123,4.737122535705566
2025-09-20,SKU023,14,14.931904,0.9319038391113281
2025-09-21,SKU023,13,15.760389,2.7603893280029297
2025-09-22,SKU023,12,11.907519,0.09248065948486328
2025-09-23,SKU023,12,11.98058,0.01941967010498047
2025-09-24,SKU023,10,11.8313055,1.8313055038452148
2025-09-25,SKU023,7,11.726152,4.726152420043945
2025-09-26,SKU023,15,12.530002,2.469998359680176
2025-09-27,SKU023,7,14.7814,7.781399726867676
2025-09-28,SKU023,12,14.914968,2.9149675369262695
2025-09-29,SKU023,10,11.412141,1.4121408462524414
2025-09-30,SKU023,6,11.51459,5.514590263366699
2025-10-01,SKU023,7,11.057932,4.057931900024414
2025-10-02,SKU023,14,10.924029,3.0759706497192383
2025-10-03,SKU023,11,12.173872,1.1738719940185547
2025-10-04,SKU023,15,13.847214,1.1527862548828125
2025-10-05,SKU023,14,14.867993,0.8679933547973633
2025-10-06,SKU023,14,11.405119,2.594881057739258
2025-10-07,SKU023,14,11.566746,2.4332542419433594
2025-10-08,SKU023,10,11.565896,1.5658960342407227
2025-10-09,SKU023,10,11.478263,1.4782629013061523
2025-10-10,SKU023,17,12.472556,4.527443885803223
2025-10-11,SKU023,13,15.151692,2.1516923904418945
2025-10-12,SKU023,16,16.216028,0.21602821350097656
2025-10-13,SKU023,12,12.155888,0.15588760375976562
2025-10-14,SKU023,16,12.160928,3.8390722274780273
2025-10-15,SKU023,16,12.243059,3.7569408416748047
2025-10-16,SKU023,11,12.532583,1.532583236694336
2025-10-17,SKU023,16,13.686484,2.3135156631469727
2025-10-18,SKU023,20,16.872477,3.127523422241211
2025-10-19,SKU023,14,18.98933,4.989330291748047
2025-10-20,SKU023,26,13.574513,12.42548656463623
2025-10-21,SKU023,19,16.498434,2.501565933227539
2025-10-22,SKU023,30,17.337072,12.662927627563477
2025-10-23,SKU023,16,19.2986,3.2985992431640625
2025-10-24,SKU023,30,25.948256,4.05174446105957
2025-10-25,SKU023,29,26.805016,2.1949844360351562
2025-10-26,SKU023,18,24.63271,6.632709503173828
2025-10-27,SKU023,16,18.929623,2.9296226501464844
2025-10-28,SKU023,25,21.266594,3.7334060668945312
2025-10-29,SKU023,18,20.114399,2.114398956298828
2025-10-30,SKU023,18,16.457275,1.542724609375
2025-10-31,SKU023,28,20.01535,7.984649658203125
2025-11-01,SKU023,25,18.696907,6.303092956542969
2025-11-02,SKU023,26,22.63087,3.369129180908203
2025-11-03,SKU023,19,19.73813,0.7381305694580078
2025-11-04,SKU023,23,19.06927,3.9307308197021484
2025-11-05,SKU023,24,14.582753,9.41724681854248
2025-11-06,SKU023,11,15.1437025,4.143702507019043
2025-11-07,SKU023,16,14.852199,1.147801399230957
2025-11-08,SKU023,17,15.847068,1.1529321670532227
2025-11-09,SKU023,22,17.04989,4.950109481811523
2025-11-10,SKU023,13,14.229099,1.2290992736816406
2025-11-11,SKU023,14,14.481751,0.4817514419555664
2025-11-12,SKU023,13,14.059583,1.0595827102661133
2025-11-13,SKU023,14,14.212347,0.21234703063964844
2025-11-14,SKU023,11,16.216553,5.216552734375
2025-11-15,SKU023,14,17.465096,3.4650955200195312
2025-11-16,SKU023,16,17.324528,1.3245277404785156
2025-11-17,SKU023,16,14.472995,1.5270051956176758
2025-11-18,SKU023,14,14.788939,0.7889394760131836
2025-11-19,SKU023,13,14.912941,1.9129409790039062
2025-11-20,SKU023,25,14.970773,10.029227256774902
2025-11-21,SKU023,25,21.814804,3.1851959228515625
2025-11-22,SKU023,25,24.16961,0.8303909301757812
2025-11-23,SKU023,14,27.950846,13.950845718383789
2025-11-24,SKU023,28,20.064596,7.935403823852539
2025-11-25,SKU023,22,19.998775,2.0012245178222656
2025-11-26,SKU023,26,21.73668,4.2633209228515625
2025-11-27,SKU023,23,22.105537,0.8944625854492188
2025-11-28,SKU023,25,27.728943,2.72894287109375
2025-11-29,SKU023,27,28.636219,1.6362190246582031
2025-11-30,SKU023,17,27.708673,10.708673477172852
2025-12-01,SKU023,16,20.735563,4.735563278198242
2025-12-02,SKU023,19,22.580778,3.580778121948242
2025-12-03,SKU023,15,22.931137,7.9311370849609375
2025-12-04,SKU023,18,21.803524,3.8035240173339844
2025-12-05,SKU023,23,21.360514,1.639486312866211
2025-12-06,SKU023,14,18.102459,4.102458953857422
2025-12-07,SKU023,15,18.190325,3.1903247833251953
2025-12-08,SKU023,10,15.109974,5.109973907470703
2025-12-09,SKU023,10,14.624644,4.6246442794799805
2025-12-10,SKU023,16,13.110048,2.889951705932617
2025-12-11,SKU023,14,13.099209,0.9007911682128906
2025-12-12,SKU023,15,14.752389,0.24761104583740234
2025-12-13,SKU023,15,16.390339,1.3903388977050781
2025-12-14,SKU023,17,16.680805,0.3191947937011719
2025-12-15,SKU023,13,14.174774,1.174774169921875
2025-12-16,SKU023,18,14.425266,3.5747337341308594
2025-12-17,SKU023,14,14.550443,0.5504426956176758
2025-12-18,SKU023,14,14.63881,0.6388101577758789
2025-12-19,SKU023,16,16.01936,0.019359588623046875
2025-12-20,SKU023,18,17.187206,0.8127937316894531
2025-12-21,SKU023,16,17.237537,1.2375373840332031
2025-12-22,SKU023,11,14.1908865,3.1908864974975586
2025-12-23,SKU023,16,14.216044,1.7839555740356445
2025-12-24,SKU023,13,14.638961,1.638960838317871
2025-12-25,SKU023,14,14.459988,0.4599876403808594
2025-12-26,SKU023,16,15.395753,0.6042470932006836
2025-12-27,SKU023,15,16.45581,1.455810546875
2025-12-28,SKU023,18,16.452906,1.5470943450927734
2025-12-29,SKU023,15,13.525155,1.4748449325561523
2025-12-30,SKU023,12,13.549098,1.549098014831543
2025-12-31,SKU023,14,13.580026,0.41997432708740234
2025-09-20,SKU024,4,4.0062814,0.006281375885009766
2025-09-21,SKU024,4,4.112495,0.11249494552612305
2025-09-22,SKU024,3,3.4233103,0.4233102798461914
2025-09-23,SKU024,2,3.3768501,1.3768501281738281
2025-09-24,SKU024,3,3.1698923,0.1698923110961914
2025-09-25,SKU024,2,3.3194184,1.3194184303283691
2025-09-26,SKU024,3,3.5857296,0.5857295989990234
2025-09-27,SKU024,3,4.144987,1.1449871063232422
2025-09-28,SKU024,3,4.267759,1.267758846282959
2025-09-29,SKU024,3,3.541669,0.5416688919067383
2025-09-30,SKU024,3,3.4170055,0.4170055389404297
2025-10-01,SKU024,3,3.2333193,0.23331928253173828
2025-10-02,SKU024,3,3.3952556,0.39525556564331055
2025-10-03,SKU024,5,3.6776466,1.3223533630371094
2025-10-04,SKU024,4,4.3490243,0.34902429580688477
2025-10-05,SKU024,2,4.46308,2.4630799293518066
2025-10-06,SKU024,4,3.7396998,0.2603001594543457
2025-10-07,SKU024,2,3.5536628,1.5536627769470215
2025-10-08,SKU024,3,3.368836,0.3688359260559082
2025-10-09,SKU024,4,3.4957705,0.5042295455932617
2025-10-10,SKU024,3,3.891626,0.8916258811950684
2025-10-11,SKU024,5,4.553378,0.4466218948364258
2025-10-12,SKU024,4,4.71146,0.7114601135253906
2025-10-13,SKU024,4,3.9380574,0.06194257736206055
2025-10-14,SKU024,4,3.7676783,0.23232173919677734
2025-10-15,SKU024,3,3.5309916,0.5309915542602539
2025-10-16,SKU024,3,3.7251215,0.7251214981079102
2025-10-17,SKU024,3,4.1687555,1.1687555313110352
2025-10-18,SKU024,4,4.920426,0.9204258918762207
2025-10-19,SKU024,3,5.0335746,2.0335745811462402
2025-10-20,SKU024,8,4.193066,3.806933879852295
2025-10-21,SKU024,6,5.2675366,0.7324633598327637
2025-10-22,SKU024,5,5.0226855,0.022685527801513672
2025-10-23,SKU024,4,5.2117176,1.2117176055908203
2025-10-24,SKU024,5,6.8558345,1.8558344841003418
2025-10-25,SKU024,7,6.8602777,0.13972234725952148
2025-10-26,SKU024,7,6.939367,0.060633182525634766
2025-10-27,SKU024,4,5.6963,1.6963000297546387
2025-10-28,SKU024,4,5.771021,1.7710208892822266
2025-10-29,SKU024,5,5.2474103,0.24741029739379883
2025-10-30,SKU024,4,4.848445,0.848444938659668
2025-10-31,SKU024,7,5.38477,1.6152300834655762
2025-11-01,SKU024,8,5.332997,2.6670031547546387
2025-11-02,SKU024,8,5.4681506,2.5318493843078613
2025-11-03,SKU024,4,4.752295,0.7522950172424316
2025-11-04,SKU024,6,4.5975924,1.4024076461791992
2025-11-05,SKU024,5,4.3286963,0.6713037490844727
2025-11-06,SKU024,3,4.1094575,1.1094574928283691
2025-11-07,SKU024,4,3.9859905,0.014009475708007812
2025-11-08,SKU024,4,4.2920594,0.29205942153930664
2025-11-09,SKU024,4,4.1736193,0.17361927032470703
2025-11-10,SKU024,2,3.5092788,1.5092787742614746
2025-11-11,SKU024,4,3.4230227,0.5769772529602051
2025-11-12,SKU024,3,3.388496,0.38849592208862305
2025-11-13,SKU024,4,3.4846473,0.515352725982666
2025-11-14,SKU024,7,3.7068691,3.293130874633789
2025-11-15,SKU024,3,4.175352,1.1753520965576172
2025-11-16,SKU024,3,4.1694474,1.169447422027588
2025-11-17,SKU024,3,3.4470959,0.4470958709716797
2025-11-18,SKU024,2,3.4733768,1.473376750946045
2025-11-19,SKU024,5,3.5600715,1.4399285316467285
2025-11-20,SKU024,4,3.6866755,0.3133244514465332
2025-11-21,SKU024,6,5.2943673,0.7056326866149902
2025-11-22,SKU024,7,6.3730025,0.6269974708557129
2025-11-23,SKU024,6,7.4750223,1.475022315979004
2025-11-24,SKU024,4,5.8807454,1.8807454109191895
2025-11-25,SKU024,5,5.4701295,0.47012948989868164
2025-11-26,SKU024,3,5.4499297,2.449929714202881
2025-11-27,SKU024,5,5.1130557,0.11305570602416992
2025-11-28,SKU024,3,5.709134,2.709134101867676
2025-11-29,SKU024,5,5.810199,0.8101987838745117
2025-11-30,SKU024,5,5.7909627,0.7909626960754395
2025-12-01,SKU024,3,5.007666,2.0076661109924316
2025-12-02,SKU024,5,4.505879,0.49412107467651367
2025-12-03,SKU024,4,4.374683,0.3746829032897949
2025-12-04,SKU024,6,4.2196665,1.7803335189819336
2025-12-05,SKU024,6,4.621076,1.3789238929748535
2025-12-06,SKU024,3,4.7575254,1.7575254440307617
2025-12-07,SKU024,5,4.2181597,0.7818403244018555
2025-12-08,SKU024,3,3.5980291,0.5980291366577148
2025-12-09,SKU024,3,3.4002357,0.400235652923584
2025-12-10,SKU024,3,3.3547997,0.354799747467041
2025-12-11,SKU024,3,3.4503412,0.45034122467041016
2025-12-12,SKU024,4,3.6191058,0.38089418411254883
2025-12-13,SKU024,5,3.8487635,1.1512365341186523
2025-12-14,SKU024,4,3.7498403,0.25015974044799805
2025-12-15,SKU024,5,3.214324,1.7856760025024414
2025-12-16,SKU024,3,3.3264165,0.3264164924621582
2025-12-17,SKU024,3,3.4026933,0.4026932716369629
2025-12-18,SKU024,4,3.4971619,0.502838134765625
2025-12-19,SKU024,4,3.67632,0.32367992401123047
2025-12-20,SKU024,3,4.1675425,1.1675424575805664
2025-12-21,SKU024,4,4.7857466,0.7857465744018555
2025-12-22,SKU024,3,4.2115474,1.2115473747253418
2025-12-23,SKU024,4,3.396463,0.6035370826721191
2025-12-24,SKU024,4,3.5124483,0.4875516891479492
2025-12-25,SKU024,5,3.6229992,1.3770008087158203
2025-12-26,SKU024,3,3.8936634,0.8936634063720703
2025-12-27,SKU024,3,4.5039344,1.503934383392334
2025-12-28,SKU024,3,5.0119767,2.011976718902588
2025-12-29,SKU024,4,4.2821155,0.28211545944213867
2025-12-30,SKU024,2,3.6692371,1.6692371368408203
2025-12-31,SKU024,4,3.4495506,0.5504493713378906
2025-09-20,SKU025,3,6.367398,3.3673977851867676
2025-09-21,SKU025,5,6.2515073,1.25150728225708
2025-09-22,SKU025,5,4.953091,0.04690885543823242
2025-09-23,SKU025,3,4.8793573,1.8793573379516602
2025-09-24,SKU025,4,4.6181126,0.6181125640869141
2025-09-25,SKU025,5,4.77536,0.224639892578125
2025-09-26,SKU025,4,5.240133,1.2401328086853027
2025-09-27,SKU025,4,6.038767,2.038766860961914
2025-09-28,SKU025,5,5.973244,0.9732441902160645
2025-09-29,SKU025,4,4.824174,0.8241739273071289
2025-09-30,SKU025,4,4.6952577,0.6952576637268066
2025-10-01,SKU025,7,4.385933,2.6140670776367188
2025-10-02,SKU025,7,4.681795,2.318204879760742
2025-10-03,SKU025,6,5.303175,0.6968250274658203
2025-10-04,SKU025,8,6.432986,1.567014217376709
2025-10-05,SKU025,6,6.689428,0.6894278526306152
2025-10-06,SKU025,6,5.275989,0.7240109443664551
2025-10-07,SKU025,5,5.2699265,0.2699265480041504
2025-10-08,SKU025,7,5.008649,1.9913511276245117
2025-10-09,SKU025,4,5.243828,1.2438278198242188
2025-10-10,SKU025,5,6.048735,1.0487351417541504
2025-10-11,SKU025,8,7.0849733,0.9150266647338867
2025-10-12,SKU025,14,7.332367,6.667633056640625
2025-10-13,SKU025,6,6.0280356,0.028035640716552734
2025-10-14,SKU025,6,6.1007867,0.10078668594360352
2025-10-15,SKU025,6,5.8328385,0.1671614646911621
2025-10-16,SKU025,7,6.079217,0.9207830429077148
2025-10-17,SKU025,5,6.8897743,1.8897743225097656
2025-10-18,SKU025,9,8.0632105,0.9367895126342773
2025-10-19,SKU025,6,8.384955,2.384955406188965
2025-10-20,SKU025,10,6.582806,3.41719388961792
2025-10-21,SKU025,10,8.594252,1.4057483673095703
2025-10-22,SKU025,10,8.754772,1.2452278137207031
2025-10-23,SKU025,10,9.317382,0.6826181411743164
2025-10-24,SKU025,9,11.377175,2.3771753311157227
2025-10-25,SKU025,9,11.137437,2.137436866760254
2025-10-26,SKU025,10,11.257608,1.257608413696289
2025-10-27,SKU025,9,9.172603,0.17260265350341797
2025-10-28,SKU025,6,9.415322,3.4153223037719727
2025-10-29,SKU025,6,8.51039,2.510390281677246
2025-10-30,SKU025,7,7.6728377,0.6728377342224121
2025-10-31,SKU025,9,8.863167,0.13683319091796875
2025-11-01,SKU025,12,8.64052,3.3594799041748047
2025-11-02,SKU025,7,9.547633,2.547633171081543
2025-11-03,SKU025,9,7.8646865,1.1353135108947754
2025-11-04,SKU025,12,7.3310647,4.668935298919678
2025-11-05,SKU025,6,6.565661,0.5656609535217285
2025-11-06,SKU025,4,6.17623,2.176229953765869
2025-11-07,SKU025,8,6.1236734,1.876326560974121
2025-11-08,SKU025,7,6.7296066,0.27039337158203125
2025-11-09,SKU025,7,7.065346,0.06534576416015625
2025-11-10,SKU025,6,5.7803817,0.2196183204650879
2025-11-11,SKU025,8,5.7104125,2.2895874977111816
2025-11-12,SKU025,7,5.5252895,1.474710464477539
2025-11-13,SKU025,5,5.8678937,0.8678936958312988
2025-11-14,SKU025,7,6.6325884,0.36741161346435547
2025-11-15,SKU025,9,7.5168443,1.4831557273864746
2025-11-16,SKU025,5,7.6842947,2.6842947006225586
2025-11-17,SKU025,5,6.168808,1.1688079833984375
2025-11-18,SKU025,7,6.1696277,0.8303723335266113
2025-11-19,SKU025,4,6.4022155,2.4022154808044434
2025-11-20,SKU025,7,6.3506575,0.6493425369262695
2025-11-21,SKU025,13,9.662505,3.3374948501586914
2025-11-22,SKU025,7,10.974514,3.9745140075683594
2025-11-23,SKU025,11,11.223285,0.22328472137451172
2025-11-24,SKU025,9,8.721785,0.2782154083251953
2025-11-25,SKU025,6,9.232157,3.232156753540039
2025-11-26,SKU025,9,9.857849,0.85784912109375
2025-11-27,SKU025,9,9.464999,0.4649991989135742
2025-11-28,SKU025,7,10.5547495,3.5547494888305664
2025-11-29,SKU025,8,10.833816,2.833815574645996
2025-11-30,SKU025,8,10.474233,2.4742326736450195
2025-12-01,SKU025,8,8.381498,0.3814983367919922
2025-12-02,SKU025,9,8.347389,0.6526107788085938
2025-12-03,SKU025,7,8.2844,1.2843999862670898
2025-12-04,SKU025,6,7.2649074,1.2649073600769043
2025-12-05,SKU025,14,7.5445957,6.455404281616211
2025-12-06,SKU025,7,7.7820497,0.7820496559143066
2025-12-07,SKU025,6,7.068949,1.0689492225646973
2025-12-08,SKU025,5,5.754807,0.7548069953918457
2025-12-09,SKU025,5,5.442826,0.4428257942199707
2025-12-10,SKU025,4,5.1608377,1.1608376502990723
2025-12-11,SKU025,4,5.3430266,1.3430266380310059
2025-12-12,SKU025,7,5.937959,1.0620408058166504
2025-12-13,SKU025,7,6.6933923,0.306607723236084
2025-12-14,SKU025,7,6.859894,0.140106201171875
2025-12-15,SKU025,5,5.4854074,0.48540735244750977
2025-12-16,SKU025,5,5.4950986,0.4950985908508301
2025-12-17,SKU025,5,5.429202,0.4292020797729492
2025-12-18,SKU025,6,5.617951,0.3820490837097168
2025-12-19,SKU025,5,6.147312,1.1473121643066406
2025-12-20,SKU025,4,6.902626,2.9026260375976562
2025-12-21,SKU025,8,6.8033967,1.1966032981872559
2025-12-22,SKU025,5,5.2689056,0.2689056396484375
2025-12-23,SKU025,5,5.3076673,0.30766725540161133
2025-12-24,SKU025,4,5.362507,1.3625068664550781
2025-12-25,SKU025,8,5.330425,2.6695752143859863
2025-12-26,SKU025,5,5.83059,0.830589771270752
2025-12-27,SKU025,4,6.6029754,2.602975368499756
2025-12-28,SKU025,7,6.6892085,0.3107914924621582
2025-12-29,SKU025,7,5.2146287,1.7853713035583496
2025-12-30,SKU025,6,5.1755147,0.8244853019714355
2025-12-31,SKU025,6,5.142451,0.8575491905212402
2025-09-20,SKU026,16,14.240382,1.759617805480957
2025-09-21,SKU026,8,15.461608,7.461607933044434
2025-09-22,SKU026,8,11.600711,3.600710868835449
2025-09-23,SKU026,10,11.276019,1.2760190963745117
2025-09-24,SKU026,11,10.980802,0.01919841766357422
2025-09-25,SKU026,9,11.117356,2.117356300354004
2025-09-26,SKU026,13,12.180832,0.8191680908203125
2025-09-27,SKU026,12,14.1159315,2.115931510925293
2025-09-28,SKU026,12,15.012454,3.012454032897949
2025-09-29,SKU026,11,11.373449,0.37344932556152344
2025-09-30,SKU026,11,11.325332,0.3253316879272461
2025-10-01,SKU026,13,11.117473,1.8825273513793945
2025-10-02,SKU026,19,11.471984,7.528016090393066
2025-10-03,SKU026,9,13.302291,4.302290916442871
2025-10-04,SKU026,17,15.220176,1.7798242568969727
2025-10-05,SKU026,10,16.97511,6.975109100341797
2025-10-06,SKU026,12,12.501461,0.5014610290527344
2025-10-07,SKU026,13,12.20111,0.7988901138305664
2025-10-08,SKU026,13,12.089368,0.9106321334838867
2025-10-09,SKU026,11,12.290374,1.2903738021850586
2025-10-10,SKU026,16,13.62433,2.3756704330444336
2025-10-11,SKU026,19,16.42405,2.5759506225585938
2025-10-12,SKU026,15,18.403183,3.4031829833984375
2025-10-13,SKU026,13,13.468682,0.46868228912353516
2025-10-14,SKU026,14,13.204555,0.795445442199707
2025-10-15,SKU026,9,13.158042,4.158041954040527
2025-10-16,SKU026,14,13.089209,0.9107913970947266
2025-10-17,SKU026,17,14.651271,2.348729133605957
2025-10-18,SKU026,20,17.654394,2.3456058502197266
2025-10-19,SKU026,17,20.097553,3.097553253173828
2025-10-20,SKU026,24,14.545254,9.45474624633789
2025-10-21,SKU026,22,17.11294,4.887060165405273
2025-10-22,SKU026,18,17.901947,0.098052978515625
2025-10-23,SKU026,24,19.191803,4.808197021484375
2025-10-24,SKU026,24,24.603403,0.6034030914306641
2025-10-25,SKU026,24,23.311132,0.6888675689697266
2025-10-26,SKU026,30,25.649527,4.350473403930664
2025-10-27,SKU026,20,21.052708,1.0527076721191406
2025-10-28,SKU026,28,21.325127,6.674873352050781
2025-10-29,SKU026,25,15.402924,9.597076416015625
2025-10-30,SKU026,12,16.67105,4.671049118041992
2025-10-31,SKU026,11,17.299212,6.299211502075195
2025-11-01,SKU026,30,17.968441,12.031558990478516
2025-11-02,SKU026,22,22.085346,0.08534622192382812
2025-11-03,SKU026,16,20.474554,4.474554061889648
2025-11-04,SKU026,23,18.644444,4.355556488037109
2025-11-05,SKU026,15,14.479041,0.5209589004516602
2025-11-06,SKU026,13,16.099566,3.0995655059814453
2025-11-07,SKU026,14,15.014402,1.0144023895263672
2025-11-08,SKU026,20,15.862115,4.137885093688965
2025-11-09,SKU026,17,17.713884,0.7138843536376953
2025-11-10,SKU026,8,14.449604,6.449604034423828
2025-11-11,SKU026,14,14.10542,0.10542011260986328
2025-11-12,SKU026,15,13.600433,1.399566650390625
2025-11-13,SKU026,10,13.605008,3.605008125305176
2025-11-14,SKU026,12,14.991968,2.9919681549072266
2025-11-15,SKU026,13,16.411747,3.4117469787597656
2025-11-16,SKU026,16,16.847153,0.8471527099609375
2025-11-17,SKU026,16,13.891058,2.1089420318603516
2025-11-18,SKU026,11,14.199187,3.1991872787475586
2025-11-19,SKU026,17,14.180549,2.819451332092285
2025-11-20,SKU026,16,14.286019,1.7139806747436523
2025-11-21,SKU026,26,20.49856,5.501440048217773
2025-11-22,SKU026,15,22.901274,7.901273727416992
2025-11-23,SKU026,21,25.374142,4.374141693115234
2025-11-24,SKU026,16,19.302773,3.3027725219726562
2025-11-25,SKU026,16,19.666237,3.6662368774414062
2025-11-26,SKU026,22,20.396797,1.6032028198242188
2025-11-27,SKU026,14,21.071535,7.071535110473633
2025-11-28,SKU026,24,23.246384,0.7536163330078125
2025-11-29,SKU026,23,24.16082,1.1608200073242188
2025-11-30,SKU026,25,25.097088,0.09708786010742188
2025-12-01,SKU026,16,22.550694,6.550693511962891
2025-12-02,SKU026,28,22.873693,5.126306533813477
2025-12-03,SKU026,18,21.330198,3.330198287963867
2025-12-04,SKU026,19,20.459093,1.4590930938720703
2025-12-05,SKU026,31,22.517956,8.482044219970703
2025-12-06,SKU026,17,17.144485,0.1444854736328125
2025-12-07,SKU026,16,16.944366,0.944366455078125
2025-12-08,SKU026,18,14.409012,3.5909881591796875
2025-12-09,SKU026,11,14.0013685,3.001368522644043
2025-12-10,SKU026,12,13.140119,1.1401185989379883
2025-12-11,SKU026,9,13.459118,4.459117889404297
2025-12-12,SKU026,13,14.92076,1.920760154724121
2025-12-13,SKU026,15,16.089966,1.0899658203125
2025-12-14,SKU026,19,16.66071,2.3392906188964844
2025-12-15,SKU026,14,14.208751,0.20875072479248047
2025-12-16,SKU026,12,14.556467,2.556467056274414
2025-12-17,SKU026,11,14.399795,3.399794578552246
2025-12-18,SKU026,14,14.192014,0.19201374053955078
2025-12-19,SKU026,13,15.131894,2.131894111633301
2025-12-20,SKU026,16,16.154902,0.15490150451660156
2025-12-21,SKU026,16,16.927027,0.9270267486572266
2025-12-22,SKU026,29,14.020621,14.979378700256348
2025-12-23,SKU026,11,14.869031,3.8690309524536133
2025-12-24,SKU026,16,14.88324,1.11676025390625
2025-12-25,SKU026,14,14.914163,0.9141626358032227
2025-12-26,SKU026,11,16.002525,5.002525329589844
2025-12-27,SKU026,15,17.001966,2.0019664764404297
2025-12-28,SKU026,20,17.473541,2.526458740234375
2025-12-29,SKU026,5,14.64734,9.647339820861816
2025-12-30,SKU026,7,14.454421,7.454421043395996
2025-12-31,SKU026,13,13.975089,0.9750890731811523
2025-09-20,SKU027,19,20.680553,1.6805534362792969
2025-09-21,SKU027,15,23.823954,8.823953628540039
2025-09-22,SKU027,16,16.053026,0.05302619934082031
2025-09-23,SKU027,10,16.14151,6.141510009765625
2025-09-24,SKU027,12,15.927899,3.9278993606567383
2025-09-25,SKU027,17,15.281701,1.7182989120483398
2025-09-26,SKU027,15,16.501858,1.5018577575683594
2025-09-27,SKU027,17,19.95966,2.9596595764160156
2025-09-28,SKU027,18,23.015493,5.015493392944336
2025-09-29,SKU027,19,15.830174,3.169825553894043
2025-09-30,SKU027,15,16.1599,1.1599006652832031
2025-10-01,SKU027,19,16.164024,2.8359756469726562
2025-10-02,SKU027,24,16.09318,7.906820297241211
2025-10-03,SKU027,25,17.909409,7.0905914306640625
2025-10-04,SKU027,22,23.059717,1.0597171783447266
2025-10-05,SKU027,20,28.313354,8.3133544921875
2025-10-06,SKU027,21,18.250303,2.749696731567383
2025-10-07,SKU027,19,18.579243,0.4207572937011719
2025-10-08,SKU027,14,19.08566,5.085660934448242
2025-10-09,SKU027,20,18.001925,1.9980754852294922
2025-10-10,SKU027,24,19.324867,4.675132751464844
2025-10-11,SKU027,26,25.333729,0.6662712097167969
2025-10-12,SKU027,23,32.845352,9.845352172851562
2025-10-13,SKU027,13,20.98218,7.982179641723633
2025-10-14,SKU027,21,19.513794,1.4862060546875
2025-10-15,SKU027,19,20.553482,1.5534820556640625
2025-10-16,SKU027,22,19.590061,2.4099388122558594
2025-10-17,SKU027,22,20.180927,1.8190727233886719
2025-10-18,SKU027,24,25.083618,1.0836181640625
2025-10-19,SKU027,28,32.737183,4.7371826171875
2025-10-20,SKU027,28,21.056793,6.943206787109375
2025-10-21,SKU027,29,25.015987,3.9840126037597656
2025-10-22,SKU027,21,25.69207,4.692070007324219
2025-10-23,SKU027,24,27.846289,3.8462886810302734
2025-10-24,SKU027,30,36.32401,6.324008941650391
2025-10-25,SKU027,33,35.71419,2.714191436767578
2025-10-26,SKU027,30,36.874496,6.8744964599609375
2025-10-27,SKU027,35,27.460674,7.539325714111328
2025-10-28,SKU027,35,31.09002,3.9099807739257812
2025-10-29,SKU027,25,25.106346,0.10634613037109375
2025-10-30,SKU027,22,27.249458,5.249458312988281
2025-10-31,SKU027,46,31.404932,14.595067977905273
2025-11-01,SKU027,32,28.980688,3.0193119049072266
2025-11-02,SKU027,28,33.229416,5.2294158935546875
2025-11-03,SKU027,34,26.685057,7.314943313598633
2025-11-04,SKU027,29,25.915653,3.0843467712402344
2025-11-05,SKU027,31,18.75866,12.241340637207031
2025-11-06,SKU027,26,21.051294,4.948705673217773
2025-11-07,SKU027,15,19.207329,4.207328796386719
2025-11-08,SKU027,19,20.804573,1.8045730590820312
2025-11-09,SKU027,21,22.593506,1.593505859375
2025-11-10,SKU027,20,18.104298,1.8957023620605469
2025-11-11,SKU027,24,19.2099,4.79010009765625
2025-11-12,SKU027,25,19.355038,5.644962310791016
2025-11-13,SKU027,22,18.860289,3.139711380004883
2025-11-14,SKU027,20,22.387226,2.387226104736328
2025-11-15,SKU027,23,25.17461,2.174610137939453
2025-11-16,SKU027,14,25.133785,11.133785247802734
2025-11-17,SKU027,18,18.812065,0.8120651245117188
2025-11-18,SKU027,17,18.440647,1.4406471252441406
2025-11-19,SKU027,18,18.94984,0.9498405456542969
2025-11-20,SKU027,17,18.494349,1.4943485260009766
2025-11-21,SKU027,37,25.164467,11.835533142089844
2025-11-22,SKU027,29,29.71199,0.7119903564453125
2025-11-23,SKU027,39,34.860638,4.139362335205078
2025-11-24,SKU027,36,27.81216,8.18783950805664
2025-11-25,SKU027,31,28.00015,2.999849319458008
2025-11-26,SKU027,33,26.339512,6.660488128662109
2025-11-27,SKU027,32,27.937706,4.062294006347656
2025-11-28,SKU027,20,36.007534,16.00753402709961
2025-11-29,SKU027,39,35.982002,3.0179977416992188
2025-11-30,SKU027,29,37.282585,8.282585144042969
2025-12-01,SKU027,32,28.482025,3.517974853515625
2025-12-02,SKU027,24,30.850655,6.850654602050781
2025-12-03,SKU027,22,27.036087,5.0360870361328125
2025-12-04,SKU027,29,28.448782,0.5512180328369141
2025-12-05,SKU027,40,31.812325,8.187675476074219
2025-12-06,SKU027,16,29.598404,13.598403930664062
2025-12-07,SKU027,33,25.717312,7.282688140869141
2025-12-08,SKU027,18,20.025154,2.0251541137695312
2025-12-09,SKU027,21,21.111649,0.1116485595703125
2025-12-10,SKU027,17,19.056934,2.056934356689453
2025-12-11,SKU027,20,18.321665,1.678335189819336
2025-12-12,SKU027,25,22.187435,2.8125648498535156
2025-12-13,SKU027,27,24.548002,2.451997756958008
2025-12-14,SKU027,22,25.643023,3.6430225372314453
2025-12-15,SKU027,20,19.394676,0.6053237915039062
2025-12-16,SKU027,21,19.12093,1.8790702819824219
2025-12-17,SKU027,20,19.23167,0.7683296203613281
2025-12-18,SKU027,23,18.766148,4.233852386474609
2025-12-19,SKU027,14,20.617975,6.617975234985352
2025-12-20,SKU027,24,22.563637,1.4363632202148438
2025-12-21,SKU027,27,22.56452,4.435480117797852
2025-12-22,SKU027,13,18.927467,5.927467346191406
2025-12-23,SKU027,14,18.621414,4.6214141845703125
2025-12-24,SKU027,19,18.318684,0.6813163757324219
2025-12-25,SKU027,27,17.989138,9.010862350463867
2025-12-26,SKU027,25,19.227242,5.772758483886719
2025-12-27,SKU027,22,21.52143,0.47857093811035156
2025-12-28,SKU027,22,23.033062,1.0330619812011719
2025-12-29,SKU027,20,17.984024,2.0159759521484375
2025-12-30,SKU027,17,17.959259,0.959259033203125
2025-12-31,SKU027,18,18.022594,0.022594451904296875
2025-09-20,SKU028,8,10.647079,2.6470794677734375
2025-09-21,SKU028,7,10.926573,3.926572799682617
2025-09-22,SKU028,8,8.481969,0.48196887969970703
2025-09-23,SKU028,6,8.469367,2.469367027282715
2025-09-24,SKU028,9,8.043926,0.9560737609863281
2025-09-25,SKU028,7,8.177398,1.1773977279663086
2025-09-26,SKU028,7,8.965586,1.965585708618164
2025-09-27,SKU028,9,10.14697,1.1469697952270508
2025-09-28,SKU028,10,10.408961,0.40896129608154297
2025-09-29,SKU028,8,8.179789,0.17978858947753906
2025-09-30,SKU028,8,8.242498,0.24249839782714844
2025-10-01,SKU028,8,7.8853536,0.11464643478393555
2025-10-02,SKU028,11,8.07115,2.9288501739501953
2025-10-03,SKU028,9,9.199619,0.19961929321289062
2025-10-04,SKU028,14,10.710692,3.2893075942993164
2025-10-05,SKU028,10,11.643708,1.6437082290649414
2025-10-06,SKU028,11,9.081163,1.9188365936279297
2025-10-07,SKU028,8,9.094916,1.0949163436889648
2025-10-08,SKU028,13,8.75163,4.248370170593262
2025-10-09,SKU028,9,9.0466,0.046600341796875
2025-10-10,SKU028,8,10.063604,2.0636043548583984
2025-10-11,SKU028,14,11.770241,2.2297592163085938
2025-10-12,SKU028,17,12.866694,4.133305549621582
2025-10-13,SKU028,9,10.1132965,1.1132965087890625
2025-10-14,SKU028,9,9.991386,0.9913864135742188
2025-10-15,SKU028,9,9.666726,0.6667261123657227
2025-10-16,SKU028,9,9.83812,0.8381204605102539
2025-10-17,SKU028,11,10.752122,0.2478780746459961
2025-10-18,SKU028,6,12.628918,6.628917694091797
2025-10-19,SKU028,10,13.400035,3.4000349044799805
2025-10-20,SKU028,20,10.236311,9.763689041137695
2025-10-21,SKU028,14,13.109664,0.8903360366821289
2025-10-22,SKU028,17,13.080305,3.9196949005126953
2025-10-23,SKU028,12,14.2991705,2.29917049407959
2025-10-24,SKU028,21,17.662441,3.3375587463378906
2025-10-25,SKU028,14,17.029106,3.0291061401367188
2025-10-26,SKU028,11,17.787575,6.787574768066406
2025-10-27,SKU028,16,14.125043,1.8749570846557617
2025-10-28,SKU028,13,15.078378,2.0783777236938477
2025-10-29,SKU028,8,13.701451,5.701451301574707
2025-10-30,SKU028,19,11.635563,7.364437103271484
2025-10-31,SKU028,18,14.383556,3.616443634033203
2025-11-01,SKU028,20,13.26078,6.739219665527344
2025-11-02,SKU028,19,16.100168,2.899831771850586
2025-11-03,SKU028,21,13.734002,7.265997886657715
2025-11-04,SKU028,9,13.848694,4.84869384765625
2025-11-05,SKU028,13,11.2114935,1.7885065078735352
2025-11-06,SKU028,8,10.936515,2.9365148544311523
2025-11-07,SKU028,11,10.734492,0.26550769805908203
2025-11-08,SKU028,11,11.485041,0.48504066467285156
2025-11-09,SKU028,9,12.31177,3.311770439147949
2025-11-10,SKU028,9,10.212707,1.2127065658569336
2025-11-11,SKU028,11,10.2447405,0.7552595138549805
2025-11-12,SKU028,10,9.759505,0.2404947280883789
2025-11-13,SKU028,7,9.979127,2.9791269302368164
2025-11-14,SKU028,13,11.138071,1.861928939819336
2025-11-15,SKU028,9,12.222741,3.22274112701416
2025-11-16,SKU028,10,12.41146,2.4114599227905273
2025-11-17,SKU028,10,10.161614,0.16161441802978516
2025-11-18,SKU028,12,10.621573,1.3784265518188477
2025-11-19,SKU028,10,10.960813,0.9608125686645508
2025-11-20,SKU028,12,10.887552,1.112447738647461
2025-11-21,SKU028,19,15.744736,3.2552642822265625
2025-11-22,SKU028,20,16.650396,3.3496036529541016
2025-11-23,SKU028,14,18.478031,4.478031158447266
2025-11-24,SKU028,7,14.268214,7.268214225769043
2025-11-25,SKU028,16,14.109707,1.8902931213378906
2025-11-26,SKU028,16,15.97934,0.020660400390625
2025-11-27,SKU028,17,15.433439,1.5665607452392578
2025-11-28,SKU028,15,17.14252,2.1425209045410156
2025-11-29,SKU028,15,17.997272,2.997272491455078
2025-11-30,SKU028,21,17.294792,3.7052078247070312
2025-12-01,SKU028,14,14.499315,0.4993152618408203
2025-12-02,SKU028,14,15.297684,1.2976837158203125
2025-12-03,SKU028,13,14.975728,1.9757280349731445
2025-12-04,SKU028,12,13.533959,1.5339593887329102
2025-12-05,SKU028,22,15.175227,6.824772834777832
2025-12-06,SKU028,12,13.153428,1.153428077697754
2025-12-07,SKU028,9,12.661548,3.6615476608276367
2025-12-08,SKU028,12,10.587417,1.412583351135254
2025-12-09,SKU028,12,10.6858835,1.3141164779663086
2025-12-10,SKU028,10,10.197682,0.19768238067626953
2025-12-11,SKU028,8,10.272973,2.27297306060791
2025-12-12,SKU028,11,11.297104,0.2971038818359375
2025-12-13,SKU028,8,12.425605,4.425604820251465
2025-12-14,SKU028,12,12.711377,0.7113771438598633
2025-12-15,SKU028,9,10.4602375,1.4602375030517578
2025-12-16,SKU028,12,10.771805,1.2281951904296875
2025-12-17,SKU028,11,10.907418,0.09258174896240234
2025-12-18,SKU028,10,11.072747,1.0727472305297852
2025-12-19,SKU028,13,12.038588,0.9614124298095703
2025-12-20,SKU028,10,13.208699,3.2086992263793945
2025-12-21,SKU028,12,13.39051,1.3905096054077148
2025-12-22,SKU028,7,10.847596,3.8475961685180664
2025-12-23,SKU028,9,10.884303,1.884303092956543
2025-12-24,SKU028,11,11.118046,0.11804580688476562
2025-12-25,SKU028,8,11.2802515,3.2802515029907227
2025-12-26,SKU028,10,11.76672,1.7667198181152344
2025-12-27,SKU028,11,12.545844,1.5458440780639648
2025-12-28,SKU028,14,12.722956,1.2770442962646484
2025-12-29,SKU028,8,10.482926,2.482926368713379
2025-12-30,SKU028,8,10.530802,2.530801773071289
2025-12-31,SKU028,10,10.262351,0.26235103607177734
2025-09-20,SKU029,4,5.3380933,1.3380932807922363
2025-09-21,SKU029,3,5.308262,2.3082618713378906
2025-09-22,SKU029,3,4.4510875,1.451087474822998
2025-09-23,SKU029,3,4.1640882,1.164088249206543
2025-09-24,SKU029,3,3.8581963,0.8581962585449219
2025-09-25,SKU029,5,3.9936662,1.006333827972412
2025-09-26,SKU029,6,4.4661884,1.5338115692138672
2025-09-27,SKU029,5,5.1679864,0.16798639297485352
2025-09-28,SKU029,4,5.173987,1.1739869117736816
2025-09-29,SKU029,5,4.328309,0.6716909408569336
2025-09-30,SKU029,5,4.1092186,0.8907814025878906
2025-10-01,SKU029,5,3.8437476,1.156252384185791
2025-10-02,SKU029,6,4.128354,1.8716459274291992
2025-10-03,SKU029,5,4.8057566,0.1942434310913086
2025-10-04,SKU029,8,5.8213053,2.178694725036621
2025-10-05,SKU029,5,6.1519217,1.1519217491149902
2025-10-06,SKU029,4,5.064861,1.0648608207702637
2025-10-07,SKU029,4,4.9720545,0.9720544815063477
2025-10-08,SKU029,5,4.6612253,0.3387746810913086
2025-10-09,SKU029,6,4.8923445,1.1076555252075195
2025-10-10,SKU029,7,5.6142583,1.3857417106628418
2025-10-11,SKU029,8,6.8860364,1.1139636039733887
2025-10-12,SKU029,4,7.089995,3.0899949073791504
2025-10-13,SKU029,5,5.6832633,0.6832633018493652
2025-10-14,SKU029,6,5.432217,0.5677828788757324
2025-10-15,SKU029,3,5.1939435,2.193943500518799
2025-10-16,SKU029,4,5.33047,1.330470085144043
2025-10-17,SKU029,6,6.0355096,0.035509586334228516
2025-10-18,SKU029,6,7.1743717,1.1743717193603516
2025-10-19,SKU029,7,7.32538,0.3253798484802246
2025-10-20,SKU029,12,5.8869853,6.1130146980285645
2025-10-21,SKU029,6,8.174824,2.174823760986328
2025-10-22,SKU029,8,7.690204,0.3097958564758301
2025-10-23,SKU029,8,8.111079,0.11107921600341797
2025-10-24,SKU029,8,10.650906,2.6509056091308594
2025-10-25,SKU029,9,10.141815,1.141815185546875
2025-10-26,SKU029,12,9.963858,2.036142349243164
2025-10-27,SKU029,7,8.552799,1.5527992248535156
2025-10-28,SKU029,9,8.841633,0.15836715698242188
2025-10-29,SKU029,5,8.159682,3.159682273864746
2025-10-30,SKU029,8,7.0048223,0.9951777458190918
2025-10-31,SKU029,10,8.376037,1.6239633560180664
2025-11-01,SKU029,8,8.3348,0.33479976654052734
2025-11-02,SKU029,5,8.745565,3.745565414428711
2025-11-03,SKU029,9,7.3174977,1.682502269744873
2025-11-04,SKU029,7,7.009561,0.00956106185913086
2025-11-05,SKU029,6,6.150455,0.15045499801635742
2025-11-06,SKU029,5,5.650951,0.6509509086608887
2025-11-07,SKU029,3,5.652605,2.6526050567626953
2025-11-08,SKU029,6,6.2206855,0.22068548202514648
2025-11-09,SKU029,4,6.1607876,2.160787582397461
2025-11-10,SKU029,5,5.072614,0.07261419296264648
2025-11-11,SKU029,5,4.810157,0.18984317779541016
2025-11-12,SKU029,5,4.5651307,0.43486928939819336
2025-11-13,SKU029,5,4.683624,0.3163762092590332
2025-11-14,SKU029,6,5.11211,0.8878898620605469
2025-11-15,SKU029,10,6.013598,3.9864020347595215
2025-11-16,SKU029,6,6.271381,0.2713809013366699
2025-11-17,SKU029,6,5.1307793,0.8692207336425781
2025-11-18,SKU029,6,5.078796,0.9212040901184082
2025-11-19,SKU029,5,5.098323,0.09832286834716797
2025-11-20,SKU029,10,5.0658064,4.9341936111450195
2025-11-21,SKU029,8,8.627521,0.6275205612182617
2025-11-22,SKU029,10,9.960247,0.039752960205078125
2025-11-23,SKU029,10,11.202701,1.2027006149291992
2025-11-24,SKU029,7,8.745622,1.745621681213379
2025-11-25,SKU029,8,8.697587,0.6975870132446289
2025-11-26,SKU029,7,9.165085,2.1650848388671875
2025-11-27,SKU029,7,8.368729,1.3687286376953125
2025-11-28,SKU029,8,9.663029,1.6630287170410156
2025-11-29,SKU029,9,10.058288,1.0582876205444336
2025-11-30,SKU029,9,9.685932,0.6859321594238281
2025-12-01,SKU029,6,8.055293,2.055293083190918
2025-12-02,SKU029,8,7.8562307,0.1437692642211914
2025-12-03,SKU029,9,7.49248,1.5075201988220215
2025-12-04,SKU029,5,6.6593966,1.6593966484069824
2025-12-05,SKU029,8,7.2764716,0.7235283851623535
2025-12-06,SKU029,6,7.743734,1.7437338829040527
2025-12-07,SKU029,7,6.8059,0.19409990310668945
2025-12-08,SKU029,8,5.701847,2.2981529235839844
2025-12-09,SKU029,5,5.1794996,0.17949962615966797
2025-12-10,SKU029,6,4.7336655,1.2663345336914062
2025-12-11,SKU029,5,4.936714,0.06328582763671875
2025-12-12,SKU029,6,5.4846244,0.5153756141662598
2025-12-13,SKU029,9,6.505017,2.494983196258545
2025-12-14,SKU029,8,6.7807155,1.2192845344543457
2025-12-15,SKU029,5,5.551249,0.5512490272521973
2025-12-16,SKU029,5,5.3205566,0.320556640625
2025-12-17,SKU029,4,5.0583167,1.058316707611084
2025-12-18,SKU029,4,5.1520514,1.1520514488220215
2025-12-19,SKU029,8,5.821367,2.178633213043213
2025-12-20,SKU029,7,7.0089173,0.00891733169555664
2025-12-21,SKU029,7,7.141212,0.14121198654174805
2025-12-22,SKU029,4,5.575072,1.5750718116760254
2025-12-23,SKU029,5,5.2338595,0.23385953903198242
2025-12-24,SKU029,4,5.1891155,1.1891155242919922
2025-12-25,SKU029,5,5.1961927,0.19619274139404297
2025-12-26,SKU029,5,5.70968,0.7096800804138184
2025-12-27,SKU029,5,6.886946,1.886946201324463
2025-12-28,SKU029,5,7.370103,2.370102882385254
2025-12-29,SKU029,5,5.69829,0.6982898712158203
2025-12-30,SKU029,6,5.1880445,0.811955451965332
2025-12-31,SKU029,4,4.9806504,0.9806504249572754
2025-09-20,SKU030,6,10.790881,4.790881156921387
2025-09-21,SKU030,11,10.917318,0.08268165588378906
2025-09-22,SKU030,7,8.492373,1.4923734664916992
2025-09-23,SKU030,5,8.481866,3.481865882873535
2025-09-24,SKU030,7,8.018549,1.0185489654541016
2025-09-25,SKU030,8,8.028376,0.028375625610351562
2025-09-26,SKU030,12,8.819523,3.1804771423339844
2025-09-27,SKU030,7,10.26662,3.2666196823120117
2025-09-28,SKU030,9,10.469378,1.4693784713745117
2025-09-29,SKU030,9,8.231574,0.7684259414672852
2025-09-30,SKU030,4,8.353848,4.353848457336426
2025-10-01,SKU030,12,7.8686724,4.1313276290893555
2025-10-02,SKU030,10,8.195406,1.8045940399169922
2025-10-03,SKU030,14,9.199532,4.800468444824219
2025-10-04,SKU030,11,11.100342,0.100341796875
2025-10-05,SKU030,12,11.880508,0.1194915771484375
2025-10-06,SKU030,9,9.307054,0.3070535659790039
2025-10-07,SKU030,10,9.281667,0.7183332443237305
2025-10-08,SKU030,10,9.041306,0.9586944580078125
2025-10-09,SKU030,10,9.19122,0.8087797164916992
2025-10-10,SKU030,12,10.264392,1.7356081008911133
2025-10-11,SKU030,13,12.243545,0.7564554214477539
2025-10-12,SKU030,16,13.406975,2.5930252075195312
2025-10-13,SKU030,9,10.383614,1.3836135864257812
2025-10-14,SKU030,10,10.249772,0.2497720718383789
2025-10-15,SKU030,8,9.960256,1.9602556228637695
2025-10-16,SKU030,9,10.021647,1.0216474533081055
2025-10-17,SKU030,10,10.919951,0.9199514389038086
2025-10-18,SKU030,10,12.736262,2.736262321472168
2025-10-19,SKU030,14,13.780497,0.21950340270996094
2025-10-20,SKU030,13,10.719905,2.280095100402832
2025-10-21,SKU030,16,13.251098,2.7489023208618164
2025-10-22,SKU030,17,13.754521,3.245478630065918
2025-10-23,SKU030,12,14.462945,2.462944984436035
2025-10-24,SKU030,17,18.310251,1.310251235961914
2025-10-25,SKU030,19,17.656485,1.343515396118164
2025-10-26,SKU030,15,17.882145,2.8821449279785156
2025-10-27,SKU030,14,14.598859,0.5988588333129883
2025-10-28,SKU030,14,15.7834635,1.783463478088379
2025-10-29,SKU030,15,14.52657,0.47342967987060547
2025-10-30,SKU030,17,12.267795,4.732205390930176
2025-10-31,SKU030,15,15.546323,0.5463228225708008
2025-11-01,SKU030,19,14.315969,4.684030532836914
2025-11-02,SKU030,24,16.992138,7.007862091064453
2025-11-03,SKU030,17,14.600989,2.39901065826416
2025-11-04,SKU030,16,14.834931,1.1650686264038086
2025-11-05,SKU030,17,11.8948965,5.105103492736816
2025-11-06,SKU030,12,11.67361,0.32639026641845703
2025-11-07,SKU030,10,11.577488,1.5774879455566406
2025-11-08,SKU030,13,12.492266,0.5077342987060547
2025-11-09,SKU030,16,13.394601,2.6053991317749023
2025-11-10,SKU030,10,11.122535,1.1225347518920898
2025-11-11,SKU030,8,11.35407,3.354069709777832
2025-11-12,SKU030,7,10.899639,3.899639129638672
2025-11-13,SKU030,10,10.958293,0.9582929611206055
2025-11-14,SKU030,13,12.228023,0.771977424621582
2025-11-15,SKU030,15,13.409099,1.5909013748168945
2025-11-16,SKU030,14,13.950192,0.04980754852294922
2025-11-17,SKU030,7,11.586281,4.586280822753906
2025-11-18,SKU030,7,11.785396,4.785395622253418
2025-11-19,SKU030,11,11.754464,0.7544641494750977
2025-11-20,SKU030,15,11.80121,3.198789596557617
2025-11-21,SKU030,21,16.898575,4.1014251708984375
2025-11-22,SKU030,16,17.998411,1.9984111785888672
2025-11-23,SKU030,17,19.861225,2.861225128173828
2025-11-24,SKU030,20,15.315914,4.684085845947266
2025-11-25,SKU030,27,16.079601,10.920398712158203
2025-11-26,SKU030,13,17.328957,4.328956604003906
2025-11-27,SKU030,15,16.715128,1.715127944946289
2025-11-28,SKU030,18,20.151112,2.151111602783203
2025-11-29,SKU030,20,19.852634,0.14736557006835938
2025-11-30,SKU030,21,19.613192,1.3868083953857422
2025-12-01,SKU030,16,16.6092,0.6091995239257812
2025-12-02,SKU030,17,17.607456,0.6074562072753906
2025-12-03,SKU030,12,17.088797,5.088796615600586
2025-12-04,SKU030,22,15.566043,6.433957099914551
2025-12-05,SKU030,18,17.028389,0.9716110229492188
2025-12-06,SKU030,13,14.9120035,1.912003517150879
2025-12-07,SKU030,16,14.508718,1.4912824630737305
2025-12-08,SKU030,14,12.079099,1.9209012985229492
2025-12-09,SKU030,11,12.279583,1.2795829772949219
2025-12-10,SKU030,10,11.568837,1.5688371658325195
2025-12-11,SKU030,9,11.584588,2.584588050842285
2025-12-12,SKU030,13,12.847051,0.15294933319091797
2025-12-13,SKU030,18,14.222118,3.777881622314453
2025-12-14,SKU030,11,14.957026,3.9570255279541016
2025-12-15,SKU030,11,12.383243,1.3832426071166992
2025-12-16,SKU030,12,12.493653,0.4936532974243164
2025-12-17,SKU030,15,12.54,2.4600000381469727
2025-12-18,SKU030,11,12.856753,1.8567533493041992
2025-12-19,SKU030,7,14.018435,7.018434524536133
2025-12-20,SKU030,12,14.84784,2.8478403091430664
2025-12-21,SKU030,19,15.007506,3.9924936294555664
2025-12-22,SKU030,10,12.777219,2.777218818664551
2025-12-23,SKU030,10,13.010106,3.010106086730957
2025-12-24,SKU030,8,13.024014,5.024014472961426
2025-12-25,SKU030,25,12.730418,12.26958179473877
2025-12-26,SKU030,11,13.925284,2.9252843856811523
2025-12-27,SKU030,13,14.840647,1.840646743774414
2025-12-28,SKU030,15,15.202175,0.20217514038085938
2025-12-29,SKU030,12,12.3368025,0.33680248260498047
2025-12-30,SKU030,6,12.442494,6.4424943923950195
2025-12-31,SKU030,10,12.14453,2.1445302963256836
2025-09-20,SKU031,6,5.225699,0.7743010520935059
2025-09-21,SKU031,3,5.25656,2.2565598487854004
2025-09-22,SKU031,3,4.289613,1.2896127700805664
2025-09-23,SKU031,2,4.1291146,2.1291146278381348
2025-09-24,SKU031,4,3.7470465,0.25295352935791016
2025-09-25,SKU031,4,3.9365568,0.06344318389892578
2025-09-26,SKU031,4,4.45755,0.457550048828125
2025-09-27,SKU031,5,5.078535,0.07853507995605469
2025-09-28,SKU031,4,5.0949244,1.0949244499206543
2025-09-29,SKU031,4,4.128698,0.12869787216186523
2025-09-30,SKU031,4,4.0041995,0.004199504852294922
2025-10-01,SKU031,5,3.6351047,1.3648953437805176
2025-10-02,SKU031,5,3.9251976,1.0748023986816406
2025-10-03,SKU031,7,4.5456266,2.454373359680176
2025-10-04,SKU031,5,5.3996034,0.39960336685180664
2025-10-05,SKU031,6,5.5276413,0.47235870361328125
2025-10-06,SKU031,4,4.611507,0.6115069389343262
2025-10-07,SKU031,5,4.5444927,0.4555072784423828
2025-10-08,SKU031,5,4.177801,0.8221988677978516
2025-10-09,SKU031,5,4.5401144,0.4598855972290039
2025-10-10,SKU031,5,5.177569,0.17756891250610352
2025-10-11,SKU031,7,6.2592673,0.7407326698303223
2025-10-12,SKU031,6,6.433998,0.43399810791015625
2025-10-13,SKU031,4,5.14549,1.1454901695251465
2025-10-14,SKU031,5,5.128799,0.1287989616394043
2025-10-15,SKU031,3,4.8409553,1.8409552574157715
2025-10-16,SKU031,6,5.036205,0.9637951850891113
2025-10-17,SKU031,7,5.7209105,1.2790894508361816
2025-10-18,SKU031,5,6.796296,1.7962961196899414
2025-10-19,SKU031,7,6.8125434,0.18745660781860352
2025-10-20,SKU031,7,5.3597145,1.6402854919433594
2025-10-21,SKU031,10,7.0524554,2.947544574737549
2025-10-22,SKU031,6,7.314715,1.3147149085998535
2025-10-23,SKU031,7,7.6500564,0.6500563621520996
2025-10-24,SKU031,7,9.405858,2.405858039855957
2025-10-25,SKU031,8,9.375768,1.375767707824707
2025-10-26,SKU031,8,9.452447,1.4524469375610352
2025-10-27,SKU031,9,7.5700135,1.4299864768981934
2025-10-28,SKU031,7,7.671083,0.6710829734802246
2025-10-29,SKU031,7,6.952888,0.04711198806762695
2025-10-30,SKU031,5,6.414968,1.4149680137634277
2025-10-31,SKU031,8,7.3769164,0.6230835914611816
2025-11-01,SKU031,8,7.2978044,0.7021956443786621
2025-11-02,SKU031,8,7.971525,0.028474807739257812
2025-11-03,SKU031,7,6.529791,0.47020912170410156
2025-11-04,SKU031,8,6.0398517,1.9601483345031738
2025-11-05,SKU031,5,5.385801,0.385800838470459
2025-11-06,SKU031,5,5.261022,0.26102209091186523
2025-11-07,SKU031,2,5.2036576,3.203657627105713
2025-11-08,SKU031,6,5.570845,0.4291548728942871
2025-11-09,SKU031,6,5.6844716,0.31552839279174805
2025-11-10,SKU031,4,4.8177896,0.8177895545959473
2025-11-11,SKU031,5,4.717431,0.28256893157958984
2025-11-12,SKU031,5,4.5671873,0.4328126907348633
2025-11-13,SKU031,5,4.801652,0.1983480453491211
2025-11-14,SKU031,6,5.2985005,0.7014994621276855
2025-11-15,SKU031,4,6.1408906,2.140890598297119
2025-11-16,SKU031,13,6.1632276,6.836772441864014
2025-11-17,SKU031,5,5.0903473,0.0903472900390625
2025-11-18,SKU031,4,5.2478714,1.2478713989257812
2025-11-19,SKU031,3,5.3128877,2.312887668609619
2025-11-20,SKU031,7,5.3347096,1.665290355682373
2025-11-21,SKU031,8,8.332806,0.3328056335449219
2025-11-22,SKU031,12,9.543031,2.4569692611694336
2025-11-23,SKU031,9,9.913998,0.9139976501464844
2025-11-24,SKU031,7,7.7418294,0.7418293952941895
2025-11-25,SKU031,7,7.9987864,0.998786449432373
2025-11-26,SKU031,7,8.714043,1.7140426635742188
2025-11-27,SKU031,6,8.228945,2.228944778442383
2025-11-28,SKU031,8,9.028222,1.0282220840454102
2025-11-29,SKU031,10,9.347384,0.6526155471801758
2025-11-30,SKU031,8,9.3521,1.3521003723144531
2025-12-01,SKU031,7,7.3653226,0.3653225898742676
2025-12-02,SKU031,8,7.186319,0.8136811256408691
2025-12-03,SKU031,6,6.891417,0.8914170265197754
2025-12-04,SKU031,11,6.19284,4.807159900665283
2025-12-05,SKU031,10,6.7435355,3.2564644813537598
2025-12-06,SKU031,5,7.106687,2.106687068939209
2025-12-07,SKU031,5,6.4002357,1.400235652923584
2025-12-08,SKU031,7,5.316941,1.6830592155456543
2025-12-09,SKU031,5,5.108057,0.10805702209472656
2025-12-10,SKU031,4,4.857052,0.8570518493652344
2025-12-11,SKU031,3,5.069072,2.0690717697143555
2025-12-12,SKU031,5,5.550008,0.5500078201293945
2025-12-13,SKU031,4,6.3255744,2.3255743980407715
2025-12-14,SKU031,5,6.3373637,1.3373637199401855
2025-12-15,SKU031,3,5.120911,2.120911121368408
2025-12-16,SKU031,5,5.091912,0.09191179275512695
2025-12-17,SKU031,3,4.9466147,1.9466147422790527
2025-12-18,SKU031,4,5.031738,1.0317378044128418
2025-12-19,SKU031,4,5.319903,1.3199028968811035
2025-12-20,SKU031,5,5.99184,0.9918398857116699
2025-12-21,SKU031,6,5.8788238,0.12117624282836914
2025-12-22,SKU031,3,4.7821236,1.7821235656738281
2025-12-23,SKU031,6,4.6795993,1.3204007148742676
2025-12-24,SKU031,3,4.7419834,1.741983413696289
2025-12-25,SKU031,7,4.7288146,2.2711853981018066
2025-12-26,SKU031,5,4.9714603,0.028539657592773438
2025-12-27,SKU031,5,5.504406,0.5044059753417969
2025-12-28,SKU031,6,5.6746163,0.32538366317749023
2025-12-29,SKU031,4,4.727788,0.727787971496582
2025-12-30,SKU031,4,4.5147443,0.5147442817687988
2025-12-31,SKU031,5,4.4023633,0.5976366996765137
2025-09-20,SKU032,6,6.022917,0.022916793823242188
2025-09-21,SKU032,6,6.050257,0.050257205963134766
2025-09-22,SKU032,5,4.8906503,0.10934972763061523
2025-09-23,SKU032,5,4.8015833,0.19841670989990234
2025-09-24,SKU032,4,4.562048,0.5620479583740234
2025-09-25,SKU032,5,4.7385697,0.2614302635192871
2025-09-26,SKU032,6,5.2090774,0.7909226417541504
2025-09-27,SKU032,5,6.1766725,1.1766724586486816
2025-09-28,SKU032,6,6.261453,0.26145315170288086
2025-09-29,SKU032,4,4.991836,0.9918360710144043
2025-09-30,SKU032,5,4.856781,0.143218994140625
2025-10-01,SKU032,4,4.5759068,0.5759067535400391
2025-10-02,SKU032,3,4.810805,1.810804843902588
2025-10-03,SKU032,6,5.299064,0.7009358406066895
2025-10-04,SKU032,6,6.362081,0.36208105087280273
2025-10-05,SKU032,7,6.5513577,0.4486422538757324
2025-10-06,SKU032,6,5.151918,0.8480820655822754
2025-10-07,SKU032,6,5.087322,0.9126777648925781
2025-10-08,SKU032,2,4.8210545,2.821054458618164
2025-10-09,SKU032,6,4.9679937,1.0320062637329102
2025-10-10,SKU032,7,5.565417,1.4345831871032715
2025-10-11,SKU032,4,6.786434,2.7864341735839844
2025-10-12,SKU032,7,6.9759607,0.024039268493652344
2025-10-13,SKU032,6,5.373944,0.6260561943054199
2025-10-14,SKU032,6,5.2546806,0.7453193664550781
2025-10-15,SKU032,4,5.0012717,1.0012717247009277
2025-10-16,SKU032,5,5.143268,0.14326810836791992
2025-10-17,SKU032,6,5.878507,0.12149286270141602
2025-10-18,SKU032,5,7.0118175,2.011817455291748
2025-10-19,SKU032,8,7.2377086,0.762291431427002
2025-10-20,SKU032,10,5.6777196,4.322280406951904
2025-10-21,SKU032,8,7.477558,0.5224418640136719
2025-10-22,SKU032,9,7.5777454,1.4222545623779297
2025-10-23,SKU032,8,8.227755,0.2277545928955078
2025-10-24,SKU032,10,10.14075,0.14074993133544922
2025-10-25,SKU032,6,9.960752,3.960751533508301
2025-10-26,SKU032,11,9.982445,1.0175552368164062
2025-10-27,SKU032,7,8.038772,1.038771629333496
2025-10-28,SKU032,5,8.135494,3.1354942321777344
2025-10-29,SKU032,8,7.4804316,0.5195684432983398
2025-10-30,SKU032,8,6.7791142,1.2208857536315918
2025-10-31,SKU032,6,7.690651,1.6906509399414062
2025-11-01,SKU032,11,7.659908,3.340092182159424
2025-11-02,SKU032,10,8.253031,1.746969223022461
2025-11-03,SKU032,8,6.909946,1.0900540351867676
2025-11-04,SKU032,8,6.667822,1.3321781158447266
2025-11-05,SKU032,10,6.0361066,3.963893413543701
2025-11-06,SKU032,4,5.6882176,1.6882176399230957
2025-11-07,SKU032,5,5.684477,0.6844768524169922
2025-11-08,SKU032,6,6.3693314,0.36933135986328125
2025-11-09,SKU032,4,6.5816693,2.581669330596924
2025-11-10,SKU032,5,5.3004546,0.30045461654663086
2025-11-11,SKU032,4,5.2282205,1.2282204627990723
2025-11-12,SKU032,6,5.0819945,0.9180054664611816
2025-11-13,SKU032,6,5.235251,0.7647490501403809
2025-11-14,SKU032,7,5.893556,1.1064438819885254
2025-11-15,SKU032,5,6.7326207,1.7326207160949707
2025-11-16,SKU032,8,6.761822,1.23817777633667
2025-11-17,SKU032,6,5.3266325,0.6733675003051758
2025-11-18,SKU032,5,5.422309,0.42230892181396484
2025-11-19,SKU032,3,5.650426,2.650425910949707
2025-11-20,SKU032,7,5.5629354,1.4370646476745605
2025-11-21,SKU032,9,8.34879,0.651209831237793
2025-11-22,SKU032,9,9.693321,0.6933212280273438
2025-11-23,SKU032,15,10.243442,4.756558418273926
2025-11-24,SKU032,7,8.15854,1.1585397720336914
2025-11-25,SKU032,6,8.62068,2.6206798553466797
2025-11-26,SKU032,6,9.309228,3.30922794342041
2025-11-27,SKU032,6,8.88988,2.8898801803588867
2025-11-28,SKU032,8,9.6839,1.6838998794555664
2025-11-29,SKU032,10,10.108937,0.10893726348876953
2025-11-30,SKU032,7,9.736138,2.736138343811035
2025-12-01,SKU032,10,7.727899,2.2721009254455566
2025-12-02,SKU032,10,7.9392548,2.0607452392578125
2025-12-03,SKU032,6,7.971043,1.9710431098937988
2025-12-04,SKU032,5,7.016912,2.0169119834899902
2025-12-05,SKU032,8,7.328119,0.6718811988830566
2025-12-06,SKU032,8,7.2443132,0.7556867599487305
2025-12-07,SKU032,6,6.4038243,0.4038243293762207
2025-12-08,SKU032,5,5.3040767,0.3040766716003418
2025-12-09,SKU032,6,5.117149,0.8828511238098145
2025-12-10,SKU032,5,4.9173937,0.08260631561279297
2025-12-11,SKU032,6,5.120203,0.8797969818115234
2025-12-12,SKU032,3,5.663972,2.6639719009399414
2025-12-13,SKU032,6,6.389404,0.3894038200378418
2025-12-14,SKU032,8,6.4443345,1.5556654930114746
2025-12-15,SKU032,6,5.236456,0.7635440826416016
2025-12-16,SKU032,5,5.323401,0.32340097427368164
2025-12-17,SKU032,6,5.2800684,0.7199316024780273
2025-12-18,SKU032,6,5.4371543,0.5628457069396973
2025-12-19,SKU032,8,5.9906917,2.009308338165283
2025-12-20,SKU032,7,6.8722587,0.12774133682250977
2025-12-21,SKU032,4,6.9853997,2.9853997230529785
2025-12-22,SKU032,5,5.372752,0.37275218963623047
2025-12-23,SKU032,6,5.3746114,0.6253886222839355
2025-12-24,SKU032,7,5.4222145,1.5777854919433594
2025-12-25,SKU032,6,5.5236936,0.4763064384460449
2025-12-26,SKU032,7,6.004973,0.9950270652770996
2025-12-27,SKU032,8,6.8552194,1.1447806358337402
2025-12-28,SKU032,6,7.161766,1.1617660522460938
2025-12-29,SKU032,9,5.533487,3.466513156890869
2025-12-30,SKU032,6,5.534662,0.46533823013305664
2025-12-31,SKU032,6,5.6326194,0.36738061904907227
2025-09-20,SKU033,10,9.925907,0.07409286499023438
2025-09-21,SKU033,8,10.276947,2.276947021484375
2025-09-22,SKU033,5,8.16461,3.164609909057617
2025-09-23,SKU033,6,8.107892,2.1078920364379883
2025-09-24,SKU033,7,7.7373614,0.7373614311218262
2025-09-25,SKU033,6,7.8303385,1.830338478088379
2025-09-26,SKU033,11,8.565287,2.434713363647461
2025-09-27,SKU033,9,9.785001,0.7850008010864258
2025-09-28,SKU033,10,9.922575,0.07742500305175781
2025-09-29,SKU033,7,7.8276143,0.8276143074035645
2025-09-30,SKU033,7,7.83853,0.8385300636291504
2025-10-01,SKU033,7,7.5148654,0.5148653984069824
2025-10-02,SKU033,13,7.72161,5.278389930725098
2025-10-03,SKU033,9,8.993016,0.006983757019042969
2025-10-04,SKU033,11,10.3527775,0.6472225189208984
2025-10-05,SKU033,10,10.961507,0.9615068435668945
2025-10-06,SKU033,8,8.641318,0.6413183212280273
2025-10-07,SKU033,12,8.626892,3.37310791015625
2025-10-08,SKU033,9,8.429892,0.5701084136962891
2025-10-09,SKU033,6,8.637301,2.637301445007324
2025-10-10,SKU033,10,9.596639,0.40336132049560547
2025-10-11,SKU033,12,11.187372,0.8126277923583984
2025-10-12,SKU033,17,11.914157,5.085843086242676
2025-10-13,SKU033,8,9.469558,1.469557762145996
2025-10-14,SKU033,6,9.411814,3.411813735961914
2025-10-15,SKU033,10,8.95672,1.0432796478271484
2025-10-16,SKU033,11,9.172257,1.827742576599121
2025-10-17,SKU033,7,10.227421,3.2274208068847656
2025-10-18,SKU033,11,11.719747,0.7197465896606445
2025-10-19,SKU033,11,12.600537,1.6005373001098633
2025-10-20,SKU033,15,9.794274,5.20572566986084
2025-10-21,SKU033,12,12.244113,0.24411296844482422
2025-10-22,SKU033,19,12.51632,6.48367977142334
2025-10-23,SKU033,18,13.6482725,4.351727485656738
2025-10-24,SKU033,21,16.797958,4.2020416259765625
2025-10-25,SKU033,19,16.87021,2.129789352416992
2025-10-26,SKU033,14,17.9242,3.9242000579833984
2025-10-27,SKU033,18,14.319217,3.680783271789551
2025-10-28,SKU033,15,15.1590185,0.15901851654052734
2025-10-29,SKU033,13,13.250578,0.2505779266357422
2025-10-30,SKU033,16,11.733861,4.266139030456543
2025-10-31,SKU033,15,14.376736,0.6232643127441406
2025-11-01,SKU033,22,13.90636,8.093640327453613
2025-11-02,SKU033,17,17.112488,0.11248779296875
2025-11-03,SKU033,14,14.673224,0.6732244491577148
2025-11-04,SKU033,18,14.361321,3.638678550720215
2025-11-05,SKU033,14,11.72896,2.2710399627685547
2025-11-06,SKU033,9,11.606282,2.6062822341918945
2025-11-07,SKU033,9,11.376531,2.376530647277832
2025-11-08,SKU033,12,12.20824,0.20823955535888672
2025-11-09,SKU033,13,13.1852455,0.18524551391601562
2025-11-10,SKU033,9,10.942391,1.9423913955688477
2025-11-11,SKU033,11,10.969237,0.030762672424316406
2025-11-12,SKU033,13,10.50487,2.4951295852661133
2025-11-13,SKU033,13,10.873239,2.1267614364624023
2025-11-14,SKU033,9,12.459664,3.4596643447875977
2025-11-15,SKU033,13,13.476277,0.47627735137939453
2025-11-16,SKU033,15,13.809985,1.1900148391723633
2025-11-17,SKU033,7,11.616768,4.616767883300781
2025-11-18,SKU033,13,11.740443,1.259556770324707
2025-11-19,SKU033,10,11.983682,1.9836816787719727
2025-11-20,SKU033,14,12.021974,1.9780263900756836
2025-11-21,SKU033,18,17.285522,0.7144775390625
2025-11-22,SKU033,19,18.206701,0.7932987213134766
2025-11-23,SKU033,19,19.621088,0.6210880279541016
2025-11-24,SKU033,10,15.449781,5.44978141784668
2025-11-25,SKU033,11,15.3665085,4.366508483886719
2025-11-26,SKU033,17,16.555586,0.4444141387939453
2025-11-27,SKU033,15,16.474768,1.4747676849365234
2025-11-28,SKU033,24,17.767422,6.232578277587891
2025-11-29,SKU033,14,19.09672,5.096719741821289
2025-11-30,SKU033,19,18.838024,0.16197586059570312
2025-12-01,SKU033,15,15.603247,0.6032466888427734
2025-12-02,SKU033,16,16.519274,0.5192737579345703
2025-12-03,SKU033,13,16.080826,3.0808258056640625
2025-12-04,SKU033,10,14.9409895,4.9409894943237305
2025-12-05,SKU033,20,15.927169,4.072831153869629
2025-12-06,SKU033,13,13.744199,0.7441987991333008
2025-12-07,SKU033,10,13.237289,3.2372894287109375
2025-12-08,SKU033,10,11.179547,1.1795473098754883
2025-12-09,SKU033,14,11.186475,2.8135251998901367
2025-12-10,SKU033,10,10.599158,0.5991582870483398
2025-12-11,SKU033,12,10.677786,1.322214126586914
2025-12-12,SKU033,16,11.930226,4.0697736740112305
2025-12-13,SKU033,13,13.266316,0.26631641387939453
2025-12-14,SKU033,16,13.848372,2.151627540588379
2025-12-15,SKU033,14,11.592237,2.4077625274658203
2025-12-16,SKU033,6,11.873916,5.873915672302246
2025-12-17,SKU033,10,11.700294,1.7002935409545898
2025-12-18,SKU033,10,11.844353,1.8443527221679688
2025-12-19,SKU033,10,12.67508,2.6750802993774414
2025-12-20,SKU033,8,13.618919,5.618919372558594
2025-12-21,SKU033,9,13.651063,4.651062965393066
2025-12-22,SKU033,8,11.114398,3.1143980026245117
2025-12-23,SKU033,13,11.279733,1.7202672958374023
2025-12-24,SKU033,9,11.568438,2.5684375762939453
2025-12-25,SKU033,18,11.644567,6.355433464050293
2025-12-26,SKU033,11,12.704696,1.704695701599121
2025-12-27,SKU033,13,13.466005,0.4660053253173828
2025-12-28,SKU033,16,13.747818,2.2521820068359375
2025-12-29,SKU033,9,11.198525,2.1985254287719727
2025-12-30,SKU033,13,11.2729845,1.727015495300293
2025-12-31,SKU033,7,11.249632,4.249631881713867
2025-09-20,SKU034,10,12.024728,2.0247278213500977
2025-09-21,SKU034,10,12.340421,2.340420722961426
2025-09-22,SKU034,12,9.575767,2.4242334365844727
2025-09-23,SKU034,9,9.764433,0.7644329071044922
2025-09-24,SKU034,10,9.450843,0.5491571426391602
2025-09-25,SKU034,8,9.613578,1.6135778427124023
2025-09-26,SKU034,14,10.501819,3.4981813430786133
2025-09-27,SKU034,10,12.158673,2.1586732864379883
2025-09-28,SKU034,18,12.540669,5.4593305587768555
2025-09-29,SKU034,7,9.950772,2.950772285461426
2025-09-30,SKU034,8,10.001483,2.0014829635620117
2025-10-01,SKU034,7,9.616761,2.6167612075805664
2025-10-02,SKU034,18,9.725872,8.274127960205078
2025-10-03,SKU034,11,11.305423,0.3054227828979492
2025-10-04,SKU034,17,13.033179,3.96682071685791
2025-10-05,SKU034,14,14.269338,0.26933765411376953
2025-10-06,SKU034,12,11.006862,0.993138313293457
2025-10-07,SKU034,15,10.922154,4.077845573425293
2025-10-08,SKU034,12,10.788435,1.2115650177001953
2025-10-09,SKU034,7,11.119485,4.119484901428223
2025-10-10,SKU034,15,12.263961,2.736039161682129
2025-10-11,SKU034,16,14.67328,1.3267202377319336
2025-10-12,SKU034,12,16.04952,4.049520492553711
2025-10-13,SKU034,11,12.1061535,1.1061534881591797
2025-10-14,SKU034,7,11.858338,4.858338356018066
2025-10-15,SKU034,13,11.34647,1.6535301208496094
2025-10-16,SKU034,19,11.672643,7.327357292175293
2025-10-17,SKU034,12,13.399291,1.3992910385131836
2025-10-18,SKU034,14,15.584908,1.5849075317382812
2025-10-19,SKU034,16,17.160816,1.1608161926269531
2025-10-20,SKU034,19,12.782712,6.217288017272949
2025-10-21,SKU034,15,15.264129,0.2641286849975586
2025-10-22,SKU034,25,16.1624,8.837600708007812
2025-10-23,SKU034,20,17.735554,2.264446258544922
2025-10-24,SKU034,24,21.172968,2.8270320892333984
2025-10-25,SKU034,22,21.596436,0.403564453125
2025-10-26,SKU034,28,22.799461,5.200538635253906
2025-10-27,SKU034,17,18.940758,1.9407577514648438
2025-10-28,SKU034,18,19.190483,1.1904830932617188
2025-10-29,SKU034,26,14.705749,11.294251441955566
2025-10-30,SKU034,19,15.481933,3.5180673599243164
2025-10-31,SKU034,23,16.239876,6.760124206542969
2025-11-01,SKU034,19,17.320877,1.6791229248046875
2025-11-02,SKU034,23,21.354736,1.645263671875
2025-11-03,SKU034,15,18.539711,3.5397109985351562
2025-11-04,SKU034,17,17.495655,0.4956550598144531
2025-11-05,SKU034,18,13.915314,4.084686279296875
2025-11-06,SKU034,14,14.948811,0.9488105773925781
2025-11-07,SKU034,17,13.867028,3.13297176361084
2025-11-08,SKU034,13,14.6510725,1.6510725021362305
2025-11-09,SKU034,15,16.02694,1.0269393920898438
2025-11-10,SKU034,11,13.0912695,2.0912694931030273
2025-11-11,SKU034,16,13.014592,2.985407829284668
2025-11-12,SKU034,12,12.864356,0.8643560409545898
2025-11-13,SKU034,13,13.123553,0.12355327606201172
2025-11-14,SKU034,18,14.907186,3.0928144454956055
2025-11-15,SKU034,17,16.393896,0.6061038970947266
2025-11-16,SKU034,17,16.9293,0.07069969177246094
2025-11-17,SKU034,13,13.895259,0.895258903503418
2025-11-18,SKU034,7,13.99169,6.991689682006836
2025-11-19,SKU034,12,13.939939,1.9399385452270508
2025-11-20,SKU034,18,13.911221,4.088779449462891
2025-11-21,SKU034,23,19.97549,3.0245094299316406
2025-11-22,SKU034,28,22.038416,5.961584091186523
2025-11-23,SKU034,15,24.580515,9.580514907836914
2025-11-24,SKU034,23,18.880684,4.119316101074219
2025-11-25,SKU034,18,18.290123,0.29012298583984375
2025-11-26,SKU034,22,19.852089,2.1479110717773438
2025-11-27,SKU034,17,20.22225,3.222249984741211
2025-11-28,SKU034,20,23.093737,3.0937366485595703
2025-11-29,SKU034,21,23.773087,2.7730865478515625
2025-11-30,SKU034,12,24.56214,12.562139511108398
2025-12-01,SKU034,17,20.490608,3.4906082153320312
2025-12-02,SKU034,15,20.773209,5.7732086181640625
2025-12-03,SKU034,21,19.653774,1.3462257385253906
2025-12-04,SKU034,17,19.383923,2.383922576904297
2025-12-05,SKU034,31,20.126518,10.873481750488281
2025-12-06,SKU034,12,17.045763,5.04576301574707
2025-12-07,SKU034,11,16.271433,5.271432876586914
2025-12-08,SKU034,9,13.293206,4.293206214904785
2025-12-09,SKU034,7,12.872054,5.872054100036621
2025-12-10,SKU034,11,12.043019,1.0430192947387695
2025-12-11,SKU034,15,12.0765705,2.923429489135742
2025-12-12,SKU034,12,13.138339,1.1383390426635742
2025-12-13,SKU034,15,14.475799,0.5242013931274414
2025-12-14,SKU034,16,15.255746,0.7442541122436523
2025-12-15,SKU034,10,12.725139,2.7251386642456055
2025-12-16,SKU034,11,12.754476,1.7544755935668945
2025-12-17,SKU034,17,12.68879,4.311209678649902
2025-12-18,SKU034,9,12.925763,3.9257631301879883
2025-12-19,SKU034,13,13.843265,0.8432645797729492
2025-12-20,SKU034,16,14.8435335,1.1564664840698242
2025-12-21,SKU034,15,15.258412,0.25841236114501953
2025-12-22,SKU034,10,12.685726,2.6857261657714844
2025-12-23,SKU034,10,12.672041,2.6720409393310547
2025-12-24,SKU034,19,12.833224,6.166775703430176
2025-12-25,SKU034,11,13.02512,2.0251197814941406
2025-12-26,SKU034,14,13.678517,0.32148265838623047
2025-12-27,SKU034,16,14.618396,1.3816041946411133
2025-12-28,SKU034,15,15.073466,0.07346630096435547
2025-12-29,SKU034,14,12.427062,1.5729379653930664
2025-12-30,SKU034,13,12.432228,0.5677719116210938
2025-12-31,SKU034,10,12.575126,2.5751256942749023
2025-09-20,SKU035,7,8.136146,1.1361455917358398
2025-09-21,SKU035,7,8.026184,1.02618408203125
2025-09-22,SKU035,6,6.3403034,0.3403034210205078
2025-09-23,SKU035,6,6.3320646,0.3320646286010742
2025-09-24,SKU035,5,6.0870743,1.0870742797851562
2025-09-25,SKU035,6,6.2414875,0.2414875030517578
2025-09-26,SKU035,7,6.9806924,0.019307613372802734
2025-09-27,SKU035,7,7.9667315,0.9667315483093262
2025-09-28,SKU035,9,7.863732,1.136268138885498
2025-09-29,SKU035,6,6.2628517,0.2628517150878906
2025-09-30,SKU035,6,6.3014035,0.3014035224914551
2025-10-01,SKU035,8,6.0683203,1.9316797256469727
2025-10-02,SKU035,7,6.39267,0.6073298454284668
2025-10-03,SKU035,8,7.3385797,0.6614203453063965
2025-10-04,SKU035,8,8.508572,0.5085716247558594
2025-10-05,SKU035,9,8.606396,0.3936042785644531
2025-10-06,SKU035,10,6.8884583,3.111541748046875
2025-10-07,SKU035,6,7.0563474,1.056347370147705
2025-10-08,SKU035,7,6.7148438,0.28515625
2025-10-09,SKU035,5,6.9938617,1.9938616752624512
2025-10-10,SKU035,6,7.8388557,1.8388557434082031
2025-10-11,SKU035,7,8.939182,1.9391822814941406
2025-10-12,SKU035,7,9.019006,2.01900577545166
2025-10-13,SKU035,6,7.153832,1.153831958770752
2025-10-14,SKU035,6,7.102137,1.1021370887756348
2025-10-15,SKU035,8,6.649671,1.3503289222717285
2025-10-16,SKU035,4,6.928201,2.928201198577881
2025-10-17,SKU035,9,7.6629753,1.3370246887207031
2025-10-18,SKU035,8,8.891334,0.8913335800170898
2025-10-19,SKU035,8,9.075462,1.0754623413085938
2025-10-20,SKU035,14,7.225163,6.774837017059326
2025-10-21,SKU035,12,9.759257,2.2407426834106445
2025-10-22,SKU035,11,9.7789545,1.2210454940795898
2025-10-23,SKU035,10,10.401237,0.40123653411865234
2025-10-24,SKU035,11,12.63236,1.6323604583740234
2025-10-25,SKU035,10,12.329549,2.3295488357543945
2025-10-26,SKU035,17,12.49961,4.50039005279541
2025-10-27,SKU035,11,10.310428,0.6895723342895508
2025-10-28,SKU035,12,10.754647,1.2453527450561523
2025-10-29,SKU035,12,9.774034,2.225966453552246
2025-10-30,SKU035,13,8.8491535,4.150846481323242
2025-10-31,SKU035,14,10.883709,3.116291046142578
2025-11-01,SKU035,15,10.456336,4.54366397857666
2025-11-02,SKU035,8,12.140565,4.140564918518066
2025-11-03,SKU035,14,10.0909395,3.909060478210449
2025-11-04,SKU035,10,9.700143,0.29985713958740234
2025-11-05,SKU035,8,8.041863,0.041863441467285156
2025-11-06,SKU035,7,7.6589346,0.6589345932006836
2025-11-07,SKU035,8,7.636972,0.36302804946899414
2025-11-08,SKU035,12,8.417412,3.5825881958007812
2025-11-09,SKU035,8,9.096587,1.0965871810913086
2025-11-10,SKU035,7,7.5695157,0.5695157051086426
2025-11-11,SKU035,6,7.6264496,1.6264495849609375
2025-11-12,SKU035,7,7.3451495,0.34514951705932617
2025-11-13,SKU035,10,7.610298,2.3897018432617188
2025-11-14,SKU035,12,8.68442,3.315580368041992
2025-11-15,SKU035,8,9.8168125,1.816812515258789
2025-11-16,SKU035,11,10.030664,0.9693355560302734
2025-11-17,SKU035,6,8.207666,2.2076663970947266
2025-11-18,SKU035,5,8.464803,3.4648027420043945
2025-11-19,SKU035,5,8.755767,3.7557668685913086
2025-11-20,SKU035,9,8.576683,0.42331695556640625
2025-11-21,SKU035,13,12.516101,0.4838991165161133
2025-11-22,SKU035,16,13.269986,2.730013847351074
2025-11-23,SKU035,13,13.9493,0.9492998123168945
2025-11-24,SKU035,9,11.017974,2.0179738998413086
2025-11-25,SKU035,11,11.385886,0.38588619232177734
2025-11-26,SKU035,13,12.301023,0.6989774703979492
2025-11-27,SKU035,10,11.813817,1.813817024230957
2025-11-28,SKU035,12,12.938269,0.9382686614990234
2025-11-29,SKU035,12,13.494021,1.4940214157104492
2025-11-30,SKU035,18,13.225462,4.774538040161133
2025-12-01,SKU035,5,10.840688,5.8406877517700195
2025-12-02,SKU035,7,10.832083,3.832082748413086
2025-12-03,SKU035,14,10.475615,3.524385452270508
2025-12-04,SKU035,16,9.449646,6.55035400390625
2025-12-05,SKU035,12,10.4225025,1.5774974822998047
2025-12-06,SKU035,8,10.381089,2.381089210510254
2025-12-07,SKU035,10,9.518288,0.48171234130859375
2025-12-08,SKU035,8,7.86456,0.13543987274169922
2025-12-09,SKU035,6,7.7141623,1.7141623497009277
2025-12-10,SKU035,9,7.2255106,1.774489402770996
2025-12-11,SKU035,3,7.4529095,4.452909469604492
2025-12-12,SKU035,9,8.195433,0.8045673370361328
2025-12-13,SKU035,11,9.121278,1.8787221908569336
2025-12-14,SKU035,8,9.300811,1.3008108139038086
2025-12-15,SKU035,8,7.550588,0.44941186904907227
2025-12-16,SKU035,6,7.7192864,1.7192864418029785
2025-12-17,SKU035,9,7.556053,1.4439468383789062
2025-12-18,SKU035,8,7.7799983,0.2200016975402832
2025-12-19,SKU035,10,8.610375,1.3896245956420898
2025-12-20,SKU035,10,9.81394,0.18605995178222656
2025-12-21,SKU035,9,9.9249525,0.924952507019043
2025-12-22,SKU035,7,7.8779807,0.8779807090759277
2025-12-23,SKU035,5,7.927859,2.927858829498291
2025-12-24,SKU035,11,8.108977,2.8910226821899414
2025-12-25,SKU035,7,8.230407,1.2304067611694336
2025-12-26,SKU035,8,8.7124195,0.7124195098876953
2025-12-27,SKU035,7,9.585624,2.5856237411499023
2025-12-28,SKU035,5,9.656737,4.656737327575684
2025-12-29,SKU035,10,7.561353,2.4386467933654785
2025-12-30,SKU035,5,7.534515,2.534514904022217
2025-12-31,SKU035,8,7.324397,0.675602912902832
2025-09-20,SKU036,4,5.7321754,1.732175350189209
2025-09-21,SKU036,5,5.807856,0.8078560829162598
2025-09-22,SKU036,5,4.674161,0.3258390426635742
2025-09-23,SKU036,4,4.489173,0.48917293548583984
2025-09-24,SKU036,4,4.17209,0.1720900535583496
2025-09-25,SKU036,6,4.373134,1.6268658638000488
2025-09-26,SKU036,4,4.8836365,0.883636474609375
2025-09-27,SKU036,5,5.685787,0.6857872009277344
2025-09-28,SKU036,5,5.8751173,0.875117301940918
2025-09-29,SKU036,5,4.7508984,0.2491016387939453
2025-09-30,SKU036,5,4.5492554,0.45074462890625
2025-10-01,SKU036,4,4.196906,0.19690608978271484
2025-10-02,SKU036,8,4.470621,3.529378890991211
2025-10-03,SKU036,7,5.099707,1.9002928733825684
2025-10-04,SKU036,7,6.3990126,0.600987434387207
2025-10-05,SKU036,8,6.88942,1.1105799674987793
2025-10-06,SKU036,6,5.3423605,0.6576395034790039
2025-10-07,SKU036,5,5.2328115,0.23281145095825195
2025-10-08,SKU036,5,4.9128027,0.08719730377197266
2025-10-09,SKU036,5,5.0962424,0.09624242782592773
2025-10-10,SKU036,7,5.9035535,1.0964465141296387
2025-10-11,SKU036,5,7.2500205,2.2500205039978027
2025-10-12,SKU036,7,7.6380835,0.6380834579467773
2025-10-13,SKU036,4,5.8865523,1.886552333831787
2025-10-14,SKU036,6,5.48762,0.5123801231384277
2025-10-15,SKU036,6,5.1686683,0.831331729888916
2025-10-16,SKU036,5,5.384002,0.3840022087097168
2025-10-17,SKU036,6,6.1625957,0.1625957489013672
2025-10-18,SKU036,7,7.4287086,0.428708553314209
2025-10-19,SKU036,6,7.9009604,1.9009604454040527
2025-10-20,SKU036,8,6.1182942,1.8817057609558105
2025-10-21,SKU036,4,7.6904306,3.6904306411743164
2025-10-22,SKU036,7,7.6707873,0.6707873344421387
2025-10-23,SKU036,5,8.147127,3.147127151489258
2025-10-24,SKU036,8,9.795079,1.795079231262207
2025-10-25,SKU036,10,9.562879,0.4371213912963867
2025-10-26,SKU036,7,9.67158,2.6715803146362305
2025-10-27,SKU036,8,7.8231654,0.1768345832824707
2025-10-28,SKU036,7,7.852445,0.852445125579834
2025-10-29,SKU036,8,7.4972878,0.5027122497558594
2025-10-30,SKU036,7,6.707416,0.2925839424133301
2025-10-31,SKU036,9,7.490336,1.5096640586853027
2025-11-01,SKU036,10,7.5051217,2.4948782920837402
2025-11-02,SKU036,10,7.9050274,2.094972610473633
2025-11-03,SKU036,6,6.5811563,0.5811562538146973
2025-11-04,SKU036,7,6.307767,0.6922330856323242
2025-11-05,SKU036,9,5.7777123,3.222287654876709
2025-11-06,SKU036,6,5.460809,0.5391907691955566
2025-11-07,SKU036,5,5.4497757,0.44977569580078125
2025-11-08,SKU036,8,6.147239,1.8527607917785645
2025-11-09,SKU036,4,6.445596,2.445596218109131
2025-11-10,SKU036,5,5.266948,0.26694822311401367
2025-11-11,SKU036,5,5.1869407,0.18694067001342773
2025-11-12,SKU036,6,5.061069,0.9389309883117676
2025-11-13,SKU036,4,5.2367177,1.236717700958252
2025-11-14,SKU036,7,5.8360023,1.1639976501464844
2025-11-15,SKU036,8,6.589167,1.4108328819274902
2025-11-16,SKU036,8,6.6942487,1.3057513236999512
2025-11-17,SKU036,4,5.3030868,1.303086757659912
2025-11-18,SKU036,5,5.362771,0.36277103424072266
2025-11-19,SKU036,6,5.524187,0.4758129119873047
2025-11-20,SKU036,8,5.5717916,2.428208351135254
2025-11-21,SKU036,10,8.411952,1.588047981262207
2025-11-22,SKU036,7,9.906473,2.906473159790039
2025-11-23,SKU036,10,10.507573,0.507573127746582
2025-11-24,SKU036,7,8.182606,1.1826057434082031
2025-11-25,SKU036,7,8.649065,1.6490650177001953
2025-11-26,SKU036,8,9.59832,1.5983200073242188
2025-11-27,SKU036,9,9.204807,0.20480728149414062
2025-11-28,SKU036,8,10.163992,2.163991928100586
2025-11-29,SKU036,8,10.492151,2.4921512603759766
2025-11-30,SKU036,9,9.876002,0.876002311706543
2025-12-01,SKU036,9,7.9046006,1.0953993797302246
2025-12-02,SKU036,8,8.23138,0.23138046264648438
2025-12-03,SKU036,9,8.241154,0.7588462829589844
2025-12-04,SKU036,10,7.3775687,2.6224312782287598
2025-12-05,SKU036,12,7.8980536,4.1019463539123535
2025-12-06,SKU036,6,7.811399,1.811398983001709
2025-12-07,SKU036,8,7.0217767,0.9782233238220215
2025-12-08,SKU036,6,5.794852,0.20514822006225586
2025-12-09,SKU036,5,5.549635,0.5496349334716797
2025-12-10,SKU036,4,5.3469415,1.3469414710998535
2025-12-11,SKU036,6,5.6627293,0.33727073669433594
2025-12-12,SKU036,6,6.2727137,0.27271366119384766
2025-12-13,SKU036,6,6.980328,0.9803280830383301
2025-12-14,SKU036,5,7.132864,2.132863998413086
2025-12-15,SKU036,6,5.7112494,0.28875064849853516
2025-12-16,SKU036,5,5.6595607,0.6595606803894043
2025-12-17,SKU036,4,5.6149926,1.614992618560791
2025-12-18,SKU036,7,5.7678432,1.232156753540039
2025-12-19,SKU036,6,6.2567377,0.25673770904541016
2025-12-20,SKU036,5,6.9367094,1.9367094039916992
2025-12-21,SKU036,7,6.9126697,0.08733034133911133
2025-12-22,SKU036,5,5.3566375,0.35663747787475586
2025-12-23,SKU036,4,5.397722,1.397721767425537
2025-12-24,SKU036,9,5.5049806,3.4950194358825684
2025-12-25,SKU036,5,5.7023807,0.7023806571960449
2025-12-26,SKU036,7,6.1488357,0.8511643409729004
2025-12-27,SKU036,6,6.8921905,0.8921904563903809
2025-12-28,SKU036,6,7.0131984,1.0131983757019043
2025-12-29,SKU036,6,5.418681,0.5813188552856445
2025-12-30,SKU036,7,5.3797135,1.620286464691162
2025-12-31,SKU036,7,5.5084467,1.4915533065795898
2025-09-20,SKU037,10,10.305269,0.3052692413330078
2025-09-21,SKU037,9,10.475441,1.4754409790039062
2025-09-22,SKU037,9,8.369191,0.6308088302612305
2025-09-23,SKU037,9,8.571004,0.42899608612060547
2025-09-24,SKU037,7,8.324431,1.3244314193725586
2025-09-25,SKU037,7,8.458761,1.458761215209961
2025-09-26,SKU037,7,9.375469,2.375469207763672
2025-09-27,SKU037,8,10.467552,2.4675521850585938
2025-09-28,SKU037,8,10.522925,2.52292537689209
2025-09-29,SKU037,9,8.368976,0.6310243606567383
2025-09-30,SKU037,8,8.487217,0.4872169494628906
2025-10-01,SKU037,8,8.168556,0.16855621337890625
2025-10-02,SKU037,8,8.431122,0.431121826171875
2025-10-03,SKU037,11,9.473372,1.526627540588379
2025-10-04,SKU037,14,10.909364,3.0906362533569336
2025-10-05,SKU037,12,11.486674,0.5133256912231445
2025-10-06,SKU037,12,9.146587,2.853412628173828
2025-10-07,SKU037,8,9.408397,1.4083967208862305
2025-10-08,SKU037,10,8.968327,1.0316734313964844
2025-10-09,SKU037,10,9.240602,0.7593984603881836
2025-10-10,SKU037,13,10.298173,2.701827049255371
2025-10-11,SKU037,7,12.122672,5.122672080993652
2025-10-12,SKU037,14,12.498549,1.501450538635254
2025-10-13,SKU037,9,9.858492,0.8584918975830078
2025-10-14,SKU037,8,9.956429,1.9564285278320312
2025-10-15,SKU037,5,9.595805,4.5958051681518555
2025-10-16,SKU037,10,9.598761,0.40123939514160156
2025-10-17,SKU037,10,10.562123,0.5621232986450195
2025-10-18,SKU037,15,11.994922,3.0050783157348633
2025-10-19,SKU037,11,12.848626,1.8486261367797852
2025-10-20,SKU037,14,9.992095,4.007905006408691
2025-10-21,SKU037,19,12.4525,6.547499656677246
2025-10-22,SKU037,14,13.288981,0.7110185623168945
2025-10-23,SKU037,19,13.649304,5.350695610046387
2025-10-24,SKU037,20,17.638235,2.361764907836914
2025-10-25,SKU037,19,17.509789,1.4902114868164062
2025-10-26,SKU037,21,18.331493,2.668506622314453
2025-10-27,SKU037,11,14.858795,3.858795166015625
2025-10-28,SKU037,14,15.783654,1.7836542129516602
2025-10-29,SKU037,13,14.301613,1.3016128540039062
2025-10-30,SKU037,17,12.529635,4.470364570617676
2025-10-31,SKU037,24,15.425197,8.574803352355957
2025-11-01,SKU037,15,14.555381,0.44461917877197266
2025-11-02,SKU037,21,18.079428,2.920572280883789
2025-11-03,SKU037,13,15.011919,2.0119190216064453
2025-11-04,SKU037,17,14.700296,2.299703598022461
2025-11-05,SKU037,13,11.793388,1.2066116333007812
2025-11-06,SKU037,8,11.593574,3.593573570251465
2025-11-07,SKU037,10,11.358445,1.358445167541504
2025-11-08,SKU037,10,12.104805,2.1048049926757812
2025-11-09,SKU037,11,12.942363,1.9423627853393555
2025-11-10,SKU037,10,10.651022,0.6510219573974609
2025-11-11,SKU037,10,10.756864,0.7568635940551758
2025-11-12,SKU037,11,10.362842,0.6371583938598633
2025-11-13,SKU037,10,10.689417,0.6894168853759766
2025-11-14,SKU037,11,12.10956,1.1095600128173828
2025-11-15,SKU037,6,13.275357,7.275357246398926
2025-11-16,SKU037,11,13.179747,2.179746627807617
2025-11-17,SKU037,11,10.95111,0.048890113830566406
2025-11-18,SKU037,9,11.188328,2.1883277893066406
2025-11-19,SKU037,9,11.436877,2.4368772506713867
2025-11-20,SKU037,12,11.536571,0.46342945098876953
2025-11-21,SKU037,20,16.38029,3.619710922241211
2025-11-22,SKU037,20,17.462887,2.5371131896972656
2025-11-23,SKU037,18,18.673965,0.6739654541015625
2025-11-24,SKU037,12,14.568171,2.5681705474853516
2025-11-25,SKU037,14,14.648801,0.6488008499145508
2025-11-26,SKU037,10,15.837872,5.837871551513672
2025-11-27,SKU037,16,15.307433,0.6925668716430664
2025-11-28,SKU037,18,16.958927,1.0410728454589844
2025-11-29,SKU037,18,17.5911,0.40889930725097656
2025-11-30,SKU037,16,17.350542,1.3505420684814453
2025-12-01,SKU037,18,14.16777,3.8322296142578125
2025-12-02,SKU037,12,15.163923,3.1639232635498047
2025-12-03,SKU037,12,14.692896,2.6928958892822266
2025-12-04,SKU037,9,13.677814,4.677813529968262
2025-12-05,SKU037,19,14.702842,4.297158241271973
2025-12-06,SKU037,11,12.9601755,1.9601755142211914
2025-12-07,SKU037,16,12.219275,3.78072452545166
2025-12-08,SKU037,9,10.338351,1.3383512496948242
2025-12-09,SKU037,11,10.421425,0.5785751342773438
2025-12-10,SKU037,11,9.758998,1.241002082824707
2025-12-11,SKU037,6,9.807402,3.807401657104492
2025-12-12,SKU037,12,10.79506,1.204939842224121
2025-12-13,SKU037,12,11.957234,0.04276561737060547
2025-12-14,SKU037,14,12.307349,1.6926507949829102
2025-12-15,SKU037,9,10.273098,1.2730979919433594
2025-12-16,SKU037,7,10.631387,3.6313867568969727
2025-12-17,SKU037,14,10.636477,3.363522529602051
2025-12-18,SKU037,10,10.904647,0.9046468734741211
2025-12-19,SKU037,14,11.925953,2.074047088623047
2025-12-20,SKU037,15,13.16204,1.8379602432250977
2025-12-21,SKU037,16,13.459857,2.5401430130004883
2025-12-22,SKU037,10,11.044167,1.0441665649414062
2025-12-23,SKU037,6,11.13273,5.132729530334473
2025-12-24,SKU037,10,11.187552,1.1875524520874023
2025-12-25,SKU037,14,11.147284,2.8527164459228516
2025-12-26,SKU037,9,11.962504,2.9625043869018555
2025-12-27,SKU037,14,12.816933,1.1830673217773438
2025-12-28,SKU037,15,13.091645,1.9083547592163086
2025-12-29,SKU037,12,10.758939,1.2410612106323242
2025-12-30,SKU037,10,10.770732,0.7707319259643555
2025-12-31,SKU037,9,10.815986,1.8159856796264648
2025-09-20,SKU038,4,3.8769655,0.12303447723388672
2025-09-21,SKU038,3,4.075905,1.0759048461914062
2025-09-22,SKU038,3,3.3445692,0.34456920623779297
2025-09-23,SKU038,2,3.3106518,1.3106517791748047
2025-09-24,SKU038,3,3.0247672,0.024767160415649414
2025-09-25,SKU038,3,3.1218717,0.1218717098236084
2025-09-26,SKU038,3,3.3543262,0.3543262481689453
2025-09-27,SKU038,8,3.7781215,4.221878528594971
2025-09-28,SKU038,3,4.0270925,1.027092456817627
2025-09-29,SKU038,3,3.3499303,0.3499302864074707
2025-09-30,SKU038,2,3.3125095,1.312509536743164
2025-10-01,SKU038,3,3.028606,0.028605937957763672
2025-10-02,SKU038,4,3.1346583,0.8653416633605957
2025-10-03,SKU038,4,3.4197865,0.5802135467529297
2025-10-04,SKU038,4,4.091133,0.09113311767578125
2025-10-05,SKU038,4,4.497172,0.49717187881469727
2025-10-06,SKU038,4,3.659707,0.34029293060302734
2025-10-07,SKU038,6,3.4756198,2.5243802070617676
2025-10-08,SKU038,4,3.1673832,0.8326168060302734
2025-10-09,SKU038,3,3.329348,0.329348087310791
2025-10-10,SKU038,5,3.674971,1.325028896331787
2025-10-11,SKU038,6,4.8491354,1.150864601135254
2025-10-12,SKU038,3,5.3812375,2.381237506866455
2025-10-13,SKU038,4,4.4082675,0.4082674980163574
2025-10-14,SKU038,3,3.9928427,0.9928426742553711
2025-10-15,SKU038,3,3.5080051,0.5080051422119141
2025-10-16,SKU038,2,3.7324853,1.732485294342041
2025-10-17,SKU038,5,4.279252,0.7207479476928711
2025-10-18,SKU038,4,5.215236,1.2152361869812012
2025-10-19,SKU038,4,5.461738,1.461738109588623
2025-10-20,SKU038,6,4.4640517,1.5359482765197754
2025-10-21,SKU038,6,5.2569494,0.7430505752563477
2025-10-22,SKU038,6,5.0538344,0.9461655616760254
2025-10-23,SKU038,3,5.4084706,2.408470630645752
2025-10-24,SKU038,6,7.1066403,1.106640338897705
2025-10-25,SKU038,6,7.256122,1.25612211227417
2025-10-26,SKU038,4,7.1983094,3.1983094215393066
2025-10-27,SKU038,5,5.638619,0.6386189460754395
2025-10-28,SKU038,5,5.563335,0.5633349418640137
2025-10-29,SKU038,6,5.183785,0.8162150382995605
2025-10-30,SKU038,6,4.9295425,1.0704574584960938
2025-10-31,SKU038,7,5.3396974,1.6603026390075684
2025-11-01,SKU038,6,5.444331,0.555668830871582
2025-11-02,SKU038,8,5.4796467,2.520353317260742
2025-11-03,SKU038,4,4.7231035,0.7231035232543945
2025-11-04,SKU038,5,4.5490265,0.4509735107421875
2025-11-05,SKU038,5,4.359299,0.6407008171081543
2025-11-06,SKU038,3,4.180363,1.1803631782531738
2025-11-07,SKU038,5,3.9565783,1.043421745300293
2025-11-08,SKU038,4,4.241356,0.24135589599609375
2025-11-09,SKU038,4,4.320717,0.32071685791015625
2025-11-10,SKU038,4,3.605791,0.3942089080810547
2025-11-11,SKU038,4,3.5513787,0.4486212730407715
2025-11-12,SKU038,4,3.5179763,0.4820237159729004
2025-11-13,SKU038,3,3.617694,0.6176939010620117
2025-11-14,SKU038,5,3.8862596,1.1137404441833496
2025-11-15,SKU038,4,4.349967,0.34996700286865234
2025-11-16,SKU038,3,4.4737954,1.4737954139709473
2025-11-17,SKU038,4,3.6987267,0.3012733459472656
2025-11-18,SKU038,4,3.7053938,0.29460620880126953
2025-11-19,SKU038,4,3.8935795,0.10642051696777344
2025-11-20,SKU038,5,3.9387932,1.0612068176269531
2025-11-21,SKU038,7,5.361522,1.6384778022766113
2025-11-22,SKU038,8,6.76463,1.23537015914917
2025-11-23,SKU038,7,7.5662823,0.5662822723388672
2025-11-24,SKU038,5,5.84468,0.8446798324584961
2025-11-25,SKU038,4,6.005449,2.005448818206787
2025-11-26,SKU038,5,6.7031846,1.7031846046447754
2025-11-27,SKU038,5,6.427698,1.4276981353759766
2025-11-28,SKU038,6,6.923135,0.9231348037719727
2025-11-29,SKU038,7,7.452316,0.4523158073425293
2025-11-30,SKU038,6,7.1039186,1.1039185523986816
2025-12-01,SKU038,5,5.636651,0.6366510391235352
2025-12-02,SKU038,3,5.601088,2.601088047027588
2025-12-03,SKU038,6,5.4608464,0.5391535758972168
2025-12-04,SKU038,3,5.1513615,2.1513614654541016
2025-12-05,SKU038,6,5.254103,0.7458968162536621
2025-12-06,SKU038,3,5.356547,2.3565468788146973
2025-12-07,SKU038,4,4.831038,0.8310379981994629
2025-12-08,SKU038,4,4.011231,0.011230945587158203
2025-12-09,SKU038,2,3.7322206,1.7322206497192383
2025-12-10,SKU038,4,3.5841622,0.41583776473999023
2025-12-11,SKU038,4,3.6541376,0.34586238861083984
2025-12-12,SKU038,5,3.8672934,1.132706642150879
2025-12-13,SKU038,4,4.1988416,0.19884157180786133
2025-12-14,SKU038,4,4.310373,0.31037282943725586
2025-12-15,SKU038,4,3.7144094,0.28559064865112305
2025-12-16,SKU038,3,3.7017913,0.7017912864685059
2025-12-17,SKU038,3,3.7419991,0.7419991493225098
2025-12-18,SKU038,4,3.8580785,0.1419215202331543
2025-12-19,SKU038,4,4.029838,0.029838085174560547
2025-12-20,SKU038,3,4.2506757,1.2506756782531738
2025-12-21,SKU038,6,4.2695765,1.7304234504699707
2025-12-22,SKU038,3,3.4849424,0.4849424362182617
2025-12-23,SKU038,2,3.603283,1.6032829284667969
2025-12-24,SKU038,4,3.729401,0.2705988883972168
2025-12-25,SKU038,4,3.7587423,0.2412576675415039
2025-12-26,SKU038,4,3.8836203,0.1163797378540039
2025-12-27,SKU038,4,4.1580505,0.158050537109375
2025-12-28,SKU038,4,4.35456,0.35455989837646484
2025-12-29,SKU038,3,3.654911,0.6549110412597656
2025-12-30,SKU038,3,3.5435667,0.5435667037963867
2025-12-31,SKU038,3,3.4936213,0.4936213493347168
2025-09-20,SKU039,16,17.020103,1.0201034545898438
2025-09-21,SKU039,12,18.074444,6.074443817138672
2025-09-22,SKU039,14,13.35599,0.6440095901489258
2025-09-23,SKU039,9,13.237215,4.237215042114258
2025-09-24,SKU039,15,12.860282,2.1397180557250977
2025-09-25,SKU039,12,13.177735,1.1777353286743164
2025-09-26,SKU039,15,14.496393,0.5036067962646484
2025-09-27,SKU039,32,16.957417,15.042583465576172
2025-09-28,SKU039,17,19.15115,2.1511497497558594
2025-09-29,SKU039,14,14.543499,0.5434989929199219
2025-09-30,SKU039,12,14.350357,2.3503570556640625
2025-10-01,SKU039,19,14.195167,4.80483341217041
2025-10-02,SKU039,22,14.839248,7.160752296447754
2025-10-03,SKU039,25,17.081913,7.918087005615234
2025-10-04,SKU039,13,20.53849,7.538490295410156
2025-10-05,SKU039,23,22.020836,0.9791641235351562
2025-10-06,SKU039,18,15.880683,2.119317054748535
2025-10-07,SKU039,14,16.081253,2.0812530517578125
2025-10-08,SKU039,13,16.07194,3.071939468383789
2025-10-09,SKU039,15,16.187828,1.1878280639648438
2025-10-10,SKU039,14,18.434746,4.434745788574219
2025-10-11,SKU039,16,22.151588,6.151588439941406
2025-10-12,SKU039,16,24.762615,8.762615203857422
2025-10-13,SKU039,13,16.848341,3.8483409881591797
2025-10-14,SKU039,14,16.17797,2.1779708862304688
2025-10-15,SKU039,18,16.170284,1.8297157287597656
2025-10-16,SKU039,14,16.38127,2.3812694549560547
2025-10-17,SKU039,22,17.67218,4.32781982421875
2025-10-18,SKU039,20,21.375275,1.375274658203125
2025-10-19,SKU039,19,23.851002,4.851001739501953
2025-10-20,SKU039,17,16.822004,0.1779956817626953
2025-10-21,SKU039,28,19.365591,8.634408950805664
2025-10-22,SKU039,24,21.864536,2.1354637145996094
2025-10-23,SKU039,16,21.925209,5.925209045410156
2025-10-24,SKU039,22,28.066708,6.066707611083984
2025-10-25,SKU039,34,27.51537,6.484630584716797
2025-10-26,SKU039,30,29.533583,0.4664173126220703
2025-10-27,SKU039,20,24.84211,4.842109680175781
2025-10-28,SKU039,21,23.7216,2.721599578857422
2025-10-29,SKU039,19,18.422092,0.5779075622558594
2025-10-30,SKU039,20,20.04468,0.04467964172363281
2025-10-31,SKU039,32,21.497269,10.502731323242188
2025-11-01,SKU039,30,21.328367,8.671632766723633
2025-11-02,SKU039,35,25.961464,9.038536071777344
2025-11-03,SKU039,24,22.021772,1.9782276153564453
2025-11-04,SKU039,20,20.629688,0.6296882629394531
2025-11-05,SKU039,23,15.115303,7.884696960449219
2025-11-06,SKU039,15,17.236958,2.236957550048828
2025-11-07,SKU039,20,15.907052,4.092947959899902
2025-11-08,SKU039,23,16.709944,6.290056228637695
2025-11-09,SKU039,19,17.839981,1.1600189208984375
2025-11-10,SKU039,18,15.003464,2.9965362548828125
2025-11-11,SKU039,19,15.045355,3.9546451568603516
2025-11-12,SKU039,14,15.178741,1.178741455078125
2025-11-13,SKU039,15,15.613012,0.6130123138427734
2025-11-14,SKU039,19,17.925915,1.0740852355957031
2025-11-15,SKU039,17,19.858864,2.8588638305664062
2025-11-16,SKU039,20,20.159687,0.15968704223632812
2025-11-17,SKU039,18,16.331654,1.6683464050292969
2025-11-18,SKU039,20,16.482824,3.5171756744384766
2025-11-19,SKU039,10,17.114231,7.114231109619141
2025-11-20,SKU039,23,17.065374,5.934625625610352
2025-11-21,SKU039,53,24.068626,28.931373596191406
2025-11-22,SKU039,23,28.484211,5.484210968017578
2025-11-23,SKU039,25,32.810913,7.8109130859375
2025-11-24,SKU039,27,24.79317,2.206829071044922
2025-11-25,SKU039,25,23.882645,1.1173553466796875
2025-11-26,SKU039,28,26.032028,1.9679718017578125
2025-11-27,SKU039,25,27.073181,2.07318115234375
2025-11-28,SKU039,20,32.50391,12.503910064697266
2025-11-29,SKU039,21,33.53712,12.537120819091797
2025-11-30,SKU039,32,32.72194,0.7219390869140625
2025-12-01,SKU039,22,28.206709,6.206708908081055
2025-12-02,SKU039,16,29.758165,13.75816535949707
2025-12-03,SKU039,20,24.93502,4.935020446777344
2025-12-04,SKU039,27,27.19683,0.19683074951171875
2025-12-05,SKU039,23,26.598717,3.5987167358398438
2025-12-06,SKU039,23,23.836433,0.8364334106445312
2025-12-07,SKU039,13,20.85395,7.853950500488281
2025-12-08,SKU039,11,17.445873,6.445873260498047
2025-12-09,SKU039,20,16.038658,3.9613418579101562
2025-12-10,SKU039,20,14.698577,5.301423072814941
2025-12-11,SKU039,13,14.603179,1.6031789779663086
2025-12-12,SKU039,15,16.337233,1.3372325897216797
2025-12-13,SKU039,17,18.13552,1.1355209350585938
2025-12-14,SKU039,23,18.249523,4.750476837158203
2025-12-15,SKU039,13,15.518294,2.518294334411621
2025-12-16,SKU039,20,15.714482,4.285517692565918
2025-12-17,SKU039,24,15.803229,8.196770668029785
2025-12-18,SKU039,12,16.072174,4.072174072265625
2025-12-19,SKU039,17,17.345125,0.3451251983642578
2025-12-20,SKU039,19,18.860168,0.13983154296875
2025-12-21,SKU039,25,18.879566,6.120433807373047
2025-12-22,SKU039,16,16.163908,0.1639080047607422
2025-12-23,SKU039,17,16.253061,0.7469387054443359
2025-12-24,SKU039,7,16.515585,9.515584945678711
2025-12-25,SKU039,16,16.0177,0.0177001953125
2025-12-26,SKU039,16,16.783573,0.7835731506347656
2025-12-27,SKU039,21,17.79001,3.209989547729492
2025-12-28,SKU039,19,18.51764,0.48236083984375
2025-12-29,SKU039,12,15.591012,3.5910120010375977
2025-12-30,SKU039,16,15.242321,0.7576789855957031
2025-12-31,SKU039,15,15.267184,0.2671842575073242
2025-09-20,SKU040,31,25.307014,5.692985534667969
2025-09-21,SKU040,22,32.55902,10.55902099609375
2025-09-22,SKU040,24,21.399467,2.6005325317382812
2025-09-23,SKU040,19,20.282326,1.2823257446289062
2025-09-24,SKU040,18,20.698545,2.698545455932617
2025-09-25,SKU040,15,19.530237,4.530237197875977
2025-09-26,SKU040,18,20.265003,2.265003204345703
2025-09-27,SKU040,21,25.915895,4.915895462036133
2025-09-28,SKU040,14,31.856852,17.85685157775879
2025-09-29,SKU040,11,20.243557,9.24355697631836
2025-09-30,SKU040,11,18.88641,7.886409759521484
2025-10-01,SKU040,29,19.208439,9.791561126708984
2025-10-02,SKU040,27,19.564417,7.435583114624023
2025-10-03,SKU040,26,19.94251,6.057489395141602
2025-10-04,SKU040,29,24.2991,4.700899124145508
2025-10-05,SKU040,23,31.504417,8.504417419433594
2025-10-06,SKU040,18,20.965609,2.965608596801758
2025-10-07,SKU040,23,20.122318,2.8776817321777344
2025-10-08,SKU040,24,20.735928,3.2640724182128906
2025-10-09,SKU040,30,19.825552,10.174448013305664
2025-10-10,SKU040,24,20.72076,3.2792396545410156
2025-10-11,SKU040,36,25.944252,10.055747985839844
2025-10-12,SKU040,25,35.249294,10.24929428100586
2025-10-13,SKU040,31,23.536072,7.46392822265625
2025-10-14,SKU040,18,21.680977,3.6809768676757812
2025-10-15,SKU040,20,22.08951,2.089509963989258
2025-10-16,SKU040,24,20.589972,3.4100284576416016
2025-10-17,SKU040,23,21.38616,1.613840103149414
2025-10-18,SKU040,26,27.24341,1.2434101104736328
2025-10-19,SKU040,24,35.101032,11.101032257080078
2025-10-20,SKU040,33,22.402164,10.597835540771484
2025-10-21,SKU040,34,25.779974,8.220026016235352
2025-10-22,SKU040,27,27.110588,0.11058807373046875
2025-10-23,SKU040,35,28.730682,6.269317626953125
2025-10-24,SKU040,39,37.74203,1.2579689025878906
2025-10-25,SKU040,35,36.44392,1.4439201354980469
2025-10-26,SKU040,44,39.017788,4.982212066650391
2025-10-27,SKU040,32,29.158695,2.8413047790527344
2025-10-28,SKU040,29,32.36248,3.3624801635742188
2025-10-29,SKU040,31,25.20139,5.798610687255859
2025-10-30,SKU040,27,28.252258,1.25225830078125
2025-10-31,SKU040,42,32.115807,9.884193420410156
2025-11-01,SKU040,29,35.120834,6.1208343505859375
2025-11-02,SKU040,47,35.185394,11.814605712890625
2025-11-03,SKU040,40,29.82213,10.17786979675293
2025-11-04,SKU040,29,30.004766,1.0047664642333984
2025-11-05,SKU040,33,20.461386,12.538614273071289
2025-11-06,SKU040,28,25.423021,2.5769786834716797
2025-11-07,SKU040,22,20.899036,1.1009635925292969
2025-11-08,SKU040,27,23.217836,3.782163619995117
2025-11-09,SKU040,28,24.651669,3.3483314514160156
2025-11-10,SKU040,21,19.932613,1.0673866271972656
2025-11-11,SKU040,26,21.296833,4.703166961669922
2025-11-12,SKU040,17,21.432558,4.432558059692383
2025-11-13,SKU040,30,20.712996,9.287004470825195
2025-11-14,SKU040,13,24.057684,11.057683944702148
2025-11-15,SKU040,24,26.930275,2.9302749633789062
2025-11-16,SKU040,30,26.753426,3.2465744018554688
2025-11-17,SKU040,24,20.853886,3.1461143493652344
2025-11-18,SKU040,24,21.55695,2.4430503845214844
2025-11-19,SKU040,26,21.3595,4.640499114990234
2025-11-20,SKU040,31,20.649239,10.350761413574219
2025-11-21,SKU040,47,30.183413,16.816587448120117
2025-11-22,SKU040,37,35.472332,1.5276679992675781
2025-11-23,SKU040,45,39.168095,5.831905364990234
2025-11-24,SKU040,29,30.259102,1.2591018676757812
2025-11-25,SKU040,50,30.651964,19.34803581237793
2025-11-26,SKU040,26,28.106077,2.106077194213867
2025-11-27,SKU040,22,24.467363,2.4673633575439453
2025-11-28,SKU040,33,34.753475,1.7534751892089844
2025-11-29,SKU040,40,36.49474,3.505260467529297
2025-11-30,SKU040,42,39.57529,2.4247093200683594
2025-12-01,SKU040,33,30.934868,2.0651321411132812
2025-12-02,SKU040,26,32.41429,6.4142913818359375
2025-12-03,SKU040,37,26.057076,10.942924499511719
2025-12-04,SKU040,34,28.6964,5.303600311279297
2025-12-05,SKU040,39,32.08265,6.917350769042969
2025-12-06,SKU040,39,33.952156,5.047843933105469
2025-12-07,SKU040,31,26.933655,4.06634521484375
2025-12-08,SKU040,16,22.378613,6.378612518310547
2025-12-09,SKU040,22,22.62463,0.6246299743652344
2025-12-10,SKU040,20,22.341368,2.341367721557617
2025-12-11,SKU040,17,21.112286,4.112285614013672
2025-12-12,SKU040,22,22.92663,0.9266300201416016
2025-12-13,SKU040,28,26.390327,1.6096725463867188
2025-12-14,SKU040,29,27.920961,1.0790386199951172
2025-12-15,SKU040,25,21.549858,3.4501419067382812
2025-12-16,SKU040,19,21.49765,2.497650146484375
2025-12-17,SKU040,19,21.545156,2.545156478881836
2025-12-18,SKU040,24,20.761879,3.2381210327148438
2025-12-19,SKU040,28,22.619854,5.380146026611328
2025-12-20,SKU040,29,25.050705,3.9492950439453125
2025-12-21,SKU040,25,27.336643,2.3366432189941406
2025-12-22,SKU040,19,21.018932,2.018932342529297
2025-12-23,SKU040,20,20.009459,0.009458541870117188
2025-12-24,SKU040,21,20.4225,0.5774993896484375
2025-12-25,SKU040,24,19.860806,4.139194488525391
2025-12-26,SKU040,26,21.20905,4.790950775146484
2025-12-27,SKU040,28,23.766924,4.233076095581055
2025-12-28,SKU040,30,25.971783,4.028217315673828
2025-12-29,SKU040,28,20.609402,7.390598297119141
2025-12-30,SKU040,23,20.412619,2.587381362915039
2025-12-31,SKU040,26,19.975304,6.024696350097656
2025-09-20,SKU041,14,16.027254,2.027254104614258
2025-09-21,SKU041,13,17.279825,4.279825210571289
2025-09-22,SKU041,14,12.764649,1.2353506088256836
2025-09-23,SKU041,11,12.767879,1.767878532409668
2025-09-24,SKU041,9,12.543704,3.543704032897949
2025-09-25,SKU041,8,12.373139,4.373139381408691
2025-09-26,SKU041,15,13.247827,1.7521734237670898
2025-09-27,SKU041,15,15.467144,0.4671440124511719
2025-09-28,SKU041,14,16.491314,2.491313934326172
2025-09-29,SKU041,13,12.306077,0.6939229965209961
2025-09-30,SKU041,10,12.342878,2.3428783416748047
2025-10-01,SKU041,7,12.093423,5.093422889709473
2025-10-02,SKU041,18,11.985292,6.014707565307617
2025-10-03,SKU041,18,13.692698,4.307302474975586
2025-10-04,SKU041,17,16.361408,0.6385917663574219
2025-10-05,SKU041,26,18.264122,7.735877990722656
2025-10-06,SKU041,12,13.735833,1.7358331680297852
2025-10-07,SKU041,18,13.8132925,4.186707496643066
2025-10-08,SKU041,16,13.980156,2.0198440551757812
2025-10-09,SKU041,13,14.21012,1.2101202011108398
2025-10-10,SKU041,11,15.644934,4.644933700561523
2025-10-11,SKU041,23,18.889328,4.1106719970703125
2025-10-12,SKU041,18,22.302757,4.302757263183594
2025-10-13,SKU041,18,15.814931,2.1850690841674805
2025-10-14,SKU041,13,15.602249,2.6022491455078125
2025-10-15,SKU041,8,15.428632,7.428631782531738
2025-10-16,SKU041,16,14.929078,1.0709218978881836
2025-10-17,SKU041,10,16.56743,6.56743049621582
2025-10-18,SKU041,21,19.463394,1.5366058349609375
2025-10-19,SKU041,17,22.84475,5.844749450683594
2025-10-20,SKU041,28,16.018343,11.981657028198242
2025-10-21,SKU041,25,18.805939,6.194061279296875
2025-10-22,SKU041,15,19.858864,4.858863830566406
2025-10-23,SKU041,22,21.001488,0.9985122680664062
2025-10-24,SKU041,22,27.26421,5.264209747314453
2025-10-25,SKU041,24,25.34402,1.3440208435058594
2025-10-26,SKU041,36,27.163475,8.836524963378906
2025-10-27,SKU041,22,22.207445,0.2074451446533203
2025-10-28,SKU041,18,22.98315,4.983150482177734
2025-10-29,SKU041,21,17.13194,3.8680591583251953
2025-10-30,SKU041,19,17.69089,1.3091106414794922
2025-10-31,SKU041,27,19.614216,7.385784149169922
2025-11-01,SKU041,26,20.030815,5.969184875488281
2025-11-02,SKU041,31,25.270292,5.729707717895508
2025-11-03,SKU041,18,21.625984,3.6259841918945312
2025-11-04,SKU041,17,20.15416,3.1541595458984375
2025-11-05,SKU041,21,14.803339,6.196660995483398
2025-11-06,SKU041,11,16.26659,5.266590118408203
2025-11-07,SKU041,19,15.136211,3.863788604736328
2025-11-08,SKU041,20,15.974369,4.025630950927734
2025-11-09,SKU041,14,17.669075,3.6690750122070312
2025-11-10,SKU041,12,14.6605215,2.6605215072631836
2025-11-11,SKU041,11,14.318532,3.3185319900512695
2025-11-12,SKU041,15,13.920051,1.0799493789672852
2025-11-13,SKU041,17,13.950903,3.0490970611572266
2025-11-14,SKU041,17,15.696515,1.3034849166870117
2025-11-15,SKU041,17,17.559732,0.5597324371337891
2025-11-16,SKU041,18,18.152868,0.15286827087402344
2025-11-17,SKU041,14,14.903856,0.9038562774658203
2025-11-18,SKU041,17,15.037011,1.9629888534545898
2025-11-19,SKU041,19,15.261255,3.7387447357177734
2025-11-20,SKU041,32,15.344394,16.655606269836426
2025-11-21,SKU041,24,22.780577,1.2194232940673828
2025-11-22,SKU041,23,26.483406,3.4834060668945312
2025-11-23,SKU041,23,30.127207,7.127206802368164
2025-11-24,SKU041,27,21.848175,5.151824951171875
2025-11-25,SKU041,22,22.577604,0.5776042938232422
2025-11-26,SKU041,30,23.362715,6.637285232543945
2025-11-27,SKU041,18,24.390625,6.390625
2025-11-28,SKU041,20,29.239597,9.23959732055664
2025-11-29,SKU041,30,31.153078,1.1530780792236328
2025-11-30,SKU041,32,30.218033,1.7819671630859375
2025-12-01,SKU041,27,26.806915,0.193084716796875
2025-12-02,SKU041,23,27.58452,4.58452033996582
2025-12-03,SKU041,16,22.980282,6.980281829833984
2025-12-04,SKU041,26,24.251354,1.7486457824707031
2025-12-05,SKU041,25,24.739916,0.2600841522216797
2025-12-06,SKU041,16,20.680645,4.680644989013672
2025-12-07,SKU041,16,20.539036,4.539035797119141
2025-12-08,SKU041,7,16.590036,9.590036392211914
2025-12-09,SKU041,18,15.592044,2.407956123352051
2025-12-10,SKU041,13,14.616216,1.616215705871582
2025-12-11,SKU041,10,14.571633,4.571633338928223
2025-12-12,SKU041,11,16.7468,5.746799468994141
2025-12-13,SKU041,21,17.937546,3.0624542236328125
2025-12-14,SKU041,27,17.994873,9.005126953125
2025-12-15,SKU041,15,16.179697,1.179697036743164
2025-12-16,SKU041,15,16.221704,1.2217044830322266
2025-12-17,SKU041,10,15.84615,5.8461503982543945
2025-12-18,SKU041,14,15.643912,1.6439123153686523
2025-12-19,SKU041,12,16.494957,4.494956970214844
2025-12-20,SKU041,20,17.343645,2.6563549041748047
2025-12-21,SKU041,18,17.806654,0.1933460235595703
2025-12-22,SKU041,15,15.119918,0.1199178695678711
2025-12-23,SKU041,14,15.2934265,1.293426513671875
2025-12-24,SKU041,13,15.450788,2.4507875442504883
2025-12-25,SKU041,18,15.233534,2.7664661407470703
2025-12-26,SKU041,18,16.312397,1.6876029968261719
2025-12-27,SKU041,17,17.619633,0.6196327209472656
2025-12-28,SKU041,20,18.187443,1.8125572204589844
2025-12-29,SKU041,7,14.979739,7.979739189147949
2025-12-30,SKU041,15,14.7329,0.26710033416748047
2025-12-31,SKU041,18,14.64198,3.3580198287963867
2025-09-20,SKU042,6,9.8709955,3.87099552154541
2025-09-21,SKU042,7,9.965551,2.9655513763427734
2025-09-22,SKU042,6,7.864282,1.8642821311950684
2025-09-23,SKU042,8,7.8559184,0.14408159255981445
2025-09-24,SKU042,9,7.6247907,1.3752093315124512
2025-09-25,SKU042,5,7.8077145,2.8077144622802734
2025-09-26,SKU042,7,8.523132,1.52313232421875
2025-09-27,SKU042,8,9.716046,1.7160463333129883
2025-09-28,SKU042,10,9.866022,0.13397789001464844
2025-09-29,SKU042,6,7.8908525,1.890852451324463
2025-09-30,SKU042,7,7.889944,0.8899440765380859
2025-10-01,SKU042,10,7.6295466,2.370453357696533
2025-10-02,SKU042,11,7.9190307,3.0809693336486816
2025-10-03,SKU042,8,8.942204,0.942204475402832
2025-10-04,SKU042,14,10.348727,3.651272773742676
2025-10-05,SKU042,8,11.142392,3.142392158508301
2025-10-06,SKU042,9,8.762895,0.2371053695678711
2025-10-07,SKU042,7,8.773448,1.7734479904174805
2025-10-08,SKU042,7,8.413045,1.4130449295043945
2025-10-09,SKU042,9,8.4426985,0.5573015213012695
2025-10-10,SKU042,8,9.346057,1.3460569381713867
2025-10-11,SKU042,4,10.818614,6.8186140060424805
2025-10-12,SKU042,10,11.065685,1.0656852722167969
2025-10-13,SKU042,7,8.702526,1.7025260925292969
2025-10-14,SKU042,8,8.625395,0.6253948211669922
2025-10-15,SKU042,7,8.351594,1.3515939712524414
2025-10-16,SKU042,6,8.399885,2.3998851776123047
2025-10-17,SKU042,12,9.104102,2.89589786529541
2025-10-18,SKU042,12,10.729376,1.2706241607666016
2025-10-19,SKU042,10,11.324627,1.3246269226074219
2025-10-20,SKU042,14,8.90885,5.091150283813477
2025-10-21,SKU042,15,11.520822,3.4791784286499023
2025-10-22,SKU042,13,11.758767,1.2412328720092773
2025-10-23,SKU042,15,12.242221,2.757779121398926
2025-10-24,SKU042,16,15.947017,0.05298328399658203
2025-10-25,SKU042,22,15.102703,6.897296905517578
2025-10-26,SKU042,14,15.117579,1.117579460144043
2025-10-27,SKU042,11,12.690012,1.690011978149414
2025-10-28,SKU042,15,13.510451,1.489548683166504
2025-10-29,SKU042,11,13.016239,2.0162391662597656
2025-10-30,SKU042,10,11.112386,1.1123857498168945
2025-10-31,SKU042,15,13.906062,1.093937873840332
2025-11-01,SKU042,13,13.114422,0.11442184448242188
2025-11-02,SKU042,15,14.304399,0.6956014633178711
2025-11-03,SKU042,11,12.194648,1.1946477890014648
2025-11-04,SKU042,11,12.150857,1.1508569717407227
2025-11-05,SKU042,10,10.245362,0.2453622817993164
2025-11-06,SKU042,10,9.221718,0.7782821655273438
2025-11-07,SKU042,8,9.4223585,1.422358512878418
2025-11-08,SKU042,11,10.267312,0.7326879501342773
2025-11-09,SKU042,11,10.48161,0.5183897018432617
2025-11-10,SKU042,9,8.710546,0.28945446014404297
2025-11-11,SKU042,7,9.0298815,2.029881477355957
2025-11-12,SKU042,7,8.679012,1.6790122985839844
2025-11-13,SKU042,7,8.72567,1.7256698608398438
2025-11-14,SKU042,12,9.7459545,2.2540454864501953
2025-11-15,SKU042,7,10.831193,3.831192970275879
2025-11-16,SKU042,11,10.851945,0.1480550765991211
2025-11-17,SKU042,8,8.913111,0.9131107330322266
2025-11-18,SKU042,10,9.241112,0.7588882446289062
2025-11-19,SKU042,10,9.699153,0.30084705352783203
2025-11-20,SKU042,13,9.570268,3.429732322692871
2025-11-21,SKU042,12,13.918288,1.918288230895996
2025-11-22,SKU042,19,14.409447,4.590553283691406
2025-11-23,SKU042,21,15.917138,5.08286190032959
2025-11-24,SKU042,13,12.782814,0.21718597412109375
2025-11-25,SKU042,12,12.812373,0.812373161315918
2025-11-26,SKU042,14,13.592275,0.40772533416748047
2025-11-27,SKU042,16,13.087568,2.9124317169189453
2025-11-28,SKU042,13,14.970117,1.9701166152954102
2025-11-29,SKU042,20,15.620315,4.379685401916504
2025-11-30,SKU042,19,14.824432,4.175567626953125
2025-12-01,SKU042,11,12.831612,1.8316116333007812
2025-12-02,SKU042,17,13.439645,3.5603551864624023
2025-12-03,SKU042,14,13.774749,0.2252511978149414
2025-12-04,SKU042,14,12.308629,1.691370964050293
2025-12-05,SKU042,15,13.968738,1.0312623977661133
2025-12-06,SKU042,13,13.535238,0.5352382659912109
2025-12-07,SKU042,8,12.287478,4.287478446960449
2025-12-08,SKU042,8,10.326877,2.326876640319824
2025-12-09,SKU042,7,10.289693,3.2896928787231445
2025-12-10,SKU042,9,9.515931,0.5159311294555664
2025-12-11,SKU042,7,9.484819,2.4848194122314453
2025-12-12,SKU042,10,10.410166,0.41016578674316406
2025-12-13,SKU042,14,11.503168,2.4968318939208984
2025-12-14,SKU042,12,11.827483,0.1725168228149414
2025-12-15,SKU042,8,9.727397,1.7273969650268555
2025-12-16,SKU042,9,10.042131,1.0421314239501953
2025-12-17,SKU042,9,10.114013,1.1140127182006836
2025-12-18,SKU042,6,10.215695,4.215695381164551
2025-12-19,SKU042,12,11.039111,0.9608888626098633
2025-12-20,SKU042,14,12.280974,1.7190256118774414
2025-12-21,SKU042,14,12.510549,1.4894514083862305
2025-12-22,SKU042,10,10.215547,0.2155466079711914
2025-12-23,SKU042,15,10.401134,4.5988664627075195
2025-12-24,SKU042,7,10.780121,3.780120849609375
2025-12-25,SKU042,12,10.550263,1.4497365951538086
2025-12-26,SKU042,13,11.316676,1.683323860168457
2025-12-27,SKU042,16,12.44564,3.5543603897094727
2025-12-28,SKU042,13,12.801898,0.19810199737548828
2025-12-29,SKU042,10,10.26982,0.2698202133178711
2025-12-30,SKU042,12,10.090341,1.9096593856811523
2025-12-31,SKU042,9,10.25939,1.259389877319336
2025-09-20,SKU043,6,6.5893235,0.5893235206604004
2025-09-21,SKU043,6,6.568379,0.5683789253234863
2025-09-22,SKU043,5,5.2201242,0.2201242446899414
2025-09-23,SKU043,2,5.142952,3.1429519653320312
2025-09-24,SKU043,4,4.899686,0.8996858596801758
2025-09-25,SKU043,5,4.9817996,0.018200397491455078
2025-09-26,SKU043,5,5.4556947,0.45569467544555664
2025-09-27,SKU043,4,6.3853307,2.3853306770324707
2025-09-28,SKU043,6,6.313041,0.31304121017456055
2025-09-29,SKU043,5,5.0564127,0.056412696838378906
2025-09-30,SKU043,5,4.929246,0.0707540512084961
2025-10-01,SKU043,6,4.675399,1.324601173400879
2025-10-02,SKU043,7,4.9142165,2.0857834815979004
2025-10-03,SKU043,5,5.6307993,0.6307992935180664
2025-10-04,SKU043,8,6.765165,1.234835147857666
2025-10-05,SKU043,9,7.029354,1.9706459045410156
2025-10-06,SKU043,8,5.7033,2.2967000007629395
2025-10-07,SKU043,5,5.703939,0.7039389610290527
2025-10-08,SKU043,7,5.4470544,1.552945613861084
2025-10-09,SKU043,7,5.730076,1.2699241638183594
2025-10-10,SKU043,5,6.5721145,1.5721144676208496
2025-10-11,SKU043,9,7.8778863,1.1221137046813965
2025-10-12,SKU043,8,8.301465,0.3014650344848633
2025-10-13,SKU043,8,6.617679,1.3823208808898926
2025-10-14,SKU043,7,6.534262,0.46573781967163086
2025-10-15,SKU043,6,6.3176055,0.31760549545288086
2025-10-16,SKU043,4,6.437704,2.437704086303711
2025-10-17,SKU043,6,7.180384,1.1803841590881348
2025-10-18,SKU043,9,8.476645,0.5233545303344727
2025-10-19,SKU043,6,8.873125,2.8731250762939453
2025-10-20,SKU043,10,7.016138,2.9838619232177734
2025-10-21,SKU043,8,9.140905,1.1409053802490234
2025-10-22,SKU043,11,8.978655,2.0213451385498047
2025-10-23,SKU043,7,9.488955,2.488954544067383
2025-10-24,SKU043,10,11.813021,1.8130207061767578
2025-10-25,SKU043,7,11.319034,4.319033622741699
2025-10-26,SKU043,8,11.069594,3.069594383239746
2025-10-27,SKU043,8,9.176831,1.1768312454223633
2025-10-28,SKU043,9,9.657699,0.6576986312866211
2025-10-29,SKU043,10,9.093352,0.9066476821899414
2025-10-30,SKU043,9,7.9664736,1.0335264205932617
2025-10-31,SKU043,10,9.4485855,0.5514144897460938
2025-11-01,SKU043,11,9.192391,1.8076086044311523
2025-11-02,SKU043,13,9.856839,3.143160820007324
2025-11-03,SKU043,8,8.551947,0.5519466400146484
2025-11-04,SKU043,8,8.278228,0.2782278060913086
2025-11-05,SKU043,6,7.0231776,1.0231776237487793
2025-11-06,SKU043,5,6.5001006,1.5001006126403809
2025-11-07,SKU043,9,6.6099586,2.3900413513183594
2025-11-08,SKU043,6,7.3365607,1.3365607261657715
2025-11-09,SKU043,8,7.514332,0.4856681823730469
2025-11-10,SKU043,7,6.177621,0.8223791122436523
2025-11-11,SKU043,5,6.0572295,1.0572295188903809
2025-11-12,SKU043,5,5.835498,0.8354978561401367
2025-11-13,SKU043,7,5.954637,1.045362949371338
2025-11-14,SKU043,9,6.6865144,2.313485622406006
2025-11-15,SKU043,7,7.6662636,0.6662635803222656
2025-11-16,SKU043,8,7.7175803,0.28241968154907227
2025-11-17,SKU043,6,6.179024,0.17902421951293945
2025-11-18,SKU043,7,6.1791058,0.8208942413330078
2025-11-19,SKU043,5,6.462443,1.4624428749084473
2025-11-20,SKU043,11,6.3729005,4.627099514007568
2025-11-21,SKU043,14,10.217801,3.782198905944824
2025-11-22,SKU043,14,11.520189,2.4798107147216797
2025-11-23,SKU043,11,12.941112,1.9411115646362305
2025-11-24,SKU043,8,9.956168,1.9561681747436523
2025-11-25,SKU043,9,10.037202,1.0372018814086914
2025-11-26,SKU043,8,10.929387,2.929387092590332
2025-11-27,SKU043,9,10.214345,1.2143449783325195
2025-11-28,SKU043,12,11.303627,0.6963729858398438
2025-11-29,SKU043,5,11.948213,6.948212623596191
2025-11-30,SKU043,11,11.065544,0.06554412841796875
2025-12-01,SKU043,11,9.098797,1.9012031555175781
2025-12-02,SKU043,8,9.743954,1.7439537048339844
2025-12-03,SKU043,8,9.52847,1.5284700393676758
2025-12-04,SKU043,8,8.276392,0.27639198303222656
2025-12-05,SKU043,9,9.203773,0.20377254486083984
2025-12-06,SKU043,7,9.423835,2.423834800720215
2025-12-07,SKU043,7,8.342392,1.3423919677734375
2025-12-08,SKU043,6,6.7212014,0.7212014198303223
2025-12-09,SKU043,7,6.2776113,0.722388744354248
2025-12-10,SKU043,6,5.7900677,0.2099323272705078
2025-12-11,SKU043,5,6.0599465,1.0599465370178223
2025-12-12,SKU043,6,6.7335,0.7335000038146973
2025-12-13,SKU043,8,7.66003,0.33997011184692383
2025-12-14,SKU043,8,7.788468,0.2115321159362793
2025-12-15,SKU043,7,6.282432,0.7175679206848145
2025-12-16,SKU043,6,6.2579064,0.257906436920166
2025-12-17,SKU043,5,6.1213193,1.12131929397583
2025-12-18,SKU043,6,6.2663636,0.26636362075805664
2025-12-19,SKU043,5,6.8687086,1.868708610534668
2025-12-20,SKU043,6,7.8165684,1.816568374633789
2025-12-21,SKU043,10,7.6741424,2.325857639312744
2025-12-22,SKU043,5,5.935332,0.9353318214416504
2025-12-23,SKU043,7,5.795347,1.2046527862548828
2025-12-24,SKU043,7,6.0199656,0.980034351348877
2025-12-25,SKU043,8,6.0532303,1.9467697143554688
2025-12-26,SKU043,9,6.621388,2.3786120414733887
2025-12-27,SKU043,8,8.086904,0.08690357208251953
2025-12-28,SKU043,9,8.787697,0.21230316162109375
2025-12-29,SKU043,5,6.8687787,1.8687787055969238
2025-12-30,SKU043,6,6.294472,0.29447221755981445
2025-12-31,SKU043,7,6.129436,0.8705639839172363
2025-09-20,SKU044,8,7.620948,0.37905216217041016
2025-09-21,SKU044,6,7.613555,1.6135549545288086
2025-09-22,SKU044,8,6.0846267,1.9153733253479004
2025-09-23,SKU044,6,6.1507707,0.1507706642150879
2025-09-24,SKU044,4,5.9466467,1.9466466903686523
2025-09-25,SKU044,6,6.0691066,0.0691065788269043
2025-09-26,SKU044,8,6.774857,1.2251429557800293
2025-09-27,SKU044,6,7.896934,1.8969340324401855
2025-09-28,SKU044,7,7.8272805,0.8272805213928223
2025-09-29,SKU044,5,6.196682,1.1966819763183594
2025-09-30,SKU044,6,6.1022744,0.10227441787719727
2025-10-01,SKU044,5,5.854555,0.8545551300048828
2025-10-02,SKU044,7,6.0860734,0.9139266014099121
2025-10-03,SKU044,6,6.935538,0.9355378150939941
2025-10-04,SKU044,8,8.084138,0.0841379165649414
2025-10-05,SKU044,8,8.247655,0.24765491485595703
2025-10-06,SKU044,7,6.620301,0.3796992301940918
2025-10-07,SKU044,7,6.6227317,0.37726831436157227
2025-10-08,SKU044,4,6.3310676,2.3310675621032715
2025-10-09,SKU044,6,6.445238,0.4452381134033203
2025-10-10,SKU044,8,7.2865925,0.7134075164794922
2025-10-11,SKU044,8,8.552633,0.5526332855224609
2025-10-12,SKU044,12,8.74349,3.256509780883789
2025-10-13,SKU044,6,7.094753,1.0947527885437012
2025-10-14,SKU044,8,7.1284456,0.8715543746948242
2025-10-15,SKU044,7,6.8306413,0.1693587303161621
2025-10-16,SKU044,5,7.039987,2.039987087249756
2025-10-17,SKU044,7,7.8101573,0.810157299041748
2025-10-18,SKU044,9,9.002773,0.002773284912109375
2025-10-19,SKU044,10,9.27338,0.7266197204589844
2025-10-20,SKU044,15,7.4746346,7.525365352630615
2025-10-21,SKU044,10,10.085361,0.08536052703857422
2025-10-22,SKU044,12,9.861414,2.1385860443115234
2025-10-23,SKU044,8,10.678109,2.6781091690063477
2025-10-24,SKU044,10,12.903817,2.9038171768188477
2025-10-25,SKU044,15,12.463153,2.5368471145629883
2025-10-26,SKU044,14,12.597497,1.4025030136108398
2025-10-27,SKU044,9,10.45159,1.451589584350586
2025-10-28,SKU044,9,10.844785,1.8447847366333008
2025-10-29,SKU044,11,10.064416,0.9355840682983398
2025-10-30,SKU044,10,8.937131,1.0628690719604492
2025-10-31,SKU044,12,10.869292,1.1307077407836914
2025-11-01,SKU044,9,10.522067,1.5220670700073242
2025-11-02,SKU044,13,11.522979,1.4770212173461914
2025-11-03,SKU044,8,9.744638,1.744638442993164
2025-11-04,SKU044,27,9.440084,17.55991554260254
2025-11-05,SKU044,12,8.260791,3.7392091751098633
2025-11-06,SKU044,6,7.47078,1.4707798957824707
2025-11-07,SKU044,9,7.6014557,1.3985443115234375
2025-11-08,SKU044,10,8.68682,1.3131799697875977
2025-11-09,SKU044,9,9.175121,0.17512130737304688
2025-11-10,SKU044,5,7.546886,2.5468859672546387
2025-11-11,SKU044,8,7.5712914,0.428708553314209
2025-11-12,SKU044,5,7.2315397,2.231539726257324
2025-11-13,SKU044,6,7.391788,1.3917880058288574
2025-11-14,SKU044,10,8.25849,1.7415103912353516
2025-11-15,SKU044,10,9.280097,0.7199029922485352
2025-11-16,SKU044,8,9.472401,1.4724006652832031
2025-11-17,SKU044,7,7.7383924,0.7383923530578613
2025-11-18,SKU044,6,7.920182,1.920182228088379
2025-11-19,SKU044,8,8.186263,0.1862630844116211
2025-11-20,SKU044,8,8.017474,0.01747417449951172
2025-11-21,SKU044,10,11.921456,1.9214563369750977
2025-11-22,SKU044,15,12.679751,2.320248603820801
2025-11-23,SKU044,11,13.611327,2.6113271713256836
2025-11-24,SKU044,9,10.705314,1.7053136825561523
2025-11-25,SKU044,10,10.932077,0.9320774078369141
2025-11-26,SKU044,11,11.914449,0.9144487380981445
2025-11-27,SKU044,10,11.38849,1.3884897232055664
2025-11-28,SKU044,10,12.583173,2.5831727981567383
2025-11-29,SKU044,11,13.092487,2.092487335205078
2025-11-30,SKU044,13,12.526936,0.4730644226074219
2025-12-01,SKU044,10,10.251876,0.2518758773803711
2025-12-02,SKU044,9,10.8619375,1.8619375228881836
2025-12-03,SKU044,9,10.786787,1.7867870330810547
2025-12-04,SKU044,7,9.252358,2.2523584365844727
2025-12-05,SKU044,10,9.761046,0.2389535903930664
2025-12-06,SKU044,8,9.7500105,1.7500104904174805
2025-12-07,SKU044,10,8.730442,1.2695579528808594
2025-12-08,SKU044,8,7.164779,0.8352208137512207
2025-12-09,SKU044,7,6.8973026,0.10269737243652344
2025-12-10,SKU044,6,6.4057355,0.40573549270629883
2025-12-11,SKU044,9,6.639877,2.3601231575012207
2025-12-12,SKU044,6,7.4413037,1.4413037300109863
2025-12-13,SKU044,12,8.4511,3.5488996505737305
2025-12-14,SKU044,10,8.794417,1.205582618713379
2025-12-15,SKU044,6,7.224337,1.224337100982666
2025-12-16,SKU044,7,7.2526765,0.25267648696899414
2025-12-17,SKU044,6,7.200957,1.2009568214416504
2025-12-18,SKU044,5,7.2910147,2.2910146713256836
2025-12-19,SKU044,10,7.8945136,2.1054863929748535
2025-12-20,SKU044,8,8.931217,0.9312171936035156
2025-12-21,SKU044,9,8.991467,0.008532524108886719
2025-12-22,SKU044,5,7.043926,2.0439257621765137
2025-12-23,SKU044,5,6.925731,1.9257311820983887
2025-12-24,SKU044,6,7.1254463,1.1254463195800781
2025-12-25,SKU044,4,7.0473742,3.0473742485046387
2025-12-26,SKU044,9,7.3643317,1.6356682777404785
2025-12-27,SKU044,12,8.458324,3.541675567626953
2025-12-28,SKU044,7,9.071877,2.0718765258789062
2025-12-29,SKU044,7,7.12182,0.12181997299194336
2025-12-30,SKU044,6,6.791948,0.7919478416442871
2025-12-31,SKU044,7,6.6872387,0.3127613067626953
2025-09-20,SKU045,15,24.22934,9.229339599609375
2025-09-21,SKU045,51,28.525085,22.47491455078125
2025-09-22,SKU045,19,20.729786,1.7297859191894531
2025-09-23,SKU045,18,21.563065,3.5630645751953125
2025-09-24,SKU045,19,20.209599,1.2095985412597656
2025-09-25,SKU045,12,18.632832,6.632831573486328
2025-09-26,SKU045,19,18.932316,0.06768417358398438
2025-09-27,SKU045,24,24.0441,0.04409980773925781
2025-09-28,SKU045,21,30.196205,9.196205139160156
2025-09-29,SKU045,18,20.423424,2.4234237670898438
2025-09-30,SKU045,17,19.36076,2.360759735107422
2025-10-01,SKU045,25,19.503994,5.496006011962891
2025-10-02,SKU045,24,19.075878,4.924121856689453
2025-10-03,SKU045,18,20.633389,2.6333885192871094
2025-10-04,SKU045,22,26.511675,4.511674880981445
2025-10-05,SKU045,27,32.478466,5.478466033935547
2025-10-06,SKU045,23,20.804577,2.195423126220703
2025-10-07,SKU045,16,20.699253,4.699253082275391
2025-10-08,SKU045,25,20.670128,4.329872131347656
2025-10-09,SKU045,24,19.937836,4.062164306640625
2025-10-10,SKU045,24,20.414295,3.585704803466797
2025-10-11,SKU045,29,25.586191,3.413808822631836
2025-10-12,SKU045,22,33.43011,11.430110931396484
2025-10-13,SKU045,21,22.234734,1.2347335815429688
2025-10-14,SKU045,17,20.443556,3.4435558319091797
2025-10-15,SKU045,25,20.835915,4.164085388183594
2025-10-16,SKU045,21,19.970686,1.0293140411376953
2025-10-17,SKU045,26,20.359106,5.640893936157227
2025-10-18,SKU045,29,26.045467,2.9545326232910156
2025-10-19,SKU045,23,33.956573,10.956573486328125
2025-10-20,SKU045,28,22.55661,5.443389892578125
2025-10-21,SKU045,32,24.513016,7.4869842529296875
2025-10-22,SKU045,34,26.492697,7.507303237915039
2025-10-23,SKU045,28,27.696514,0.3034858703613281
2025-10-24,SKU045,44,36.07805,7.9219512939453125
2025-10-25,SKU045,38,36.78303,1.2169685363769531
2025-10-26,SKU045,36,37.57284,1.5728416442871094
2025-10-27,SKU045,34,29.512577,4.487422943115234
2025-10-28,SKU045,23,31.242922,8.242921829223633
2025-10-29,SKU045,31,23.755966,7.2440338134765625
2025-10-30,SKU045,25,28.399408,3.3994083404541016
2025-10-31,SKU045,32,28.399622,3.6003780364990234
2025-11-01,SKU045,30,31.418957,1.4189567565917969
2025-11-02,SKU045,44,32.5032,11.49679946899414
2025-11-03,SKU045,23,29.297691,6.297691345214844
2025-11-04,SKU045,34,27.588552,6.411447525024414
2025-11-05,SKU045,47,19.803082,27.196918487548828
2025-11-06,SKU045,24,23.39656,0.6034393310546875
2025-11-07,SKU045,24,19.337324,4.662675857543945
2025-11-08,SKU045,34,21.179825,12.820175170898438
2025-11-09,SKU045,32,23.315674,8.684326171875
2025-11-10,SKU045,13,20.297192,7.297191619873047
2025-11-11,SKU045,20,20.950775,0.950775146484375
2025-11-12,SKU045,17,20.914745,3.914745330810547
2025-11-13,SKU045,20,20.082731,0.08273124694824219
2025-11-14,SKU045,23,22.35004,0.6499595642089844
2025-11-15,SKU045,17,25.329689,8.329689025878906
2025-11-16,SKU045,31,26.888668,4.111331939697266
2025-11-17,SKU045,20,19.943928,0.056072235107421875
2025-11-18,SKU045,13,20.51898,7.518980026245117
2025-11-19,SKU045,19,20.37355,1.3735504150390625
2025-11-20,SKU045,27,19.708214,7.291786193847656
2025-11-21,SKU045,36,27.770296,8.229703903198242
2025-11-22,SKU045,35,33.65479,1.3452110290527344
2025-11-23,SKU045,30,38.00042,8.000419616699219
2025-11-24,SKU045,23,28.42878,5.428779602050781
2025-11-25,SKU045,32,28.256405,3.7435951232910156
2025-11-26,SKU045,27,29.392239,2.3922386169433594
2025-11-27,SKU045,42,27.340742,14.659257888793945
2025-11-28,SKU045,34,36.02727,2.027271270751953
2025-11-29,SKU045,40,33.5693,6.430698394775391
2025-11-30,SKU045,36,37.896442,1.8964424133300781
2025-12-01,SKU045,21,29.05945,8.059450149536133
2025-12-02,SKU045,17,30.726835,13.726835250854492
2025-12-03,SKU045,40,25.647835,14.352165222167969
2025-12-04,SKU045,31,27.835524,3.1644763946533203
2025-12-05,SKU045,43,28.934904,14.065095901489258
2025-12-06,SKU045,27,29.680004,2.680004119873047
2025-12-07,SKU045,31,24.524807,6.475193023681641
2025-12-08,SKU045,24,20.300106,3.6998939514160156
2025-12-09,SKU045,22,20.914768,1.0852317810058594
2025-12-10,SKU045,21,19.856567,1.1434326171875
2025-12-11,SKU045,18,19.166025,1.166025161743164
2025-12-12,SKU045,30,22.116428,7.883571624755859
2025-12-13,SKU045,31,25.493378,5.506622314453125
2025-12-14,SKU045,19,28.347687,9.347686767578125
2025-12-15,SKU045,23,21.037872,1.962127685546875
2025-12-16,SKU045,25,19.541008,5.458992004394531
2025-12-17,SKU045,22,20.322697,1.6773033142089844
2025-12-18,SKU045,22,19.806128,2.1938724517822266
2025-12-19,SKU045,55,21.989296,33.010704040527344
2025-12-20,SKU045,27,24.273838,2.7261619567871094
2025-12-21,SKU045,29,27.982773,1.0172271728515625
2025-12-22,SKU045,16,21.349146,5.349145889282227
2025-12-23,SKU045,20,20.121508,0.12150764465332031
2025-12-24,SKU045,17,20.418026,3.4180259704589844
2025-12-25,SKU045,13,19.7792,6.779199600219727
2025-12-26,SKU045,25,20.719711,4.2802886962890625
2025-12-27,SKU045,21,22.539227,1.5392265319824219
2025-12-28,SKU045,17,24.24767,7.247669219970703
2025-12-29,SKU045,24,18.629416,5.370584487915039
2025-12-30,SKU045,15,18.513971,3.5139713287353516
2025-12-31,SKU045,16,18.622116,2.6221160888671875
2025-09-20,SKU046,3,3.7188869,0.7188868522644043
2025-09-21,SKU046,2,3.705286,1.7052860260009766
2025-09-22,SKU046,3,3.068306,0.06830596923828125
2025-09-23,SKU046,2,3.0439515,1.0439515113830566
2025-09-24,SKU046,2,2.899757,0.899756908416748
2025-09-25,SKU046,2,2.953199,0.9531989097595215
2025-09-26,SKU046,2,3.1871028,1.1871027946472168
2025-09-27,SKU046,3,3.6693082,0.6693081855773926
2025-09-28,SKU046,3,3.6880822,0.688082218170166
2025-09-29,SKU046,3,3.0394387,0.039438724517822266
2025-09-30,SKU046,2,3.0008044,1.0008044242858887
2025-10-01,SKU046,2,2.8759995,0.8759994506835938
2025-10-02,SKU046,4,2.945302,1.0546979904174805
2025-10-03,SKU046,4,3.2110744,0.7889256477355957
2025-10-04,SKU046,3,3.8008647,0.8008646965026855
2025-10-05,SKU046,4,3.8367248,0.16327524185180664
2025-10-06,SKU046,3,3.136962,0.1369619369506836
2025-10-07,SKU046,3,3.0930972,0.09309720993041992
2025-10-08,SKU046,3,2.9521406,0.04785943031311035
2025-10-09,SKU046,4,3.0394726,0.9605274200439453
2025-10-10,SKU046,3,3.3433528,0.3433527946472168
2025-10-11,SKU046,4,4.019197,0.01919698715209961
2025-10-12,SKU046,6,4.3671513,1.6328487396240234
2025-10-13,SKU046,3,3.4820561,0.4820561408996582
2025-10-14,SKU046,3,3.3759842,0.37598419189453125
2025-10-15,SKU046,3,3.1102624,0.11026239395141602
2025-10-16,SKU046,2,3.2398348,1.2398347854614258
2025-10-17,SKU046,3,3.5536623,0.5536623001098633
2025-10-18,SKU046,3,4.4534287,1.4534287452697754
2025-10-19,SKU046,4,4.861054,0.8610539436340332
2025-10-20,SKU046,5,3.872171,1.1278290748596191
2025-10-21,SKU046,5,4.5206814,0.47931861877441406
2025-10-22,SKU046,5,4.303307,0.696692943572998
2025-10-23,SKU046,4,4.609887,0.6098871231079102
2025-10-24,SKU046,5,5.852261,0.8522610664367676
2025-10-25,SKU046,5,6.1952934,1.1952934265136719
2025-10-26,SKU046,3,6.1299825,3.1299824714660645
2025-10-27,SKU046,5,5.059799,0.0597991943359375
2025-10-28,SKU046,6,4.883023,1.1169772148132324
2025-10-29,SKU046,5,4.534776,0.4652237892150879
2025-10-30,SKU046,4,4.3017626,0.30176258087158203
2025-10-31,SKU046,7,4.756264,2.2437357902526855
2025-11-01,SKU046,7,4.892354,2.1076459884643555
2025-11-02,SKU046,8,4.9452276,3.05477237701416
2025-11-03,SKU046,6,4.227308,1.7726922035217285
2025-11-04,SKU046,5,4.240106,0.7598938941955566
2025-11-05,SKU046,5,4.0070367,0.9929633140563965
2025-11-06,SKU046,4,3.8646336,0.13536643981933594
2025-11-07,SKU046,3,3.6815186,0.6815185546875
2025-11-08,SKU046,3,3.9027548,0.9027547836303711
2025-11-09,SKU046,4,3.9429383,0.05706167221069336
2025-11-10,SKU046,2,3.3639178,1.3639178276062012
2025-11-11,SKU046,2,3.346943,1.3469429016113281
2025-11-12,SKU046,3,3.292551,0.29255104064941406
2025-11-13,SKU046,3,3.4040842,0.4040842056274414
2025-11-14,SKU046,9,3.580367,5.419632911682129
2025-11-15,SKU046,3,3.9918532,0.9918532371520996
2025-11-16,SKU046,3,4.06513,1.0651302337646484
2025-11-17,SKU046,3,3.3260465,0.3260464668273926
2025-11-18,SKU046,3,3.423242,0.42324209213256836
2025-11-19,SKU046,2,3.55789,1.5578899383544922
2025-11-20,SKU046,4,3.597094,0.4029059410095215
2025-11-21,SKU046,5,4.9003787,0.09962129592895508
2025-11-22,SKU046,7,5.796329,1.2036709785461426
2025-11-23,SKU046,4,6.3404417,2.3404417037963867
2025-11-24,SKU046,5,5.213048,0.21304798126220703
2025-11-25,SKU046,4,5.08356,1.0835599899291992
2025-11-26,SKU046,6,5.3181405,0.6818594932556152
2025-11-27,SKU046,4,5.1067243,1.1067242622375488
2025-11-28,SKU046,3,5.3910327,2.3910326957702637
2025-11-29,SKU046,6,5.6132364,0.3867635726928711
2025-11-30,SKU046,5,5.526196,0.5261960029602051
2025-12-01,SKU046,7,4.704225,2.2957749366760254
2025-12-02,SKU046,5,4.4919357,0.5080642700195312
2025-12-03,SKU046,5,4.4419036,0.5580964088439941
2025-12-04,SKU046,6,4.2535715,1.7464284896850586
2025-12-05,SKU046,4,4.555878,0.5558781623840332
2025-12-06,SKU046,5,4.719216,0.28078413009643555
2025-12-07,SKU046,4,4.202668,0.2026681900024414
2025-12-08,SKU046,4,3.630581,0.3694190979003906
2025-12-09,SKU046,3,3.4614134,0.4614133834838867
2025-12-10,SKU046,4,3.3956108,0.6043891906738281
2025-12-11,SKU046,3,3.4912844,0.4912843704223633
2025-12-12,SKU046,2,3.67372,1.673719882965088
2025-12-13,SKU046,5,3.9082756,1.0917243957519531
2025-12-14,SKU046,4,3.9480996,0.051900386810302734
2025-12-15,SKU046,4,3.3494549,0.6505451202392578
2025-12-16,SKU046,3,3.459331,0.45933103561401367
2025-12-17,SKU046,3,3.4990864,0.4990863800048828
2025-12-18,SKU046,3,3.5756044,0.5756044387817383
2025-12-19,SKU046,5,3.699749,1.3002510070800781
2025-12-20,SKU046,4,3.994327,0.005672931671142578
2025-12-21,SKU046,5,4.1246796,0.8753204345703125
2025-12-22,SKU046,2,3.4041367,1.4041366577148438
2025-12-23,SKU046,4,3.4397254,0.560274600982666
2025-12-24,SKU046,4,3.5467634,0.45323657989501953
2025-12-25,SKU046,2,3.5913677,1.5913677215576172
2025-12-26,SKU046,3,3.715455,0.7154550552368164
2025-12-27,SKU046,4,3.9859834,0.01401662826538086
2025-12-28,SKU046,3,4.2575383,1.2575383186340332
2025-12-29,SKU046,4,3.6088314,0.39116859436035156
2025-12-30,SKU046,3,3.4505792,0.4505791664123535
2025-12-31,SKU046,4,3.2932281,0.7067718505859375
2025-09-20,SKU047,7,8.168171,1.1681709289550781
2025-09-21,SKU047,7,8.1308975,1.1308975219726562
2025-09-22,SKU047,4,6.458762,2.4587621688842773
2025-09-23,SKU047,4,6.2968216,2.2968215942382812
2025-09-24,SKU047,4,5.9947257,1.9947257041931152
2025-09-25,SKU047,5,6.0443034,1.0443034172058105
2025-09-26,SKU047,6,6.643865,0.6438651084899902
2025-09-27,SKU047,5,7.6187034,2.6187033653259277
2025-09-28,SKU047,6,7.4586473,1.4586472511291504
2025-09-29,SKU047,5,5.860636,0.8606362342834473
2025-09-30,SKU047,5,5.65222,0.6522197723388672
2025-10-01,SKU047,9,5.359522,3.6404781341552734
2025-10-02,SKU047,9,5.7441974,3.255802631378174
2025-10-03,SKU047,6,6.6351075,0.6351075172424316
2025-10-04,SKU047,11,7.88834,3.1116600036621094
2025-10-05,SKU047,12,8.311504,3.688495635986328
2025-10-06,SKU047,10,6.824372,3.175628185272217
2025-10-07,SKU047,9,6.9843736,2.0156264305114746
2025-10-08,SKU047,9,6.7970123,2.2029876708984375
2025-10-09,SKU047,6,7.0642395,1.064239501953125
2025-10-10,SKU047,8,7.9796314,0.020368576049804688
2025-10-11,SKU047,7,9.481318,2.481318473815918
2025-10-12,SKU047,10,9.7844715,0.2155284881591797
2025-10-13,SKU047,6,7.795967,1.7959671020507812
2025-10-14,SKU047,7,7.7111793,0.711179256439209
2025-10-15,SKU047,8,7.3832335,0.6167664527893066
2025-10-16,SKU047,11,7.565748,3.4342517852783203
2025-10-17,SKU047,8,8.670283,0.670283317565918
2025-10-18,SKU047,9,10.082162,1.0821619033813477
2025-10-19,SKU047,10,10.506483,0.5064830780029297
2025-10-20,SKU047,16,8.385859,7.614141464233398
2025-10-21,SKU047,13,11.129851,1.8701486587524414
2025-10-22,SKU047,8,11.075482,3.0754823684692383
2025-10-23,SKU047,6,11.573802,5.5738019943237305
2025-10-24,SKU047,14,14.359326,0.3593263626098633
2025-10-25,SKU047,11,13.643531,2.64353084564209
2025-10-26,SKU047,9,13.335776,4.335776329040527
2025-10-27,SKU047,13,11.051856,1.9481439590454102
2025-10-28,SKU047,10,12.029022,2.029022216796875
2025-10-29,SKU047,16,11.622891,4.377108573913574
2025-10-30,SKU047,15,10.406913,4.593087196350098
2025-10-31,SKU047,15,12.733775,2.2662248611450195
2025-11-01,SKU047,20,12.111407,7.888592720031738
2025-11-02,SKU047,18,13.119913,4.880086898803711
2025-11-03,SKU047,9,11.483643,2.483642578125
2025-11-04,SKU047,16,11.330562,4.669438362121582
2025-11-05,SKU047,11,9.443673,1.5563268661499023
2025-11-06,SKU047,9,8.541739,0.45826053619384766
2025-11-07,SKU047,11,8.830502,2.1694984436035156
2025-11-08,SKU047,7,9.8480425,2.8480424880981445
2025-11-09,SKU047,9,10.231315,1.2313146591186523
2025-11-10,SKU047,9,8.445251,0.55474853515625
2025-11-11,SKU047,6,8.626939,2.626938819885254
2025-11-12,SKU047,9,8.192451,0.8075494766235352
2025-11-13,SKU047,9,8.396053,0.6039466857910156
2025-11-14,SKU047,8,9.508494,1.5084943771362305
2025-11-15,SKU047,8,10.441613,2.44161319732666
2025-11-16,SKU047,6,10.324164,4.324164390563965
2025-11-17,SKU047,9,8.363487,0.6365127563476562
2025-11-18,SKU047,15,8.607259,6.3927412033081055
2025-11-19,SKU047,8,9.208203,1.2082033157348633
2025-11-20,SKU047,11,9.0019655,1.9980344772338867
2025-11-21,SKU047,8,13.430501,5.4305009841918945
2025-11-22,SKU047,14,14.073731,0.0737314224243164
2025-11-23,SKU047,18,15.346936,2.6530637741088867
2025-11-24,SKU047,8,12.5255995,4.525599479675293
2025-11-25,SKU047,12,12.565902,0.5659017562866211
2025-11-26,SKU047,12,13.847123,1.847123146057129
2025-11-27,SKU047,8,13.2889385,5.288938522338867
2025-11-28,SKU047,15,14.360853,0.6391468048095703
2025-11-29,SKU047,15,14.97487,0.025130271911621094
2025-11-30,SKU047,10,14.103012,4.1030120849609375
2025-12-01,SKU047,13,11.627762,1.3722381591796875
2025-12-02,SKU047,11,12.324606,1.324605941772461
2025-12-03,SKU047,11,12.555043,1.5550432205200195
2025-12-04,SKU047,8,11.432317,3.432316780090332
2025-12-05,SKU047,13,12.260098,0.7399015426635742
2025-12-06,SKU047,10,11.888915,1.8889150619506836
2025-12-07,SKU047,9,10.395053,1.3950529098510742
2025-12-08,SKU047,5,8.516135,3.5161352157592773
2025-12-09,SKU047,8,8.325492,0.32549190521240234
2025-12-10,SKU047,8,7.6631556,0.33684444427490234
2025-12-11,SKU047,10,7.740518,2.259481906890869
2025-12-12,SKU047,6,8.586111,2.586111068725586
2025-12-13,SKU047,11,9.430365,1.5696353912353516
2025-12-14,SKU047,8,9.582877,1.5828771591186523
2025-12-15,SKU047,8,7.830758,0.16924190521240234
2025-12-16,SKU047,9,7.9758897,1.0241103172302246
2025-12-17,SKU047,5,8.225939,3.2259387969970703
2025-12-18,SKU047,9,8.15493,0.8450698852539062
2025-12-19,SKU047,3,8.663332,5.663331985473633
2025-12-20,SKU047,6,9.432046,3.4320459365844727
2025-12-21,SKU047,10,9.237009,0.7629909515380859
2025-12-22,SKU047,10,7.412228,2.5877718925476074
2025-12-23,SKU047,9,7.6537333,1.346266746520996
2025-12-24,SKU047,8,7.961754,0.03824615478515625
2025-12-25,SKU047,8,7.9548535,0.04514646530151367
2025-12-26,SKU047,7,8.479454,1.4794540405273438
2025-12-27,SKU047,10,9.524903,0.4750967025756836
2025-12-28,SKU047,10,9.9150715,0.08492851257324219
2025-12-29,SKU047,5,7.880907,2.8809070587158203
2025-12-30,SKU047,8,7.5090795,0.4909205436706543
2025-12-31,SKU047,10,7.478158,2.5218420028686523
2025-09-20,SKU048,10,10.314628,0.31462764739990234
2025-09-21,SKU048,7,10.145636,3.1456356048583984
2025-09-22,SKU048,10,8.225512,1.7744884490966797
2025-09-23,SKU048,9,8.561736,0.4382638931274414
2025-09-24,SKU048,9,8.35322,0.6467800140380859
2025-09-25,SKU048,10,8.518574,1.4814262390136719
2025-09-26,SKU048,5,9.546985,4.546984672546387
2025-09-27,SKU048,12,10.467374,1.5326261520385742
2025-09-28,SKU048,11,10.597015,0.402984619140625
2025-09-29,SKU048,8,8.696789,0.6967887878417969
2025-09-30,SKU048,7,8.877377,1.8773765563964844
2025-10-01,SKU048,8,8.506379,0.5063791275024414
2025-10-02,SKU048,12,8.6698885,3.330111503601074
2025-10-03,SKU048,12,9.866599,2.1334009170532227
2025-10-04,SKU048,8,11.273757,3.273756980895996
2025-10-05,SKU048,15,11.139163,3.860836982727051
2025-10-06,SKU048,10,9.29847,0.7015304565429688
2025-10-07,SKU048,10,9.638002,0.3619976043701172
2025-10-08,SKU048,9,9.3677845,0.3677845001220703
2025-10-09,SKU048,11,9.52373,1.4762697219848633
2025-10-10,SKU048,13,10.682529,2.3174705505371094
2025-10-11,SKU048,17,12.4436035,4.556396484375
2025-10-12,SKU048,17,13.031156,3.968844413757324
2025-10-13,SKU048,13,10.557212,2.4427881240844727
2025-10-14,SKU048,10,10.764979,0.764979362487793
2025-10-15,SKU048,7,10.459266,3.45926570892334
2025-10-16,SKU048,10,10.481839,0.4818391799926758
2025-10-17,SKU048,11,11.533646,0.5336456298828125
2025-10-18,SKU048,13,13.25172,0.2517204284667969
2025-10-19,SKU048,11,13.762293,2.7622928619384766
2025-10-20,SKU048,17,10.872687,6.127312660217285
2025-10-21,SKU048,13,14.057606,1.0576057434082031
2025-10-22,SKU048,14,14.383576,0.3835763931274414
2025-10-23,SKU048,18,15.467688,2.5323123931884766
2025-10-24,SKU048,10,19.128193,9.128192901611328
2025-10-25,SKU048,15,18.403683,3.4036827087402344
2025-10-26,SKU048,19,17.483282,1.5167179107666016
2025-10-27,SKU048,16,14.912416,1.0875835418701172
2025-10-28,SKU048,11,16.068386,5.068386077880859
2025-10-29,SKU048,14,15.073325,1.0733251571655273
2025-10-30,SKU048,15,13.923476,1.076523780822754
2025-10-31,SKU048,19,16.538258,2.461742401123047
2025-11-01,SKU048,16,16.185898,0.1858978271484375
2025-11-02,SKU048,18,17.187626,0.8123741149902344
2025-11-03,SKU048,18,14.477331,3.5226688385009766
2025-11-04,SKU048,17,14.554717,2.4452829360961914
2025-11-05,SKU048,14,11.0623045,2.9376955032348633
2025-11-06,SKU048,13,10.704065,2.2959346771240234
2025-11-07,SKU048,7,10.575084,3.5750837326049805
2025-11-08,SKU048,10,11.411917,1.411916732788086
2025-11-09,SKU048,11,12.114355,1.1143550872802734
2025-11-10,SKU048,7,10.050498,3.0504980087280273
2025-11-11,SKU048,10,9.888842,0.11115837097167969
2025-11-12,SKU048,11,9.349365,1.650634765625
2025-11-13,SKU048,9,9.549787,0.5497865676879883
2025-11-14,SKU048,14,10.892924,3.1070756912231445
2025-11-15,SKU048,11,12.289005,1.2890052795410156
2025-11-16,SKU048,18,12.332388,5.667612075805664
2025-11-17,SKU048,8,10.517024,2.517024040222168
2025-11-18,SKU048,12,10.666442,1.3335580825805664
2025-11-19,SKU048,6,10.99986,4.999859809875488
2025-11-20,SKU048,16,10.875399,5.124601364135742
2025-11-21,SKU048,16,16.263771,0.26377105712890625
2025-11-22,SKU048,21,17.494469,3.5055313110351562
2025-11-23,SKU048,21,18.886818,2.1131820678710938
2025-11-24,SKU048,17,14.554261,2.4457387924194336
2025-11-25,SKU048,14,14.931235,0.9312353134155273
2025-11-26,SKU048,17,15.821995,1.1780052185058594
2025-11-27,SKU048,22,15.575386,6.424613952636719
2025-11-28,SKU048,14,17.96952,3.9695205688476562
2025-11-29,SKU048,20,18.844131,1.1558685302734375
2025-11-30,SKU048,16,18.078144,2.078144073486328
2025-12-01,SKU048,15,14.92006,0.0799398422241211
2025-12-02,SKU048,11,15.934594,4.93459415435791
2025-12-03,SKU048,16,15.602141,0.3978586196899414
2025-12-04,SKU048,7,14.53114,7.531140327453613
2025-12-05,SKU048,16,15.194214,0.8057861328125
2025-12-06,SKU048,13,14.481962,1.4819622039794922
2025-12-07,SKU048,14,12.828744,1.1712560653686523
2025-12-08,SKU048,11,10.915032,0.08496761322021484
2025-12-09,SKU048,12,10.886134,1.113865852355957
2025-12-10,SKU048,11,9.989018,1.010981559753418
2025-12-11,SKU048,10,9.952582,0.047417640686035156
2025-12-12,SKU048,13,11.134738,1.8652620315551758
2025-12-13,SKU048,10,12.479287,2.4792871475219727
2025-12-14,SKU048,10,12.6668005,2.6668004989624023
2025-12-15,SKU048,12,10.540637,1.4593629837036133
2025-12-16,SKU048,9,10.835637,1.835637092590332
2025-12-17,SKU048,10,10.803697,0.8036966323852539
2025-12-18,SKU048,8,11.139874,3.1398744583129883
2025-12-19,SKU048,9,12.106303,3.1063032150268555
2025-12-20,SKU048,14,13.152674,0.8473262786865234
2025-12-21,SKU048,17,13.144234,3.8557662963867188
2025-12-22,SKU048,9,10.996734,1.9967336654663086
2025-12-23,SKU048,10,11.083833,1.0838327407836914
2025-12-24,SKU048,10,11.289376,1.2893762588500977
2025-12-25,SKU048,11,11.204133,0.2041330337524414
2025-12-26,SKU048,9,11.895343,2.8953428268432617
2025-12-27,SKU048,9,12.620581,3.6205806732177734
2025-12-28,SKU048,13,12.471604,0.5283956527709961
2025-12-29,SKU048,9,10.179967,1.179966926574707
2025-12-30,SKU048,7,10.055979,3.055978775024414
2025-12-31,SKU048,11,10.0645895,0.9354104995727539
2025-09-20,SKU049,4,4.5025682,0.502568244934082
2025-09-21,SKU049,4,4.548435,0.5484352111816406
2025-09-22,SKU049,2,3.7581158,1.7581157684326172
2025-09-23,SKU049,6,3.6019912,2.3980088233947754
2025-09-24,SKU049,3,3.4238997,0.42389965057373047
2025-09-25,SKU049,3,3.5676384,0.5676383972167969
2025-09-26,SKU049,5,3.9914227,1.0085773468017578
2025-09-27,SKU049,3,4.6671977,1.6671977043151855
2025-09-28,SKU049,4,4.763169,0.7631688117980957
2025-09-29,SKU049,3,3.8923984,0.8923983573913574
2025-09-30,SKU049,4,3.7218542,0.27814579010009766
2025-10-01,SKU049,3,3.4635324,0.4635324478149414
2025-10-02,SKU049,6,3.6468244,2.353175640106201
2025-10-03,SKU049,6,4.2385297,1.7614703178405762
2025-10-04,SKU049,5,5.1432676,0.14326763153076172
2025-10-05,SKU049,4,5.2839065,1.2839064598083496
2025-10-06,SKU049,5,4.447495,0.5525050163269043
2025-10-07,SKU049,4,4.3009524,0.3009524345397949
2025-10-08,SKU049,4,3.9586878,0.041312217712402344
2025-10-09,SKU049,4,4.265061,0.2650609016418457
2025-10-10,SKU049,5,4.8866134,0.11338663101196289
2025-10-11,SKU049,7,5.816029,1.1839709281921387
2025-10-12,SKU049,5,5.986446,0.9864459037780762
2025-10-13,SKU049,4,4.953872,0.9538722038269043
2025-10-14,SKU049,3,4.878439,1.878438949584961
2025-10-15,SKU049,2,4.499915,2.49991512298584
2025-10-16,SKU049,5,4.697182,0.30281782150268555
2025-10-17,SKU049,4,5.2076354,1.2076354026794434
2025-10-18,SKU049,5,6.1031823,1.103182315826416
2025-10-19,SKU049,6,6.0110536,0.01105356216430664
2025-10-20,SKU049,7,4.961325,2.038674831390381
2025-10-21,SKU049,5,6.575338,1.5753378868103027
2025-10-22,SKU049,6,6.2531266,0.2531266212463379
2025-10-23,SKU049,7,6.492246,0.507753849029541
2025-10-24,SKU049,5,8.311136,3.311136245727539
2025-10-25,SKU049,5,8.178682,3.178682327270508
2025-10-26,SKU049,7,8.025631,1.0256309509277344
2025-10-27,SKU049,9,6.6244607,2.3755393028259277
2025-10-28,SKU049,5,6.9330125,1.9330124855041504
2025-10-29,SKU049,7,5.9962726,1.0037274360656738
2025-10-30,SKU049,7,5.383275,1.616724967956543
2025-10-31,SKU049,10,6.5173564,3.4826436042785645
2025-11-01,SKU049,7,6.4462657,0.553734302520752
2025-11-02,SKU049,9,7.0347524,1.965247631072998
2025-11-03,SKU049,5,5.7710834,0.7710833549499512
2025-11-04,SKU049,6,5.550132,0.44986820220947266
2025-11-05,SKU049,6,4.8581257,1.1418743133544922
2025-11-06,SKU049,4,4.7157474,0.7157473564147949
2025-11-07,SKU049,4,4.705918,0.7059178352355957
2025-11-08,SKU049,4,5.1371365,1.137136459350586
2025-11-09,SKU049,4,5.1871953,1.1871953010559082
2025-11-10,SKU049,3,4.3205757,1.3205757141113281
2025-11-11,SKU049,4,4.0825315,0.08253145217895508
2025-11-12,SKU049,4,3.8709803,0.12901973724365234
2025-11-13,SKU049,3,4.0880766,1.0880765914916992
2025-11-14,SKU049,4,4.6004286,0.600428581237793
2025-11-15,SKU049,5,5.168812,0.16881179809570312
2025-11-16,SKU049,4,5.201808,1.201807975769043
2025-11-17,SKU049,4,4.402022,0.4020218849182129
2025-11-18,SKU049,4,4.31888,0.3188800811767578
2025-11-19,SKU049,3,4.3769536,1.3769536018371582
2025-11-20,SKU049,6,4.4693627,1.530637264251709
2025-11-21,SKU049,7,6.8200135,0.17998647689819336
2025-11-22,SKU049,6,7.967854,1.9678540229797363
2025-11-23,SKU049,4,8.368956,4.368955612182617
2025-11-24,SKU049,7,6.5478845,0.452115535736084
2025-11-25,SKU049,6,6.519291,0.5192909240722656
2025-11-26,SKU049,7,6.70679,0.2932100296020508
2025-11-27,SKU049,6,6.10541,0.10541009902954102
2025-11-28,SKU049,7,7.150432,0.15043210983276367
2025-11-29,SKU049,7,7.3002,0.3001999855041504
2025-11-30,SKU049,7,7.3068676,0.3068675994873047
2025-12-01,SKU049,4,5.8105474,1.8105473518371582
2025-12-02,SKU049,5,5.403075,0.4030752182006836
2025-12-03,SKU049,6,4.971707,1.0282931327819824
2025-12-04,SKU049,7,4.7257223,2.274277687072754
2025-12-05,SKU049,6,5.287067,0.7129330635070801
2025-12-06,SKU049,4,5.396689,1.3966889381408691
2025-12-07,SKU049,5,4.841777,0.15822315216064453
2025-12-08,SKU049,4,4.036898,0.036898136138916016
2025-12-09,SKU049,4,3.7541766,0.24582338333129883
2025-12-10,SKU049,5,3.5392365,1.4607634544372559
2025-12-11,SKU049,4,3.753272,0.24672794342041016
2025-12-12,SKU049,4,4.175745,0.17574501037597656
2025-12-13,SKU049,5,4.6461225,0.35387754440307617
2025-12-14,SKU049,3,4.791407,1.7914071083068848
2025-12-15,SKU049,2,4.0574694,2.057469367980957
2025-12-16,SKU049,4,3.9665623,0.03343772888183594
2025-12-17,SKU049,4,3.8655386,0.1344614028930664
2025-12-18,SKU049,3,4.0678763,1.0678763389587402
2025-12-19,SKU049,4,4.4631,0.46309995651245117
2025-12-20,SKU049,5,5.159931,0.15993118286132812
2025-12-21,SKU049,4,5.3665156,1.3665156364440918
2025-12-22,SKU049,4,4.4557858,0.45578575134277344
2025-12-23,SKU049,5,4.058052,0.9419479370117188
2025-12-24,SKU049,4,4.15448,0.15447998046875
2025-12-25,SKU049,5,4.2914124,0.708587646484375
2025-12-26,SKU049,5,4.672636,0.3273639678955078
2025-12-27,SKU049,6,5.440105,0.5598950386047363
2025-12-28,SKU049,7,5.8386865,1.161313533782959
2025-12-29,SKU049,4,4.831691,0.831690788269043
2025-12-30,SKU049,4,4.390855,0.3908548355102539
2025-12-31,SKU049,4,4.2719045,0.27190446853637695
2025-09-20,SKU050,17,23.721695,6.7216949462890625
2025-09-21,SKU050,18,28.303402,10.303401947021484
2025-09-22,SKU050,18,18.285666,0.28566551208496094
2025-09-23,SKU050,11,18.415525,7.415525436401367
2025-09-24,SKU050,17,18.001663,1.0016632080078125
2025-09-25,SKU050,15,17.397226,2.397226333618164
2025-09-26,SKU050,16,18.440077,2.4400768280029297
2025-09-27,SKU050,19,23.104107,4.104106903076172
2025-09-28,SKU050,25,26.811003,1.8110027313232422
2025-09-29,SKU050,13,18.01249,5.012489318847656
2025-09-30,SKU050,15,18.358402,3.3584022521972656
2025-10-01,SKU050,15,18.3521,3.352100372314453
2025-10-02,SKU050,14,17.554043,3.5540428161621094
2025-10-03,SKU050,26,18.520027,7.479972839355469
2025-10-04,SKU050,18,24.01136,6.011360168457031
2025-10-05,SKU050,36,27.936958,8.063041687011719
2025-10-06,SKU050,17,19.333273,2.333272933959961
2025-10-07,SKU050,18,20.379665,2.3796653747558594
2025-10-08,SKU050,24,19.689833,4.31016731262207
2025-10-09,SKU050,23,18.35589,4.644109725952148
2025-10-10,SKU050,28,19.211548,8.7884521484375
2025-10-11,SKU050,23,25.901634,2.9016342163085938
2025-10-12,SKU050,21,32.728558,11.728557586669922
2025-10-13,SKU050,22,20.914604,1.0853958129882812
2025-10-14,SKU050,19,20.228313,1.2283134460449219
2025-10-15,SKU050,21,20.690405,0.30959510803222656
2025-10-16,SKU050,19,19.213245,0.21324539184570312
2025-10-17,SKU050,26,20.189682,5.8103179931640625
2025-10-18,SKU050,24,27.139303,3.139303207397461
2025-10-19,SKU050,29,33.756985,4.756984710693359
2025-10-20,SKU050,35,21.4725,13.52750015258789
2025-10-21,SKU050,38,26.190376,11.809623718261719
2025-10-22,SKU050,25,25.574087,0.5740871429443359
2025-10-23,SKU050,25,27.674114,2.674114227294922
2025-10-24,SKU050,25,36.40199,11.401988983154297
2025-10-25,SKU050,51,35.247917,15.752082824707031
2025-10-26,SKU050,45,37.276127,7.723873138427734
2025-10-27,SKU050,21,29.189661,8.189661026000977
2025-10-28,SKU050,21,30.422527,9.422527313232422
2025-10-29,SKU050,43,26.20184,16.798160552978516
2025-10-30,SKU050,30,24.302227,5.697772979736328
2025-10-31,SKU050,18,28.812967,10.812967300415039
2025-11-01,SKU050,48,29.53799,18.46200942993164
2025-11-02,SKU050,29,31.651653,2.651653289794922
2025-11-03,SKU050,20,28.404781,8.404781341552734
2025-11-04,SKU050,41,26.633762,14.36623764038086
2025-11-05,SKU050,25,19.810158,5.189842224121094
2025-11-06,SKU050,23,20.632858,2.3671417236328125
2025-11-07,SKU050,21,19.815466,1.1845340728759766
2025-11-08,SKU050,23,21.705725,1.2942752838134766
2025-11-09,SKU050,20,24.734253,4.7342529296875
2025-11-10,SKU050,17,18.845951,1.8459510803222656
2025-11-11,SKU050,18,19.787445,1.787445068359375
2025-11-12,SKU050,40,19.504013,20.495986938476562
2025-11-13,SKU050,17,18.240688,1.2406883239746094
2025-11-14,SKU050,23,21.00167,1.9983291625976562
2025-11-15,SKU050,32,24.852493,7.1475067138671875
2025-11-16,SKU050,28,26.071733,1.9282665252685547
2025-11-17,SKU050,18,20.328321,2.3283214569091797
2025-11-18,SKU050,18,20.111322,2.1113224029541016
2025-11-19,SKU050,20,19.549828,0.45017242431640625
2025-11-20,SKU050,27,18.681383,8.31861686706543
2025-11-21,SKU050,37,26.655684,10.344316482543945
2025-11-22,SKU050,37,32.071766,4.928234100341797
2025-11-23,SKU050,60,37.381016,22.61898422241211
2025-11-24,SKU050,24,29.557909,5.55790901184082
2025-11-25,SKU050,24,29.471893,5.471893310546875
2025-11-26,SKU050,22,27.46967,5.469669342041016
2025-11-27,SKU050,34,26.282177,7.717823028564453
2025-11-28,SKU050,34,34.43836,0.4383583068847656
2025-11-29,SKU050,50,34.949192,15.05080795288086
2025-11-30,SKU050,38,37.19388,0.806121826171875
2025-12-01,SKU050,24,29.3993,5.399299621582031
2025-12-02,SKU050,34,30.431341,3.5686588287353516
2025-12-03,SKU050,23,25.772833,2.7728328704833984
2025-12-04,SKU050,24,24.942776,0.9427757263183594
2025-12-05,SKU050,27,30.38647,3.3864707946777344
2025-12-06,SKU050,35,27.116285,7.88371467590332
2025-12-07,SKU050,19,24.560581,5.560581207275391
2025-12-08,SKU050,19,20.457443,1.4574432373046875
2025-12-09,SKU050,10,20.492266,10.492265701293945
2025-12-10,SKU050,26,18.955763,7.04423713684082
2025-12-11,SKU050,21,18.606998,2.3930015563964844
2025-12-12,SKU050,22,21.740223,0.2597770690917969
2025-12-13,SKU050,24,24.820824,0.8208236694335938
2025-12-14,SKU050,18,26.014278,8.014278411865234
2025-12-15,SKU050,17,19.147747,2.147747039794922
2025-12-16,SKU050,18,18.825897,0.825897216796875
2025-12-17,SKU050,28,18.85792,9.142080307006836
2025-12-18,SKU050,23,18.366543,4.633457183837891
2025-12-19,SKU050,24,20.087355,3.9126453399658203
2025-12-20,SKU050,31,22.930809,8.069190979003906
2025-12-21,SKU050,25,24.570114,0.4298858642578125
2025-12-22,SKU050,18,19.504057,1.5040569305419922
2025-12-23,SKU050,23,18.964874,4.035125732421875
2025-12-24,SKU050,19,18.910042,0.08995819091796875
2025-12-25,SKU050,30,18.299759,11.700241088867188
2025-12-26,SKU050,11,19.848696,8.848695755004883
2025-12-27,SKU050,24,22.140438,1.8595619201660156
2025-12-28,SKU050,28,22.496216,5.5037841796875
2025-12-29,SKU050,19,18.670984,0.32901573181152344
2025-12-30,SKU050,17,18.769112,1.7691116333007812
2025-12-31,SKU050,20,18.238811,1.7611885070800781
2025-09-20,SKU051,17,20.188786,3.1887855529785156
2025-09-21,SKU051,15,23.333748,8.333747863769531
2025-09-22,SKU051,13,15.83121,2.831210136413574
2025-09-23,SKU051,9,15.753073,6.753072738647461
2025-09-24,SKU051,9,15.344306,6.344305992126465
2025-09-25,SKU051,15,14.570413,0.42958736419677734
2025-09-26,SKU051,18,15.792646,2.2073535919189453
2025-09-27,SKU051,15,18.798584,3.798583984375
2025-09-28,SKU051,12,20.860239,8.860239028930664
2025-09-29,SKU051,10,14.494969,4.494969367980957
2025-09-30,SKU051,13,14.281751,1.2817506790161133
2025-10-01,SKU051,16,14.061341,1.9386587142944336
2025-10-02,SKU051,26,14.077433,11.922567367553711
2025-10-03,SKU051,20,15.997907,4.002093315124512
2025-10-04,SKU051,13,19.228504,6.228504180908203
2025-10-05,SKU051,28,21.613607,6.386392593383789
2025-10-06,SKU051,14,15.376362,1.3763618469238281
2025-10-07,SKU051,10,15.946144,5.946144104003906
2025-10-08,SKU051,20,15.689315,4.310685157775879
2025-10-09,SKU051,15,15.627859,0.6278591156005859
2025-10-10,SKU051,29,16.878197,12.121803283691406
2025-10-11,SKU051,19,22.320122,3.3201217651367188
2025-10-12,SKU051,24,26.838802,2.8388023376464844
2025-10-13,SKU051,20,17.906452,2.093547821044922
2025-10-14,SKU051,14,18.279676,4.27967643737793
2025-10-15,SKU051,15,18.056664,3.0566635131835938
2025-10-16,SKU051,14,17.512264,3.5122642517089844
2025-10-17,SKU051,20,18.709538,1.2904624938964844
2025-10-18,SKU051,24,24.319916,0.319915771484375
2025-10-19,SKU051,18,30.447868,12.447868347167969
2025-10-20,SKU051,21,19.68224,1.3177604675292969
2025-10-21,SKU051,31,22.113857,8.88614273071289
2025-10-22,SKU051,28,24.937355,3.0626449584960938
2025-10-23,SKU051,26,25.366821,0.6331787109375
2025-10-24,SKU051,37,34.22869,2.7713088989257812
2025-10-25,SKU051,28,34.047127,6.047126770019531
2025-10-26,SKU051,27,34.32585,7.3258514404296875
2025-10-27,SKU051,23,25.666067,2.666067123413086
2025-10-28,SKU051,22,28.539185,6.5391845703125
2025-10-29,SKU051,17,24.161484,7.1614837646484375
2025-10-30,SKU051,28,23.858955,4.141044616699219
2025-10-31,SKU051,31,28.105331,2.8946685791015625
2025-11-01,SKU051,25,26.601925,1.6019248962402344
2025-11-02,SKU051,32,30.232811,1.7671890258789062
2025-11-03,SKU051,32,24.771233,7.228767395019531
2025-11-04,SKU051,20,24.459171,4.459171295166016
2025-11-05,SKU051,23,16.371159,6.628841400146484
2025-11-06,SKU051,15,19.772945,4.772945404052734
2025-11-07,SKU051,17,17.90887,0.9088706970214844
2025-11-08,SKU051,25,18.30648,6.693519592285156
2025-11-09,SKU051,18,20.858604,2.8586044311523438
2025-11-10,SKU051,22,16.481684,5.518316268920898
2025-11-11,SKU051,18,16.6704,1.329599380493164
2025-11-12,SKU051,19,16.383991,2.616008758544922
2025-11-13,SKU051,11,16.50477,5.504770278930664
2025-11-14,SKU051,14,19.361433,5.361433029174805
2025-11-15,SKU051,20,21.069466,1.0694656372070312
2025-11-16,SKU051,19,20.441755,1.4417552947998047
2025-11-17,SKU051,16,17.041367,1.0413665771484375
2025-11-18,SKU051,35,17.104221,17.89577865600586
2025-11-19,SKU051,16,17.538746,1.5387458801269531
2025-11-20,SKU051,20,17.510418,2.489582061767578
2025-11-21,SKU051,39,26.06873,12.931270599365234
2025-11-22,SKU051,38,29.842415,8.157585144042969
2025-11-23,SKU051,38,35.464096,2.5359039306640625
2025-11-24,SKU051,22,27.83559,5.835590362548828
2025-11-25,SKU051,25,27.080902,2.080902099609375
2025-11-26,SKU051,27,27.01949,0.019489288330078125
2025-11-27,SKU051,31,26.478018,4.521982192993164
2025-11-28,SKU051,25,34.143513,9.143512725830078
2025-11-29,SKU051,28,35.4449,7.4449005126953125
2025-11-30,SKU051,30,35.012775,5.012775421142578
2025-12-01,SKU051,31,27.44001,3.5599899291992188
2025-12-02,SKU051,27,30.626625,3.6266250610351562
2025-12-03,SKU051,44,25.450077,18.549922943115234
2025-12-04,SKU051,20,27.58509,7.585090637207031
2025-12-05,SKU051,34,28.97915,5.020849227905273
2025-12-06,SKU051,20,26.998638,6.998638153076172
2025-12-07,SKU051,30,23.895554,6.1044464111328125
2025-12-08,SKU051,21,19.405773,1.5942268371582031
2025-12-09,SKU051,23,20.141768,2.8582324981689453
2025-12-10,SKU051,16,19.156404,3.156404495239258
2025-12-11,SKU051,18,18.393488,0.39348793029785156
2025-12-12,SKU051,23,22.212831,0.7871685028076172
2025-12-13,SKU051,14,24.844355,10.844354629516602
2025-12-14,SKU051,29,24.921286,4.078714370727539
2025-12-15,SKU051,16,18.882439,2.8824386596679688
2025-12-16,SKU051,18,19.46025,1.4602508544921875
2025-12-17,SKU051,15,19.119053,4.119052886962891
2025-12-18,SKU051,18,18.566427,0.5664272308349609
2025-12-19,SKU051,26,19.590864,6.409135818481445
2025-12-20,SKU051,25,21.309473,3.6905269622802734
2025-12-21,SKU051,19,22.686611,3.6866111755371094
2025-12-22,SKU051,15,18.220451,3.2204513549804688
2025-12-23,SKU051,13,17.707981,4.707981109619141
2025-12-24,SKU051,14,17.942863,3.9428634643554688
2025-12-25,SKU051,14,17.511122,3.5111217498779297
2025-12-26,SKU051,17,18.175465,1.1754646301269531
2025-12-27,SKU051,27,19.288872,7.711128234863281
2025-12-28,SKU051,26,20.400038,5.59996223449707
2025-12-29,SKU051,13,17.846706,4.846706390380859
2025-12-30,SKU051,12,17.266338,5.266338348388672
2025-12-31,SKU051,18,16.92612,1.0738792419433594
2025-09-20,SKU052,18,16.813934,1.186065673828125
2025-09-21,SKU052,11,18.695955,7.695955276489258
2025-09-22,SKU052,6,13.506785,7.5067853927612305
2025-09-23,SKU052,12,13.00589,1.005889892578125
2025-09-24,SKU052,5,12.723868,7.723868370056152
2025-09-25,SKU052,10,12.24032,2.2403202056884766
2025-09-26,SKU052,13,13.018081,0.018080711364746094
2025-09-27,SKU052,17,14.842059,2.1579408645629883
2025-09-28,SKU052,13,16.174105,3.174104690551758
2025-09-29,SKU052,17,12.077743,4.922257423400879
2025-09-30,SKU052,14,12.316679,1.6833209991455078
2025-10-01,SKU052,17,12.356063,4.643937110900879
2025-10-02,SKU052,20,12.656287,7.34371280670166
2025-10-03,SKU052,21,14.494447,6.505553245544434
2025-10-04,SKU052,11,18.175568,7.175567626953125
2025-10-05,SKU052,17,20.169497,3.169496536254883
2025-10-06,SKU052,8,14.120155,6.120155334472656
2025-10-07,SKU052,9,14.10454,5.10453987121582
2025-10-08,SKU052,15,13.466271,1.5337285995483398
2025-10-09,SKU052,15,13.545912,1.4540882110595703
2025-10-10,SKU052,16,15.158389,0.8416109085083008
2025-10-11,SKU052,16,18.890728,2.890727996826172
2025-10-12,SKU052,15,21.518648,6.518648147583008
2025-10-13,SKU052,17,14.921691,2.0783090591430664
2025-10-14,SKU052,15,14.743884,0.2561159133911133
2025-10-15,SKU052,17,14.714064,2.2859363555908203
2025-10-16,SKU052,13,14.783475,1.7834749221801758
2025-10-17,SKU052,14,16.22224,2.222240447998047
2025-10-18,SKU052,18,20.37955,2.3795509338378906
2025-10-19,SKU052,10,23.503143,13.503143310546875
2025-10-20,SKU052,25,15.882027,9.117973327636719
2025-10-21,SKU052,24,18.655834,5.344165802001953
2025-10-22,SKU052,20,19.96819,0.031810760498046875
2025-10-23,SKU052,22,21.272049,0.7279510498046875
2025-10-24,SKU052,21,27.936989,6.936988830566406
2025-10-25,SKU052,25,26.552876,1.5528755187988281
2025-10-26,SKU052,24,27.950756,3.950756072998047
2025-10-27,SKU052,10,22.648293,12.648292541503906
2025-10-28,SKU052,18,23.532516,5.5325164794921875
2025-10-29,SKU052,22,20.015894,1.9841060638427734
2025-10-30,SKU052,18,16.757656,1.2423439025878906
2025-10-31,SKU052,26,20.569921,5.430078506469727
2025-11-01,SKU052,25,18.242249,6.75775146484375
2025-11-02,SKU052,27,23.541739,3.458261489868164
2025-11-03,SKU052,20,19.693405,0.3065948486328125
2025-11-04,SKU052,20,19.03186,0.9681396484375
2025-11-05,SKU052,17,14.283544,2.716456413269043
2025-11-06,SKU052,11,15.828296,4.828295707702637
2025-11-07,SKU052,13,14.8592615,1.8592615127563477
2025-11-08,SKU052,22,15.674942,6.3250579833984375
2025-11-09,SKU052,19,17.87581,1.1241893768310547
2025-11-10,SKU052,14,14.534539,0.5345392227172852
2025-11-11,SKU052,8,14.569569,6.569568634033203
2025-11-12,SKU052,16,13.827182,2.172818183898926
2025-11-13,SKU052,14,13.729051,0.2709493637084961
2025-11-14,SKU052,14,15.201053,1.2010526657104492
2025-11-15,SKU052,23,16.718346,6.281654357910156
2025-11-16,SKU052,16,17.685947,1.6859474182128906
2025-11-17,SKU052,14,14.528967,0.5289669036865234
2025-11-18,SKU052,12,14.636393,2.636392593383789
2025-11-19,SKU052,13,14.657678,1.6576776504516602
2025-11-20,SKU052,24,14.518313,9.48168659210205
2025-11-21,SKU052,24,20.997059,3.002941131591797
2025-11-22,SKU052,26,23.626202,2.373798370361328
2025-11-23,SKU052,20,27.689255,7.6892547607421875
2025-11-24,SKU052,25,20.808048,4.191951751708984
2025-11-25,SKU052,16,21.251099,5.2510986328125
2025-11-26,SKU052,25,21.983812,3.0161876678466797
2025-11-27,SKU052,23,23.545332,0.5453319549560547
2025-11-28,SKU052,24,28.098696,4.098695755004883
2025-11-29,SKU052,27,29.313793,2.313793182373047
2025-11-30,SKU052,24,29.217598,5.217597961425781
2025-12-01,SKU052,26,24.568771,1.4312286376953125
2025-12-02,SKU052,20,26.09959,6.099590301513672
2025-12-03,SKU052,15,22.893303,7.893302917480469
2025-12-04,SKU052,25,22.59226,2.4077396392822266
2025-12-05,SKU052,36,22.616703,13.383296966552734
2025-12-06,SKU052,15,19.700132,4.700132369995117
2025-12-07,SKU052,17,19.876495,2.876495361328125
2025-12-08,SKU052,11,16.146551,5.146551132202148
2025-12-09,SKU052,11,15.440085,4.440085411071777
2025-12-10,SKU052,10,14.099252,4.099251747131348
2025-12-11,SKU052,14,13.992241,0.00775909423828125
2025-12-12,SKU052,17,15.924866,1.07513427734375
2025-12-13,SKU052,17,17.374004,0.3740043640136719
2025-12-14,SKU052,16,18.109398,2.1093978881835938
2025-12-15,SKU052,17,14.952495,2.0475053787231445
2025-12-16,SKU052,12,15.1387205,3.1387205123901367
2025-12-17,SKU052,16,14.953695,1.046304702758789
2025-12-18,SKU052,11,14.94679,3.9467897415161133
2025-12-19,SKU052,18,15.924787,2.0752134323120117
2025-12-20,SKU052,15,17.308235,2.3082351684570312
2025-12-21,SKU052,16,17.813366,1.8133659362792969
2025-12-22,SKU052,17,14.649287,2.350712776184082
2025-12-23,SKU052,13,15.113629,2.1136293411254883
2025-12-24,SKU052,11,15.2591715,4.259171485900879
2025-12-25,SKU052,14,14.974423,0.9744234085083008
2025-12-26,SKU052,14,15.9233055,1.9233055114746094
2025-12-27,SKU052,15,17.00368,2.0036792755126953
2025-12-28,SKU052,17,17.474426,0.47442626953125
2025-12-29,SKU052,14,14.450079,0.45007896423339844
2025-12-30,SKU052,12,14.711202,2.7112016677856445
2025-12-31,SKU052,16,14.569934,1.4300661087036133
2025-09-20,SKU053,10,14.064114,4.064113616943359
2025-09-21,SKU053,15,14.605442,0.3945579528808594
2025-09-22,SKU053,6,11.216403,5.216403007507324
2025-09-23,SKU053,11,11.059635,0.059635162353515625
2025-09-24,SKU053,10,10.820275,0.8202753067016602
2025-09-25,SKU053,14,10.84978,3.1502199172973633
2025-09-26,SKU053,10,12.032357,2.0323572158813477
2025-09-27,SKU053,12,13.713883,1.713883399963379
2025-09-28,SKU053,12,14.540455,2.540454864501953
2025-09-29,SKU053,6,11.115001,5.1150007247924805
2025-09-30,SKU053,9,10.977291,1.9772911071777344
2025-10-01,SKU053,13,10.584734,2.4152660369873047
2025-10-02,SKU053,17,10.877411,6.122589111328125
2025-10-03,SKU053,10,12.384053,2.3840532302856445
2025-10-04,SKU053,12,14.213787,2.213787078857422
2025-10-05,SKU053,9,15.301655,6.301654815673828
2025-10-06,SKU053,13,11.457489,1.542510986328125
2025-10-07,SKU053,12,11.333212,0.6667881011962891
2025-10-08,SKU053,13,11.102238,1.8977622985839844
2025-10-09,SKU053,11,11.322211,0.32221126556396484
2025-10-10,SKU053,15,12.547275,2.452725410461426
2025-10-11,SKU053,19,15.13444,3.8655595779418945
2025-10-12,SKU053,15,16.942043,1.9420433044433594
2025-10-13,SKU053,10,12.605723,2.6057233810424805
2025-10-14,SKU053,22,12.419774,9.580225944519043
2025-10-15,SKU053,15,12.707782,2.2922182083129883
2025-10-16,SKU053,13,12.85,0.14999961853027344
2025-10-17,SKU053,10,14.175275,4.175274848937988
2025-10-18,SKU053,17,16.894272,0.1057281494140625
2025-10-19,SKU053,16,19.17659,3.1765899658203125
2025-10-20,SKU053,22,13.815401,8.184598922729492
2025-10-21,SKU053,12,16.53072,4.530719757080078
2025-10-22,SKU053,23,17.104773,5.895227432250977
2025-10-23,SKU053,17,18.970406,1.9704055786132812
2025-10-24,SKU053,22,23.291952,1.291952133178711
2025-10-25,SKU053,18,23.60247,5.602470397949219
2025-10-26,SKU053,24,22.871895,1.1281051635742188
2025-10-27,SKU053,24,18.762775,5.237224578857422
2025-10-28,SKU053,20,20.683222,0.6832218170166016
2025-10-29,SKU053,18,16.526318,1.4736824035644531
2025-10-30,SKU053,16,15.178323,0.8216772079467773
2025-10-31,SKU053,13,18.10178,5.101779937744141
2025-11-01,SKU053,25,16.737886,8.262113571166992
2025-11-02,SKU053,25,20.634804,4.365196228027344
2025-11-03,SKU053,16,18.499699,2.4996986389160156
2025-11-04,SKU053,13,17.5111,4.511100769042969
2025-11-05,SKU053,16,13.625218,2.374781608581543
2025-11-06,SKU053,14,14.462198,0.46219825744628906
2025-11-07,SKU053,17,13.678474,3.3215255737304688
2025-11-08,SKU053,14,14.532415,0.5324153900146484
2025-11-09,SKU053,17,16.438276,0.5617237091064453
2025-11-10,SKU053,9,13.479864,4.479864120483398
2025-11-11,SKU053,12,13.220698,1.220698356628418
2025-11-12,SKU053,11,12.698123,1.6981229782104492
2025-11-13,SKU053,14,12.878873,1.1211271286010742
2025-11-14,SKU053,16,14.358634,1.6413660049438477
2025-11-15,SKU053,17,15.679061,1.320939064025879
2025-11-16,SKU053,17,16.189236,0.8107643127441406
2025-11-17,SKU053,12,13.425849,1.4258489608764648
2025-11-18,SKU053,11,13.541164,2.5411643981933594
2025-11-19,SKU053,11,13.562062,2.5620622634887695
2025-11-20,SKU053,18,13.491364,4.508636474609375
2025-11-21,SKU053,18,19.511885,1.5118846893310547
2025-11-22,SKU053,28,20.991795,7.008205413818359
2025-11-23,SKU053,23,23.783047,0.7830467224121094
2025-11-24,SKU053,15,18.693005,3.693004608154297
2025-11-25,SKU053,14,18.261715,4.261714935302734
2025-11-26,SKU053,22,19.282997,2.7170028686523438
2025-11-27,SKU053,15,19.481068,4.481067657470703
2025-11-28,SKU053,18,21.710274,3.7102737426757812
2025-11-29,SKU053,23,23.018124,0.018123626708984375
2025-11-30,SKU053,28,22.369516,5.630483627319336
2025-12-01,SKU053,18,19.760365,1.7603645324707031
2025-12-02,SKU053,23,20.500431,2.4995689392089844
2025-12-03,SKU053,18,19.316156,1.3161563873291016
2025-12-04,SKU053,26,18.346462,7.653537750244141
2025-12-05,SKU053,19,21.33994,2.3399391174316406
2025-12-06,SKU053,13,16.835428,3.835428237915039
2025-12-07,SKU053,11,16.537334,5.537334442138672
2025-12-08,SKU053,11,13.643212,2.64321231842041
2025-12-09,SKU053,13,13.307177,0.3071765899658203
2025-12-10,SKU053,14,12.421542,1.5784578323364258
2025-12-11,SKU053,13,12.580022,0.41997814178466797
2025-12-12,SKU053,19,14.199671,4.800329208374023
2025-12-13,SKU053,13,15.875389,2.8753890991210938
2025-12-14,SKU053,13,16.274033,3.2740325927734375
2025-12-15,SKU053,12,13.381416,1.3814163208007812
2025-12-16,SKU053,16,13.546833,2.453166961669922
2025-12-17,SKU053,18,13.707164,4.2928361892700195
2025-12-18,SKU053,16,14.015748,1.9842519760131836
2025-12-19,SKU053,9,15.400973,6.400973320007324
2025-12-20,SKU053,19,16.319298,2.6807022094726562
2025-12-21,SKU053,18,16.6041,1.3959007263183594
2025-12-22,SKU053,14,14.014089,0.014088630676269531
2025-12-23,SKU053,13,14.096159,1.0961589813232422
2025-12-24,SKU053,11,14.221715,3.221714973449707
2025-12-25,SKU053,13,14.081383,1.0813827514648438
2025-12-26,SKU053,17,14.977863,2.022136688232422
2025-12-27,SKU053,33,16.099392,16.90060806274414
2025-12-28,SKU053,16,17.5013,1.5013008117675781
2025-12-29,SKU053,13,14.42118,1.4211797714233398
2025-12-30,SKU053,14,14.055873,0.05587291717529297
2025-12-31,SKU053,12,13.98218,1.9821796417236328
2025-09-20,SKU054,5,6.796395,1.7963948249816895
2025-09-21,SKU054,5,6.633126,1.6331257820129395
2025-09-22,SKU054,6,5.2355704,0.7644295692443848
2025-09-23,SKU054,5,5.247147,0.2471470832824707
2025-09-24,SKU054,4,5.068577,1.0685768127441406
2025-09-25,SKU054,5,5.171969,0.17196893692016602
2025-09-26,SKU054,6,5.828465,0.17153501510620117
2025-09-27,SKU054,5,6.7379127,1.737912654876709
2025-09-28,SKU054,8,6.607496,1.3925042152404785
2025-09-29,SKU054,2,5.267633,3.2676329612731934
2025-09-30,SKU054,4,5.21728,1.2172799110412598
2025-10-01,SKU054,7,4.9555993,2.044400691986084
2025-10-02,SKU054,7,5.1980863,1.8019137382507324
2025-10-03,SKU054,5,6.045069,1.0450692176818848
2025-10-04,SKU054,6,6.9612765,0.9612765312194824
2025-10-05,SKU054,6,6.9164605,0.9164605140686035
2025-10-06,SKU054,7,5.550588,1.4494118690490723
2025-10-07,SKU054,7,5.574117,1.4258828163146973
2025-10-08,SKU054,6,5.3746734,0.6253266334533691
2025-10-09,SKU054,5,5.712839,0.7128391265869141
2025-10-10,SKU054,8,6.4614425,1.538557529449463
2025-10-11,SKU054,6,7.6452355,1.645235538482666
2025-10-12,SKU054,8,7.666431,0.3335690498352051
2025-10-13,SKU054,6,6.158773,0.15877294540405273
2025-10-14,SKU054,4,6.205112,2.2051119804382324
2025-10-15,SKU054,5,5.900265,0.9002652168273926
2025-10-16,SKU054,7,6.089704,0.9102959632873535
2025-10-17,SKU054,6,6.877436,0.8774361610412598
2025-10-18,SKU054,9,7.933085,1.0669150352478027
2025-10-19,SKU054,12,8.061499,3.9385013580322266
2025-10-20,SKU054,7,6.605572,0.3944277763366699
2025-10-21,SKU054,5,8.595757,3.5957565307617188
2025-10-22,SKU054,9,8.509422,0.49057769775390625
2025-10-23,SKU054,9,9.058651,0.058650970458984375
2025-10-24,SKU054,10,10.782235,0.7822351455688477
2025-10-25,SKU054,7,10.7952795,3.7952795028686523
2025-10-26,SKU054,20,10.789963,9.210037231445312
2025-10-27,SKU054,6,9.167984,3.1679840087890625
2025-10-28,SKU054,9,9.360848,0.36084842681884766
2025-10-29,SKU054,6,8.303896,2.303895950317383
2025-10-30,SKU054,8,7.587715,0.41228485107421875
2025-10-31,SKU054,10,9.199231,0.8007688522338867
2025-11-01,SKU054,13,8.879247,4.120753288269043
2025-11-02,SKU054,13,10.111526,2.888474464416504
2025-11-03,SKU054,9,8.616171,0.38382911682128906
2025-11-04,SKU054,7,8.207383,1.207383155822754
2025-11-05,SKU054,8,6.882714,1.117286205291748
2025-11-06,SKU054,5,6.585734,1.5857338905334473
2025-11-07,SKU054,5,6.554196,1.5541958808898926
2025-11-08,SKU054,7,7.1291795,0.1291794776916504
2025-11-09,SKU054,7,7.3810334,0.38103342056274414
2025-11-10,SKU054,4,6.067282,2.067282199859619
2025-11-11,SKU054,5,5.967803,0.9678030014038086
2025-11-12,SKU054,3,5.7196546,2.7196545600891113
2025-11-13,SKU054,6,5.9119163,0.08808374404907227
2025-11-14,SKU054,6,6.6414332,0.6414332389831543
2025-11-15,SKU054,8,7.449032,0.5509681701660156
2025-11-16,SKU054,7,7.4281526,0.42815256118774414
2025-11-17,SKU054,6,6.0048823,0.004882335662841797
2025-11-18,SKU054,6,6.1201754,0.12017536163330078
2025-11-19,SKU054,6,6.2823515,0.2823514938354492
2025-11-20,SKU054,12,6.3416414,5.658358573913574
2025-11-21,SKU054,15,10.551812,4.448187828063965
2025-11-22,SKU054,11,11.803082,0.8030824661254883
2025-11-23,SKU054,11,12.239979,1.2399787902832031
2025-11-24,SKU054,10,9.329125,0.6708745956420898
2025-11-25,SKU054,9,9.869624,0.869624137878418
2025-11-26,SKU054,8,10.416617,2.4166173934936523
2025-11-27,SKU054,10,9.837403,0.1625967025756836
2025-11-28,SKU054,10,11.196687,1.1966867446899414
2025-11-29,SKU054,10,11.503976,1.5039758682250977
2025-11-30,SKU054,10,11.24471,1.2447099685668945
2025-12-01,SKU054,8,9.052902,1.0529022216796875
2025-12-02,SKU054,11,9.052382,1.947617530822754
2025-12-03,SKU054,8,8.6490555,0.6490554809570312
2025-12-04,SKU054,9,7.596905,1.40309476852417
2025-12-05,SKU054,13,8.457287,4.542713165283203
2025-12-06,SKU054,9,8.723005,0.2769947052001953
2025-12-07,SKU054,6,7.970186,1.9701862335205078
2025-12-08,SKU054,4,6.590757,2.590756893157959
2025-12-09,SKU054,4,6.2901425,2.29014253616333
2025-12-10,SKU054,4,5.787872,1.7878718376159668
2025-12-11,SKU054,6,6.0390215,0.03902149200439453
2025-12-12,SKU054,8,6.734305,1.2656950950622559
2025-12-13,SKU054,7,7.7335563,0.7335562705993652
2025-12-14,SKU054,4,7.84078,3.8407797813415527
2025-12-15,SKU054,5,6.260596,1.2605957984924316
2025-12-16,SKU054,6,6.206156,0.20615577697753906
2025-12-17,SKU054,7,6.1246104,0.875389575958252
2025-12-18,SKU054,6,6.351723,0.35172319412231445
2025-12-19,SKU054,7,7.030622,0.030622005462646484
2025-12-20,SKU054,8,8.068022,0.06802177429199219
2025-12-21,SKU054,6,7.9586754,1.9586753845214844
2025-12-22,SKU054,6,6.0793214,0.07932138442993164
2025-12-23,SKU054,7,6.0484633,0.9515366554260254
2025-12-24,SKU054,6,6.27887,0.2788701057434082
2025-12-25,SKU054,4,6.2723775,2.2723774909973145
2025-12-26,SKU054,9,6.6153693,2.3846306800842285
2025-12-27,SKU054,7,7.829018,0.8290181159973145
2025-12-28,SKU054,7,8.116122,1.1161222457885742
2025-12-29,SKU054,5,6.291322,1.2913222312927246
2025-12-30,SKU054,5,6.0411754,1.041175365447998
2025-12-31,SKU054,8,5.848773,2.1512269973754883
2025-09-20,SKU055,6,6.7492146,0.7492146492004395
2025-09-21,SKU055,5,6.860648,1.8606481552124023
2025-09-22,SKU055,6,5.306039,0.6939611434936523
2025-09-23,SKU055,5,5.2381935,0.23819351196289062
2025-09-24,SKU055,3,5.0114355,2.0114355087280273
2025-09-25,SKU055,5,5.1099057,0.10990571975708008
2025-09-26,SKU055,4,5.7488637,1.748863697052002
2025-09-27,SKU055,5,6.619225,1.619225025177002
2025-09-28,SKU055,6,6.648481,0.6484808921813965
2025-09-29,SKU055,4,5.19437,1.1943697929382324
2025-09-30,SKU055,4,5.0511255,1.0511255264282227
2025-10-01,SKU055,5,4.7778983,0.22210168838500977
2025-10-02,SKU055,6,4.9581842,1.0418157577514648
2025-10-03,SKU055,4,5.5676847,1.5676846504211426
2025-10-04,SKU055,7,6.575459,0.42454099655151367
2025-10-05,SKU055,7,6.830775,0.16922521591186523
2025-10-06,SKU055,9,5.32438,3.6756200790405273
2025-10-07,SKU055,7,5.2936063,1.7063937187194824
2025-10-08,SKU055,7,5.081758,1.9182419776916504
2025-10-09,SKU055,6,5.2760825,0.7239174842834473
2025-10-10,SKU055,6,6.1280456,0.12804555892944336
2025-10-11,SKU055,5,7.482634,2.4826340675354004
2025-10-12,SKU055,9,7.848552,1.1514477729797363
2025-10-13,SKU055,8,6.0921187,1.907881259918213
2025-10-14,SKU055,6,5.9720984,0.027901649475097656
2025-10-15,SKU055,6,5.639448,0.3605518341064453
2025-10-16,SKU055,5,5.854498,0.8544979095458984
2025-10-17,SKU055,6,6.595659,0.5956587791442871
2025-10-18,SKU055,7,7.929071,0.9290709495544434
2025-10-19,SKU055,7,8.324005,1.324005126953125
2025-10-20,SKU055,11,6.408985,4.591014862060547
2025-10-21,SKU055,10,8.412156,1.587843894958496
2025-10-22,SKU055,9,8.624518,0.37548160552978516
2025-10-23,SKU055,5,9.133895,4.133894920349121
2025-10-24,SKU055,7,10.971593,3.971592903137207
2025-10-25,SKU055,10,10.541123,0.5411233901977539
2025-10-26,SKU055,11,10.664096,0.3359041213989258
2025-10-27,SKU055,7,8.783678,1.7836780548095703
2025-10-28,SKU055,10,8.897379,1.102621078491211
2025-10-29,SKU055,9,8.451672,0.5483283996582031
2025-10-30,SKU055,10,7.5153027,2.4846973419189453
2025-10-31,SKU055,7,8.678594,1.678593635559082
2025-11-01,SKU055,8,8.593861,0.5938606262207031
2025-11-02,SKU055,12,9.059829,2.940171241760254
2025-11-03,SKU055,7,7.6004424,0.6004424095153809
2025-11-04,SKU055,7,7.3175893,0.31758928298950195
2025-11-05,SKU055,9,6.6721883,2.3278117179870605
2025-11-06,SKU055,7,6.2520804,0.7479195594787598
2025-11-07,SKU055,7,6.17049,0.8295102119445801
2025-11-08,SKU055,10,6.788263,3.2117371559143066
2025-11-09,SKU055,5,7.181485,2.181485176086426
2025-11-10,SKU055,6,5.9055305,0.09446954727172852
2025-11-11,SKU055,5,5.8373656,0.8373656272888184
2025-11-12,SKU055,7,5.67792,1.322080135345459
2025-11-13,SKU055,5,5.908075,0.9080748558044434
2025-11-14,SKU055,7,6.5504303,0.4495697021484375
2025-11-15,SKU055,7,7.285816,0.2858161926269531
2025-11-16,SKU055,6,7.345816,1.3458161354064941
2025-11-17,SKU055,4,5.848117,1.8481168746948242
2025-11-18,SKU055,5,5.862482,0.8624820709228516
2025-11-19,SKU055,5,6.08746,1.0874600410461426
2025-11-20,SKU055,12,6.0201087,5.979891300201416
2025-11-21,SKU055,9,9.327161,0.3271608352661133
2025-11-22,SKU055,10,10.473353,0.47335338592529297
2025-11-23,SKU055,11,11.165642,0.16564178466796875
2025-11-24,SKU055,6,8.81894,2.8189401626586914
2025-11-25,SKU055,8,9.115659,1.1156587600708008
2025-11-26,SKU055,7,10.091569,3.091568946838379
2025-11-27,SKU055,9,9.712394,0.7123937606811523
2025-11-28,SKU055,14,10.586928,3.413071632385254
2025-11-29,SKU055,9,11.21839,2.218390464782715
2025-11-30,SKU055,7,10.74868,3.7486801147460938
2025-12-01,SKU055,8,8.484811,0.48481082916259766
2025-12-02,SKU055,7,8.693136,1.693136215209961
2025-12-03,SKU055,10,8.616595,1.3834047317504883
2025-12-04,SKU055,4,7.7961535,3.7961535453796387
2025-12-05,SKU055,10,8.11495,1.885049819946289
2025-12-06,SKU055,6,7.7893534,1.789353370666504
2025-12-07,SKU055,9,6.89897,2.101029872894287
2025-12-08,SKU055,6,5.598434,0.4015660285949707
2025-12-09,SKU055,4,5.364356,1.3643560409545898
2025-12-10,SKU055,3,5.2071958,2.20719575881958
2025-12-11,SKU055,6,5.3955283,0.6044716835021973
2025-12-12,SKU055,7,5.98792,1.012080192565918
2025-12-13,SKU055,8,6.704372,1.2956280708312988
2025-12-14,SKU055,5,6.926684,1.9266839027404785
2025-12-15,SKU055,6,5.544854,0.45514583587646484
2025-12-16,SKU055,6,5.552654,0.44734621047973633
2025-12-17,SKU055,5,5.5522795,0.5522794723510742
2025-12-18,SKU055,7,5.760449,1.239551067352295
2025-12-19,SKU055,5,6.2909346,1.2909345626831055
2025-12-20,SKU055,7,6.9842267,0.015773296356201172
2025-12-21,SKU055,9,6.968881,2.031118869781494
2025-12-22,SKU055,6,5.464016,0.5359840393066406
2025-12-23,SKU055,6,5.625797,0.3742032051086426
2025-12-24,SKU055,4,5.8638177,1.8638176918029785
2025-12-25,SKU055,8,5.895526,2.1044740676879883
2025-12-26,SKU055,8,6.3548775,1.6451225280761719
2025-12-27,SKU055,8,7.172236,0.8277640342712402
2025-12-28,SKU055,8,7.3942666,0.6057333946228027
2025-12-29,SKU055,5,5.7629743,0.7629742622375488
2025-12-30,SKU055,5,5.6714635,0.6714634895324707
2025-12-31,SKU055,5,5.7421947,0.742194652557373
2025-09-20,SKU056,9,9.543959,0.5439586639404297
2025-09-21,SKU056,10,9.685575,0.3144254684448242
2025-09-22,SKU056,15,7.7640157,7.2359843254089355
2025-09-23,SKU056,8,8.267095,0.26709461212158203
2025-09-24,SKU056,6,8.011737,2.0117368698120117
2025-09-25,SKU056,7,7.895774,0.8957738876342773
2025-09-26,SKU056,7,8.677869,1.6778688430786133
2025-09-27,SKU056,10,9.876232,0.12376785278320312
2025-09-28,SKU056,4,10.190965,6.190964698791504
2025-09-29,SKU056,8,8.042921,0.04292106628417969
2025-09-30,SKU056,6,8.052394,2.052393913269043
2025-10-01,SKU056,8,7.63991,0.3600897789001465
2025-10-02,SKU056,11,7.8450494,3.1549506187438965
2025-10-03,SKU056,10,8.968514,1.0314855575561523
2025-10-04,SKU056,12,10.473907,1.526092529296875
2025-10-05,SKU056,8,11.0471325,3.0471324920654297
2025-10-06,SKU056,7,8.664753,1.6647529602050781
2025-10-07,SKU056,6,8.548693,2.5486927032470703
2025-10-08,SKU056,4,8.142244,4.142244338989258
2025-10-09,SKU056,8,8.074224,0.07422447204589844
2025-10-10,SKU056,12,8.927855,3.072145462036133
2025-10-11,SKU056,9,10.533467,1.5334672927856445
2025-10-12,SKU056,10,10.960101,0.9601011276245117
2025-10-13,SKU056,11,8.690399,2.309600830078125
2025-10-14,SKU056,9,8.807793,0.19220733642578125
2025-10-15,SKU056,8,8.538461,0.5384607315063477
2025-10-16,SKU056,9,8.598244,0.40175628662109375
2025-10-17,SKU056,9,9.517682,0.5176820755004883
2025-10-18,SKU056,11,11.08989,0.0898895263671875
2025-10-19,SKU056,13,11.791657,1.2083425521850586
2025-10-20,SKU056,14,9.3392,4.660799980163574
2025-10-21,SKU056,17,11.9416895,5.058310508728027
2025-10-22,SKU056,14,12.298549,1.701451301574707
2025-10-23,SKU056,16,12.824462,3.1755380630493164
2025-10-24,SKU056,9,16.838253,7.838253021240234
2025-10-25,SKU056,12,15.848687,3.848687171936035
2025-10-26,SKU056,16,14.922784,1.0772161483764648
2025-10-27,SKU056,18,12.71103,5.288969993591309
2025-10-28,SKU056,12,13.911897,1.9118967056274414
2025-10-29,SKU056,9,13.213426,4.213425636291504
2025-10-30,SKU056,9,11.634951,2.634950637817383
2025-10-31,SKU056,13,14.403443,1.4034433364868164
2025-11-01,SKU056,13,13.224494,0.22449398040771484
2025-11-02,SKU056,11,14.156989,3.156989097595215
2025-11-03,SKU056,9,11.927386,2.9273862838745117
2025-11-04,SKU056,12,11.690475,0.3095245361328125
2025-11-05,SKU056,14,9.834252,4.16574764251709
2025-11-06,SKU056,8,8.874475,0.8744745254516602
2025-11-07,SKU056,11,9.06696,1.933039665222168
2025-11-08,SKU056,9,10.103782,1.1037817001342773
2025-11-09,SKU056,13,10.426499,2.573500633239746
2025-11-10,SKU056,7,8.60042,1.6004199981689453
2025-11-11,SKU056,8,8.771449,0.771449089050293
2025-11-12,SKU056,8,8.475609,0.47560882568359375
2025-11-13,SKU056,12,8.473927,3.526073455810547
2025-11-14,SKU056,11,9.668288,1.331711769104004
2025-11-15,SKU056,19,10.776752,8.223247528076172
2025-11-16,SKU056,11,11.364469,0.3644685745239258
2025-11-17,SKU056,8,9.391013,1.3910131454467773
2025-11-18,SKU056,5,9.629736,4.629735946655273
2025-11-19,SKU056,8,9.645448,1.6454477310180664
2025-11-20,SKU056,11,9.475708,1.5242919921875
2025-11-21,SKU056,10,13.561036,3.5610361099243164
2025-11-22,SKU056,16,14.076831,1.9231691360473633
2025-11-23,SKU056,21,15.314288,5.685711860656738
2025-11-24,SKU056,13,12.502478,0.49752235412597656
2025-11-25,SKU056,15,12.784436,2.2155637741088867
2025-11-26,SKU056,13,13.618426,0.6184263229370117
2025-11-27,SKU056,18,12.854419,5.145581245422363
2025-11-28,SKU056,13,15.085108,2.0851078033447266
2025-11-29,SKU056,17,15.667476,1.332524299621582
2025-11-30,SKU056,18,14.913725,3.086275100708008
2025-12-01,SKU056,10,12.867103,2.86710262298584
2025-12-02,SKU056,8,13.483382,5.483382225036621
2025-12-03,SKU056,12,13.535218,1.5352182388305664
2025-12-04,SKU056,12,12.378647,0.3786468505859375
2025-12-05,SKU056,15,13.52411,1.4758901596069336
2025-12-06,SKU056,10,12.855913,2.8559131622314453
2025-12-07,SKU056,7,11.689463,4.689462661743164
2025-12-08,SKU056,5,9.617082,4.617081642150879
2025-12-09,SKU056,7,9.503728,2.503727912902832
2025-12-10,SKU056,9,8.743204,0.25679588317871094
2025-12-11,SKU056,11,8.798012,2.2019882202148438
2025-12-12,SKU056,10,9.7434845,0.2565155029296875
2025-12-13,SKU056,13,10.829225,2.1707754135131836
2025-12-14,SKU056,11,11.036775,0.036774635314941406
2025-12-15,SKU056,9,9.035721,0.0357208251953125
2025-12-16,SKU056,7,9.017965,2.017965316772461
2025-12-17,SKU056,9,8.944804,0.05519580841064453
2025-12-18,SKU056,10,9.050168,0.9498319625854492
2025-12-19,SKU056,8,10.166921,2.1669206619262695
2025-12-20,SKU056,6,11.330385,5.330385208129883
2025-12-21,SKU056,11,11.166107,0.166107177734375
2025-12-22,SKU056,8,9.042622,1.0426216125488281
2025-12-23,SKU056,7,9.2828045,2.282804489135742
2025-12-24,SKU056,10,9.361386,0.6386137008666992
2025-12-25,SKU056,12,9.254349,2.7456512451171875
2025-12-26,SKU056,9,9.907973,0.9079732894897461
2025-12-27,SKU056,11,10.889136,0.11086368560791016
2025-12-28,SKU056,16,11.044963,4.9550371170043945
2025-12-29,SKU056,8,9.014778,1.0147781372070312
2025-12-30,SKU056,14,8.839827,5.160173416137695
2025-12-31,SKU056,9,9.200915,0.20091533660888672
2025-09-20,SKU057,8,8.542652,0.5426521301269531
2025-09-21,SKU057,6,8.768545,2.768545150756836
2025-09-22,SKU057,5,6.860549,1.860548973083496
2025-09-23,SKU057,5,6.518098,1.5180978775024414
2025-09-24,SKU057,7,6.198623,0.8013768196105957
2025-09-25,SKU057,4,6.32383,2.3238301277160645
2025-09-26,SKU057,9,6.970108,2.0298919677734375
2025-09-27,SKU057,8,8.235422,0.23542213439941406
2025-09-28,SKU057,10,8.517064,1.482935905456543
2025-09-29,SKU057,9,6.762611,2.237389087677002
2025-09-30,SKU057,5,6.689609,1.6896090507507324
2025-10-01,SKU057,6,6.374972,0.374971866607666
2025-10-02,SKU057,8,6.56109,1.4389100074768066
2025-10-03,SKU057,8,7.5107055,0.48929452896118164
2025-10-04,SKU057,9,9.009876,0.009876251220703125
2025-10-05,SKU057,10,9.6384535,0.36154651641845703
2025-10-06,SKU057,8,7.59625,0.403749942779541
2025-10-07,SKU057,7,7.427175,0.42717504501342773
2025-10-08,SKU057,6,7.0922866,1.0922865867614746
2025-10-09,SKU057,11,7.210137,3.789863109588623
2025-10-10,SKU057,9,8.300265,0.6997346878051758
2025-10-11,SKU057,11,9.957929,1.0420713424682617
2025-10-12,SKU057,10,10.886305,0.8863048553466797
2025-10-13,SKU057,7,8.518753,1.5187530517578125
2025-10-14,SKU057,9,8.239554,0.7604455947875977
2025-10-15,SKU057,9,8.000851,0.9991493225097656
2025-10-16,SKU057,7,8.188286,1.1882858276367188
2025-10-17,SKU057,8,9.006639,1.006638526916504
2025-10-18,SKU057,10,10.710291,0.7102909088134766
2025-10-19,SKU057,10,11.651789,1.6517887115478516
2025-10-20,SKU057,10,9.082134,0.9178657531738281
2025-10-21,SKU057,13,11.183269,1.8167314529418945
2025-10-22,SKU057,11,11.637008,0.6370077133178711
2025-10-23,SKU057,17,11.943613,5.056386947631836
2025-10-24,SKU057,13,15.44665,2.4466495513916016
2025-10-25,SKU057,16,14.517623,1.482377052307129
2025-10-26,SKU057,13,14.53093,1.5309295654296875
2025-10-27,SKU057,13,12.117063,0.8829374313354492
2025-10-28,SKU057,10,12.950477,2.95047664642334
2025-10-29,SKU057,12,12.178933,0.17893314361572266
2025-10-30,SKU057,12,10.177146,1.8228540420532227
2025-10-31,SKU057,12,12.689967,0.689967155456543
2025-11-01,SKU057,18,11.899596,6.100403785705566
2025-11-02,SKU057,16,13.279699,2.7203006744384766
2025-11-03,SKU057,11,11.648102,0.648101806640625
2025-11-04,SKU057,10,11.734214,1.7342138290405273
2025-11-05,SKU057,16,9.998332,6.0016679763793945
2025-11-06,SKU057,6,9.16473,3.1647300720214844
2025-11-07,SKU057,10,9.386491,0.6135091781616211
2025-11-08,SKU057,11,10.350608,0.6493921279907227
2025-11-09,SKU057,13,10.550805,2.44919490814209
2025-11-10,SKU057,6,8.735967,2.735966682434082
2025-11-11,SKU057,8,8.850616,0.850616455078125
2025-11-12,SKU057,6,8.5892315,2.589231491088867
2025-11-13,SKU057,12,8.612892,3.3871078491210938
2025-11-14,SKU057,11,9.636833,1.3631668090820312
2025-11-15,SKU057,8,10.668901,2.6689014434814453
2025-11-16,SKU057,10,10.830144,0.830143928527832
2025-11-17,SKU057,10,8.821784,1.1782159805297852
2025-11-18,SKU057,9,9.1867075,0.1867074966430664
2025-11-19,SKU057,9,9.5715475,0.5715475082397461
2025-11-20,SKU057,8,9.506503,1.5065031051635742
2025-11-21,SKU057,18,13.408576,4.591423988342285
2025-11-22,SKU057,22,14.386549,7.61345100402832
2025-11-23,SKU057,12,16.315275,4.315275192260742
2025-11-24,SKU057,9,12.706215,3.7062149047851562
2025-11-25,SKU057,13,12.568103,0.4318971633911133
2025-11-26,SKU057,12,13.962039,1.9620389938354492
2025-11-27,SKU057,12,13.289563,1.2895631790161133
2025-11-28,SKU057,14,14.836972,0.8369722366333008
2025-11-29,SKU057,13,15.432719,2.4327192306518555
2025-11-30,SKU057,13,14.499995,1.499995231628418
2025-12-01,SKU057,9,12.290691,3.290691375732422
2025-12-02,SKU057,10,12.841426,2.841425895690918
2025-12-03,SKU057,12,13.385711,1.3857107162475586
2025-12-04,SKU057,9,12.584458,3.584458351135254
2025-12-05,SKU057,16,13.22487,2.775130271911621
2025-12-06,SKU057,11,11.9534445,0.9534444808959961
2025-12-07,SKU057,8,10.930243,2.9302425384521484
2025-12-08,SKU057,9,9.117886,0.11788558959960938
2025-12-09,SKU057,5,9.139282,4.1392822265625
2025-12-10,SKU057,8,8.468868,0.4688682556152344
2025-12-11,SKU057,17,8.533652,8.466347694396973
2025-12-12,SKU057,7,9.344594,2.3445940017700195
2025-12-13,SKU057,11,10.286855,0.7131452560424805
2025-12-14,SKU057,9,10.464954,1.4649543762207031
2025-12-15,SKU057,9,8.45166,0.54833984375
2025-12-16,SKU057,9,8.669285,0.3307151794433594
2025-12-17,SKU057,9,8.739921,0.26007938385009766
2025-12-18,SKU057,10,8.736042,1.2639579772949219
2025-12-19,SKU057,10,9.53811,0.46189022064208984
2025-12-20,SKU057,10,10.711635,0.711634635925293
2025-12-21,SKU057,10,10.9004755,0.9004755020141602
2025-12-22,SKU057,9,8.611794,0.38820552825927734
2025-12-23,SKU057,5,8.553144,3.5531444549560547
2025-12-24,SKU057,7,8.722171,1.7221708297729492
2025-12-25,SKU057,8,8.580283,0.5802831649780273
2025-12-26,SKU057,9,9.05139,0.05138969421386719
2025-12-27,SKU057,10,10.137013,0.13701343536376953
2025-12-28,SKU057,9,10.43905,1.4390497207641602
2025-12-29,SKU057,10,8.321648,1.6783523559570312
2025-12-30,SKU057,8,8.151809,0.1518087387084961
2025-12-31,SKU057,10,8.22764,1.772359848022461
2025-09-20,SKU058,3,3.8991394,0.899139404296875
2025-09-21,SKU058,2,3.9513545,1.9513545036315918
2025-09-22,SKU058,3,3.308185,0.3081851005554199
2025-09-23,SKU058,2,3.2884078,1.288407802581787
2025-09-24,SKU058,2,3.0171738,1.0171737670898438
2025-09-25,SKU058,3,3.1300335,0.1300334930419922
2025-09-26,SKU058,2,3.3887691,1.3887691497802734
2025-09-27,SKU058,3,3.7696505,0.7696504592895508
2025-09-28,SKU058,4,3.7026968,0.2973031997680664
2025-09-29,SKU058,2,3.174728,1.1747279167175293
2025-09-30,SKU058,3,3.1930494,0.19304943084716797
2025-10-01,SKU058,3,2.9265342,0.07346582412719727
2025-10-02,SKU058,4,3.0275393,0.9724607467651367
2025-10-03,SKU058,3,3.3407784,0.3407783508300781
2025-10-04,SKU058,2,3.8662906,1.86629056930542
2025-10-05,SKU058,5,3.8179727,1.1820273399353027
2025-10-06,SKU058,4,3.2223487,0.777651309967041
2025-10-07,SKU058,3,3.2516394,0.25163936614990234
2025-10-08,SKU058,4,3.0141525,0.9858474731445312
2025-10-09,SKU058,3,3.127812,0.12781190872192383
2025-10-10,SKU058,4,3.4572902,0.5427098274230957
2025-10-11,SKU058,5,4.1508775,0.8491225242614746
2025-10-12,SKU058,4,4.5305486,0.5305485725402832
2025-10-13,SKU058,3,3.7086143,0.7086143493652344
2025-10-14,SKU058,3,3.531351,0.5313510894775391
2025-10-15,SKU058,4,3.2057161,0.7942838668823242
2025-10-16,SKU058,2,3.403244,1.4032440185546875
2025-10-17,SKU058,5,3.8090968,1.1909031867980957
2025-10-18,SKU058,4,4.7908278,0.790827751159668
2025-10-19,SKU058,3,5.071998,2.071998119354248
2025-10-20,SKU058,7,4.136165,2.863834857940674
2025-10-21,SKU058,4,5.1370316,1.1370315551757812
2025-10-22,SKU058,4,4.7367005,0.7367005348205566
2025-10-23,SKU058,6,5.02927,0.9707298278808594
2025-10-24,SKU058,6,6.5422473,0.5422472953796387
2025-10-25,SKU058,5,6.7865376,1.7865376472473145
2025-10-26,SKU058,6,6.7791777,0.7791776657104492
2025-10-27,SKU058,6,5.452516,0.5474839210510254
2025-10-28,SKU058,5,5.4883504,0.48835039138793945
2025-10-29,SKU058,5,4.9000287,0.09997129440307617
2025-10-30,SKU058,5,4.589033,0.4109668731689453
2025-10-31,SKU058,6,5.2231708,0.7768292427062988
2025-11-01,SKU058,7,5.204839,1.7951607704162598
2025-11-02,SKU058,5,5.4533815,0.4533815383911133
2025-11-03,SKU058,3,4.640915,1.6409149169921875
2025-11-04,SKU058,6,4.4079514,1.5920486450195312
2025-11-05,SKU058,6,4.0392356,1.9607644081115723
2025-11-06,SKU058,3,3.9436135,0.9436135292053223
2025-11-07,SKU058,4,3.7897205,0.2102794647216797
2025-11-08,SKU058,4,4.0503645,0.05036449432373047
2025-11-09,SKU058,5,4.12644,0.8735599517822266
2025-11-10,SKU058,3,3.4204173,0.42041730880737305
2025-11-11,SKU058,5,3.4005451,1.5994548797607422
2025-11-12,SKU058,3,3.3518882,0.35188817977905273
2025-11-13,SKU058,3,3.4902773,0.4902772903442383
2025-11-14,SKU058,3,3.7372866,0.7372865676879883
2025-11-15,SKU058,3,4.1817136,1.181713581085205
2025-11-16,SKU058,4,4.252814,0.25281381607055664
2025-11-17,SKU058,3,3.4653778,0.4653778076171875
2025-11-18,SKU058,2,3.5183787,1.518378734588623
2025-11-19,SKU058,3,3.6093202,0.6093201637268066
2025-11-20,SKU058,5,3.6774168,1.3225831985473633
2025-11-21,SKU058,5,5.265983,0.26598310470581055
2025-11-22,SKU058,7,6.209539,0.7904610633850098
2025-11-23,SKU058,4,6.69122,2.6912198066711426
2025-11-24,SKU058,4,5.3745418,1.3745417594909668
2025-11-25,SKU058,6,5.195358,0.8046422004699707
2025-11-26,SKU058,6,5.46085,0.5391502380371094
2025-11-27,SKU058,6,5.2163167,0.7836833000183105
2025-11-28,SKU058,6,5.617435,0.3825650215148926
2025-11-29,SKU058,7,5.9306335,1.069366455078125
2025-11-30,SKU058,5,5.8597217,0.8597216606140137
2025-12-01,SKU058,5,5.0143027,0.014302730560302734
2025-12-02,SKU058,5,4.642733,0.357266902923584
2025-12-03,SKU058,4,4.483142,0.4831418991088867
2025-12-04,SKU058,6,4.262377,1.7376232147216797
2025-12-05,SKU058,5,4.6871605,0.3128395080566406
2025-12-06,SKU058,3,4.812066,1.8120660781860352
2025-12-07,SKU058,4,4.24861,0.2486100196838379
2025-12-08,SKU058,4,3.6128001,0.38719987869262695
2025-12-09,SKU058,4,3.4647784,0.5352215766906738
2025-12-10,SKU058,7,3.4106064,3.5893936157226562
2025-12-11,SKU058,3,3.5390573,0.5390572547912598
2025-12-12,SKU058,4,3.7432475,0.25675249099731445
2025-12-13,SKU058,5,4.094361,0.9056391716003418
2025-12-14,SKU058,5,4.1809525,0.8190474510192871
2025-12-15,SKU058,4,3.5257597,0.4742403030395508
2025-12-16,SKU058,3,3.6294274,0.629427433013916
2025-12-17,SKU058,3,3.6087785,0.6087784767150879
2025-12-18,SKU058,3,3.7402143,0.7402143478393555
2025-12-19,SKU058,5,4.027633,0.9723668098449707
2025-12-20,SKU058,4,4.5551243,0.5551242828369141
2025-12-21,SKU058,6,4.889164,1.1108360290527344
2025-12-22,SKU058,4,4.016629,0.01662921905517578
2025-12-23,SKU058,2,3.7476077,1.747607707977295
2025-12-24,SKU058,3,3.8415813,0.8415813446044922
2025-12-25,SKU058,4,3.9065871,0.09341287612915039
2025-12-26,SKU058,5,4.1074824,0.8925175666809082
2025-12-27,SKU058,4,4.6941957,0.6941957473754883
2025-12-28,SKU058,4,4.9997945,0.9997944831848145
2025-12-29,SKU058,2,4.177729,2.1777291297912598
2025-12-30,SKU058,3,3.700235,0.7002348899841309
2025-12-31,SKU058,3,3.5455098,0.5455098152160645
2025-09-20,SKU059,2,3.6739712,1.673971176147461
2025-09-21,SKU059,3,3.6436548,0.6436548233032227
2025-09-22,SKU059,1,2.972116,1.9721159934997559
2025-09-23,SKU059,2,2.999434,0.9994339942932129
2025-09-24,SKU059,2,2.8473945,0.8473944664001465
2025-09-25,SKU059,2,2.8995194,0.8995194435119629
2025-09-26,SKU059,2,3.1256075,1.1256074905395508
2025-09-27,SKU059,3,3.5874262,0.5874261856079102
2025-09-28,SKU059,3,3.5511785,0.5511784553527832
2025-09-29,SKU059,3,2.92515,0.07485008239746094
2025-09-30,SKU059,2,2.9506984,0.9506983757019043
2025-10-01,SKU059,3,2.8355494,0.16445064544677734
2025-10-02,SKU059,3,2.8987732,0.101226806640625
2025-10-03,SKU059,3,3.1455383,0.145538330078125
2025-10-04,SKU059,3,3.6882248,0.6882247924804688
2025-10-05,SKU059,3,3.7073565,0.7073564529418945
2025-10-06,SKU059,2,3.0063486,1.0063486099243164
2025-10-07,SKU059,3,3.0222855,0.02228546142578125
2025-10-08,SKU059,3,2.8776684,0.12233161926269531
2025-10-09,SKU059,2,2.9492958,0.9492957592010498
2025-10-10,SKU059,2,3.2024632,1.202463150024414
2025-10-11,SKU059,4,3.7268925,0.27310752868652344
2025-10-12,SKU059,4,3.8092465,0.19075345993041992
2025-10-13,SKU059,1,3.081904,2.0819039344787598
2025-10-14,SKU059,2,3.097711,1.0977110862731934
2025-10-15,SKU059,3,2.907433,0.09256696701049805
2025-10-16,SKU059,2,2.965539,0.9655389785766602
2025-10-17,SKU059,3,3.2272286,0.22722864151000977
2025-10-18,SKU059,4,3.7626696,0.23733043670654297
2025-10-19,SKU059,3,3.813158,0.8131580352783203
2025-10-20,SKU059,5,3.1829467,1.8170533180236816
2025-10-21,SKU059,4,3.8723688,0.12763118743896484
2025-10-22,SKU059,5,3.8996778,1.1003222465515137
2025-10-23,SKU059,5,3.9998107,1.0001893043518066
2025-10-24,SKU059,3,4.814037,1.8140368461608887
2025-10-25,SKU059,6,5.15455,0.8454499244689941
2025-10-26,SKU059,5,5.2412033,0.24120330810546875
2025-10-27,SKU059,3,4.367046,1.3670458793640137
2025-10-28,SKU059,4,4.2834067,0.28340673446655273
2025-10-29,SKU059,4,3.9932904,0.006709575653076172
2025-10-30,SKU059,3,3.880856,0.8808560371398926
2025-10-31,SKU059,3,4.2519364,1.251936435699463
2025-11-01,SKU059,4,4.3922644,0.39226436614990234
2025-11-02,SKU059,4,4.532513,0.5325131416320801
2025-11-03,SKU059,5,3.7722912,1.2277088165283203
2025-11-04,SKU059,2,3.829762,1.8297619819641113
2025-11-05,SKU059,4,3.7576156,0.2423844337463379
2025-11-06,SKU059,3,3.6991162,0.6991162300109863
2025-11-07,SKU059,3,3.426672,0.42667198181152344
2025-11-08,SKU059,4,3.4998035,0.5001964569091797
2025-11-09,SKU059,4,3.5828214,0.4171786308288574
2025-11-10,SKU059,3,3.0993972,0.09939718246459961
2025-11-11,SKU059,3,3.0643668,0.06436681747436523
2025-11-12,SKU059,3,3.107719,0.10771894454956055
2025-11-13,SKU059,2,3.2503676,1.2503676414489746
2025-11-14,SKU059,3,3.4587402,0.458740234375
2025-11-15,SKU059,3,3.8289385,0.8289384841918945
2025-11-16,SKU059,4,3.772318,0.22768211364746094
2025-11-17,SKU059,4,3.0516844,0.9483156204223633
2025-11-18,SKU059,3,3.0739522,0.07395219802856445
2025-11-19,SKU059,3,3.3248749,0.3248748779296875
2025-11-20,SKU059,3,3.3760881,0.37608814239501953
2025-11-21,SKU059,3,4.426085,1.4260849952697754
2025-11-22,SKU059,4,5.0925746,1.0925745964050293
2025-11-23,SKU059,6,5.161421,0.8385791778564453
2025-11-24,SKU059,5,4.386727,0.6132731437683105
2025-11-25,SKU059,4,4.2299495,0.2299494743347168
2025-11-26,SKU059,4,4.5905933,0.5905933380126953
2025-11-27,SKU059,4,4.488967,0.4889669418334961
2025-11-28,SKU059,5,4.8507195,0.14928054809570312
2025-11-29,SKU059,5,5.123854,0.12385416030883789
2025-11-30,SKU059,5,5.099216,0.09921598434448242
2025-12-01,SKU059,3,4.2727985,1.2727985382080078
2025-12-02,SKU059,2,4.1788135,2.1788134574890137
2025-12-03,SKU059,4,4.1286964,0.12869644165039062
2025-12-04,SKU059,5,4.024379,0.975621223449707
2025-12-05,SKU059,4,4.346408,0.3464078903198242
2025-12-06,SKU059,3,4.4909124,1.4909124374389648
2025-12-07,SKU059,3,3.9161654,0.9161653518676758
2025-12-08,SKU059,2,3.3924274,1.3924274444580078
2025-12-09,SKU059,3,3.3497944,0.3497943878173828
2025-12-10,SKU059,2,3.3428726,1.3428726196289062
2025-12-11,SKU059,2,3.4324665,1.4324665069580078
2025-12-12,SKU059,3,3.5813699,0.5813698768615723
2025-12-13,SKU059,3,3.776546,0.7765460014343262
2025-12-14,SKU059,3,3.6855597,0.6855597496032715
2025-12-15,SKU059,3,3.188572,0.18857192993164062
2025-12-16,SKU059,3,3.3254037,0.32540369033813477
2025-12-17,SKU059,2,3.4058766,1.405876636505127
2025-12-18,SKU059,2,3.463304,1.463304042816162
2025-12-19,SKU059,3,3.5444455,0.5444455146789551
2025-12-20,SKU059,3,3.7038713,0.7038712501525879
2025-12-21,SKU059,3,3.740571,0.7405710220336914
2025-12-22,SKU059,2,3.0409532,1.0409531593322754
2025-12-23,SKU059,3,3.0617275,0.06172752380371094
2025-12-24,SKU059,3,3.317823,0.3178229331970215
2025-12-25,SKU059,3,3.3464737,0.34647369384765625
2025-12-26,SKU059,4,3.4247732,0.5752267837524414
2025-12-27,SKU059,3,3.6390696,0.6390695571899414
2025-12-28,SKU059,4,3.7268968,0.2731032371520996
2025-12-29,SKU059,2,3.0356123,1.0356123447418213
2025-12-30,SKU059,3,3.0273023,0.027302265167236328
2025-12-31,SKU059,3,2.9837894,0.016210556030273438
2025-09-20,SKU060,7,9.696885,2.696885108947754
2025-09-21,SKU060,10,9.626131,0.3738689422607422
2025-09-22,SKU060,8,7.7046356,0.2953643798828125
2025-09-23,SKU060,5,7.828383,2.828382968902588
2025-09-24,SKU060,7,7.5474124,0.5474123954772949
2025-09-25,SKU060,9,7.5349903,1.4650096893310547
2025-09-26,SKU060,7,8.418051,1.418050765991211
2025-09-27,SKU060,10,9.538842,0.46115779876708984
2025-09-28,SKU060,7,9.680494,2.6804943084716797
2025-09-29,SKU060,8,7.7878885,0.2121114730834961
2025-09-30,SKU060,7,7.842547,0.8425469398498535
2025-10-01,SKU060,9,7.6047873,1.3952126502990723
2025-10-02,SKU060,14,7.8058324,6.194167613983154
2025-10-03,SKU060,12,9.034275,2.9657249450683594
2025-10-04,SKU060,13,10.678685,2.321314811706543
2025-10-05,SKU060,12,11.286547,0.7134532928466797
2025-10-06,SKU060,9,9.01353,0.013529777526855469
2025-10-07,SKU060,10,9.07438,0.9256200790405273
2025-10-08,SKU060,11,8.890528,2.1094722747802734
2025-10-09,SKU060,5,9.07803,4.078029632568359
2025-10-10,SKU060,10,9.766104,0.23389625549316406
2025-10-11,SKU060,12,11.5002985,0.49970149993896484
2025-10-12,SKU060,12,12.231296,0.23129558563232422
2025-10-13,SKU060,8,9.622659,1.6226587295532227
2025-10-14,SKU060,12,9.532197,2.4678030014038086
2025-10-15,SKU060,9,9.540977,0.5409765243530273
2025-10-16,SKU060,6,9.611213,3.611212730407715
2025-10-17,SKU060,13,10.26176,2.7382402420043945
2025-10-18,SKU060,9,12.165625,3.1656246185302734
2025-10-19,SKU060,13,12.613751,0.3862485885620117
2025-10-20,SKU060,18,9.913598,8.08640193939209
2025-10-21,SKU060,12,13.165441,1.165440559387207
2025-10-22,SKU060,18,12.9564495,5.043550491333008
2025-10-23,SKU060,10,14.216325,4.216324806213379
2025-10-24,SKU060,15,18.067894,3.0678939819335938
2025-10-25,SKU060,12,17.2527,5.2527008056640625
2025-10-26,SKU060,8,15.675996,7.675995826721191
2025-10-27,SKU060,15,13.069959,1.9300413131713867
2025-10-28,SKU060,14,14.427257,0.42725658416748047
2025-10-29,SKU060,14,14.377942,0.3779420852661133
2025-10-30,SKU060,17,13.043988,3.9560117721557617
2025-10-31,SKU060,16,15.574931,0.42506885528564453
2025-11-01,SKU060,16,15.642822,0.357177734375
2025-11-02,SKU060,16,15.302702,0.6972980499267578
2025-11-03,SKU060,11,13.147996,2.147995948791504
2025-11-04,SKU060,9,13.363037,4.363037109375
2025-11-05,SKU060,15,10.935977,4.064023017883301
2025-11-06,SKU060,9,9.765515,0.7655153274536133
2025-11-07,SKU060,11,9.999008,1.0009918212890625
2025-11-08,SKU060,15,10.890235,4.10976505279541
2025-11-09,SKU060,9,11.3069315,2.306931495666504
2025-11-10,SKU060,11,9.427508,1.5724916458129883
2025-11-11,SKU060,12,9.704356,2.2956438064575195
2025-11-12,SKU060,8,9.323103,1.3231029510498047
2025-11-13,SKU060,10,9.311748,0.6882524490356445
2025-11-14,SKU060,14,10.615947,3.3840532302856445
2025-11-15,SKU060,11,11.820855,0.8208551406860352
2025-11-16,SKU060,10,11.888774,1.8887739181518555
2025-11-17,SKU060,6,9.751294,3.7512941360473633
2025-11-18,SKU060,8,10.017716,2.017716407775879
2025-11-19,SKU060,11,10.112369,0.8876314163208008
2025-11-20,SKU060,12,9.981635,2.018364906311035
2025-11-21,SKU060,9,14.579679,5.579678535461426
2025-11-22,SKU060,19,14.795104,4.204895973205566
2025-11-23,SKU060,13,16.810856,3.8108558654785156
2025-11-24,SKU060,14,13.359453,0.6405467987060547
2025-11-25,SKU060,15,13.422341,1.5776586532592773
2025-11-26,SKU060,15,14.714452,0.28554821014404297
2025-11-27,SKU060,18,14.018584,3.9814157485961914
2025-11-28,SKU060,15,16.23817,1.2381706237792969
2025-11-29,SKU060,15,16.283987,1.283987045288086
2025-11-30,SKU060,21,15.079833,5.920166969299316
2025-12-01,SKU060,10,13.337289,3.3372888565063477
2025-12-02,SKU060,10,13.803219,3.8032188415527344
2025-12-03,SKU060,10,13.997861,3.997860908508301
2025-12-04,SKU060,14,12.931609,1.0683908462524414
2025-12-05,SKU060,16,14.465219,1.5347814559936523
2025-12-06,SKU060,12,15.069686,3.069685935974121
2025-12-07,SKU060,11,12.73922,1.7392196655273438
2025-12-08,SKU060,10,10.497264,0.49726390838623047
2025-12-09,SKU060,9,10.390722,1.3907222747802734
2025-12-10,SKU060,14,9.605725,4.394274711608887
2025-12-11,SKU060,9,9.561957,0.5619573593139648
2025-12-12,SKU060,10,10.516791,0.5167913436889648
2025-12-13,SKU060,11,11.663023,0.6630229949951172
2025-12-14,SKU060,15,11.608462,3.391537666320801
2025-12-15,SKU060,8,9.6193,1.6192998886108398
2025-12-16,SKU060,8,9.869874,1.8698740005493164
2025-12-17,SKU060,9,9.833455,0.8334550857543945
2025-12-18,SKU060,9,9.992555,0.9925546646118164
2025-12-19,SKU060,10,11.125157,1.125157356262207
2025-12-20,SKU060,10,12.260913,2.2609128952026367
2025-12-21,SKU060,13,12.215548,0.7844524383544922
2025-12-22,SKU060,7,10.076769,3.0767688751220703
2025-12-23,SKU060,10,10.039943,0.03994274139404297
2025-12-24,SKU060,10,10.512275,0.5122747421264648
2025-12-25,SKU060,10,10.335933,0.33593273162841797
2025-12-26,SKU060,12,10.950318,1.0496816635131836
2025-12-27,SKU060,9,12.007237,3.007237434387207
2025-12-28,SKU060,10,11.843715,1.843714714050293
2025-12-29,SKU060,7,9.414875,2.414875030517578
2025-12-30,SKU060,11,9.073878,1.926121711730957
2025-12-31,SKU060,11,9.471307,1.5286931991577148
2025-09-20,SKU061,6,5.749401,0.2505989074707031
2025-09-21,SKU061,4,5.7293572,1.7293572425842285
2025-09-22,SKU061,5,4.798909,0.20109081268310547
2025-09-23,SKU061,5,4.666838,0.3331618309020996
2025-09-24,SKU061,3,4.401852,1.4018521308898926
2025-09-25,SKU061,4,4.583736,0.5837359428405762
2025-09-26,SKU061,5,5.0342064,0.034206390380859375
2025-09-27,SKU061,4,5.875154,1.8751540184020996
2025-09-28,SKU061,4,5.8085084,1.8085083961486816
2025-09-29,SKU061,6,4.7900558,1.209944248199463
2025-09-30,SKU061,3,4.6606717,1.6606717109680176
2025-10-01,SKU061,3,4.333703,1.3337030410766602
2025-10-02,SKU061,7,4.5467906,2.453209400177002
2025-10-03,SKU061,4,5.1228504,1.1228504180908203
2025-10-04,SKU061,7,6.079677,0.9203228950500488
2025-10-05,SKU061,8,6.1694093,1.8305907249450684
2025-10-06,SKU061,6,5.0847883,0.9152116775512695
2025-10-07,SKU061,6,5.0394244,0.9605755805969238
2025-10-08,SKU061,7,4.7883024,2.211697578430176
2025-10-09,SKU061,5,5.0255833,0.025583267211914062
2025-10-10,SKU061,6,5.796948,0.20305204391479492
2025-10-11,SKU061,6,7.0169206,1.016920566558838
2025-10-12,SKU061,6,7.2414465,1.2414464950561523
2025-10-13,SKU061,6,5.8630514,0.1369485855102539
2025-10-14,SKU061,6,5.716532,0.28346776962280273
2025-10-15,SKU061,5,5.506919,0.5069189071655273
2025-10-16,SKU061,6,5.6954145,0.30458545684814453
2025-10-17,SKU061,3,6.4758873,3.4758872985839844
2025-10-18,SKU061,5,7.5254645,2.5254645347595215
2025-10-19,SKU061,6,7.5862193,1.586219310760498
2025-10-20,SKU061,10,6.02198,3.978020191192627
2025-10-21,SKU061,10,8.271401,1.7285985946655273
2025-10-22,SKU061,8,8.083755,0.0837545394897461
2025-10-23,SKU061,3,8.361064,5.3610639572143555
2025-10-24,SKU061,6,10.582089,4.582089424133301
2025-10-25,SKU061,11,10.067636,0.9323644638061523
2025-10-26,SKU061,11,10.035436,0.964564323425293
2025-10-27,SKU061,8,8.603515,0.6035146713256836
2025-10-28,SKU061,6,8.942822,2.9428224563598633
2025-10-29,SKU061,9,8.146752,0.8532476425170898
2025-10-30,SKU061,8,7.1083393,0.8916606903076172
2025-10-31,SKU061,8,8.427998,0.4279975891113281
2025-11-01,SKU061,9,8.381604,0.6183958053588867
2025-11-02,SKU061,20,8.804242,11.195757865905762
2025-11-03,SKU061,8,8.095896,0.09589576721191406
2025-11-04,SKU061,6,7.8449006,1.8449006080627441
2025-11-05,SKU061,8,6.604979,1.3950209617614746
2025-11-06,SKU061,4,6.147701,2.147700786590576
2025-11-07,SKU061,5,6.3567414,1.3567414283752441
2025-11-08,SKU061,5,6.9697843,1.9697842597961426
2025-11-09,SKU061,7,6.9486833,0.05131673812866211
2025-11-10,SKU061,5,5.7190633,0.7190632820129395
2025-11-11,SKU061,5,5.506346,0.5063462257385254
2025-11-12,SKU061,4,5.2230973,1.223097324371338
2025-11-13,SKU061,6,5.331835,0.6681652069091797
2025-11-14,SKU061,6,6.045443,0.045443058013916016
2025-11-15,SKU061,8,6.855312,1.1446881294250488
2025-11-16,SKU061,5,6.805924,1.8059239387512207
2025-11-17,SKU061,6,5.4751997,0.5248003005981445
2025-11-18,SKU061,7,5.3951845,1.6048154830932617
2025-11-19,SKU061,4,5.677523,1.677523136138916
2025-11-20,SKU061,9,5.517274,3.4827260971069336
2025-11-21,SKU061,10,8.808594,1.19140625
2025-11-22,SKU061,8,10.127626,2.127626419067383
2025-11-23,SKU061,8,11.239444,3.239443778991699
2025-11-24,SKU061,8,8.73911,0.739109992980957
2025-11-25,SKU061,10,8.826742,1.173257827758789
2025-11-26,SKU061,8,9.499322,1.4993219375610352
2025-11-27,SKU061,8,8.658709,0.6587085723876953
2025-11-28,SKU061,6,10.070906,4.070905685424805
2025-11-29,SKU061,13,10.221591,2.778409004211426
2025-11-30,SKU061,11,9.968768,1.0312318801879883
2025-12-01,SKU061,7,8.406993,1.4069929122924805
2025-12-02,SKU061,8,8.2225065,0.22250652313232422
2025-12-03,SKU061,7,7.8140554,0.8140554428100586
2025-12-04,SKU061,8,6.847593,1.152407169342041
2025-12-05,SKU061,11,7.646504,3.3534960746765137
2025-12-06,SKU061,6,8.211553,2.211552619934082
2025-12-07,SKU061,6,7.3689227,1.3689227104187012
2025-12-08,SKU061,5,6.087108,1.0871081352233887
2025-12-09,SKU061,6,5.5487666,0.4512333869934082
2025-12-10,SKU061,6,5.0618706,0.9381294250488281
2025-12-11,SKU061,4,5.2642336,1.2642335891723633
2025-12-12,SKU061,6,6.024143,0.024143218994140625
2025-12-13,SKU061,7,6.904919,0.09508085250854492
2025-12-14,SKU061,8,6.981955,1.0180449485778809
2025-12-15,SKU061,4,5.6879153,1.687915325164795
2025-12-16,SKU061,6,5.460377,0.5396227836608887
2025-12-17,SKU061,4,5.1765184,1.176518440246582
2025-12-18,SKU061,5,5.3300633,0.3300633430480957
2025-12-19,SKU061,6,6.030479,0.030478954315185547
2025-12-20,SKU061,7,7.052844,0.05284404754638672
2025-12-21,SKU061,7,7.121594,0.12159395217895508
2025-12-22,SKU061,5,5.5625176,0.5625176429748535
2025-12-23,SKU061,6,5.2917595,0.7082405090332031
2025-12-24,SKU061,3,5.354061,2.3540611267089844
2025-12-25,SKU061,7,5.272054,1.7279458045959473
2025-12-26,SKU061,6,5.854826,0.1451740264892578
2025-12-27,SKU061,7,7.1256204,0.12562036514282227
2025-12-28,SKU061,6,7.717275,1.7172751426696777
2025-12-29,SKU061,7,5.9575233,1.0424766540527344
2025-12-30,SKU061,5,5.5432296,0.5432295799255371
2025-12-31,SKU061,5,5.326449,0.326448917388916
2025-09-20,SKU062,12,12.718912,0.7189121246337891
2025-09-21,SKU062,12,12.744732,0.7447319030761719
2025-09-22,SKU062,9,10.282916,1.2829160690307617
2025-09-23,SKU062,8,10.428445,2.4284448623657227
2025-09-24,SKU062,5,10.080837,5.080837249755859
2025-09-25,SKU062,7,9.878946,2.878946304321289
2025-09-26,SKU062,11,10.578441,0.42155933380126953
2025-09-27,SKU062,13,11.879324,1.120676040649414
2025-09-28,SKU062,11,11.898402,0.898402214050293
2025-09-29,SKU062,11,9.610934,1.3890657424926758
2025-09-30,SKU062,7,9.945713,2.9457130432128906
2025-10-01,SKU062,16,9.64336,6.356639862060547
2025-10-02,SKU062,14,10.108649,3.891350746154785
2025-10-03,SKU062,10,11.384715,1.3847150802612305
2025-10-04,SKU062,13,12.909354,0.09064579010009766
2025-10-05,SKU062,13,13.195952,0.1959524154663086
2025-10-06,SKU062,13,10.482066,2.5179338455200195
2025-10-07,SKU062,15,10.737952,4.26204776763916
2025-10-08,SKU062,11,10.775275,0.22472476959228516
2025-10-09,SKU062,14,10.961291,3.0387086868286133
2025-10-10,SKU062,11,12.572294,1.5722942352294922
2025-10-11,SKU062,18,14.6105175,3.3894824981689453
2025-10-12,SKU062,16,15.55504,0.4449596405029297
2025-10-13,SKU062,15,12.077918,2.92208194732666
2025-10-14,SKU062,17,12.211219,4.78878116607666
2025-10-15,SKU062,28,12.3829365,15.617063522338867
2025-10-16,SKU062,9,13.548127,4.548127174377441
2025-10-17,SKU062,15,14.7207575,0.27924251556396484
2025-10-18,SKU062,16,17.865349,1.8653488159179688
2025-10-19,SKU062,16,18.339996,2.339996337890625
2025-10-20,SKU062,22,13.699841,8.300159454345703
2025-10-21,SKU062,11,17.252909,6.252908706665039
2025-10-22,SKU062,21,17.705177,3.2948226928710938
2025-10-23,SKU062,18,19.927967,1.9279670715332031
2025-10-24,SKU062,26,24.68927,1.31072998046875
2025-10-25,SKU062,20,26.260134,6.260133743286133
2025-10-26,SKU062,23,23.226685,0.2266845703125
2025-10-27,SKU062,20,18.30896,1.6910400390625
2025-10-28,SKU062,16,21.199528,5.199527740478516
2025-10-29,SKU062,20,19.741947,0.2580528259277344
2025-10-30,SKU062,17,17.822111,0.8221111297607422
2025-10-31,SKU062,18,21.102516,3.1025161743164062
2025-11-01,SKU062,23,21.256052,1.743947982788086
2025-11-02,SKU062,18,21.66672,3.666719436645508
2025-11-03,SKU062,18,18.873047,0.873046875
2025-11-04,SKU062,21,18.44604,2.5539608001708984
2025-11-05,SKU062,17,13.545648,3.454352378845215
2025-11-06,SKU062,15,13.432775,1.567225456237793
2025-11-07,SKU062,13,13.149253,0.14925289154052734
2025-11-08,SKU062,16,14.034057,1.9659433364868164
2025-11-09,SKU062,14,15.032102,1.0321016311645508
2025-11-10,SKU062,11,12.77705,1.7770500183105469
2025-11-11,SKU062,10,12.617951,2.6179513931274414
2025-11-12,SKU062,13,12.05367,0.9463300704956055
2025-11-13,SKU062,15,12.300603,2.699397087097168
2025-11-14,SKU062,16,14.20761,1.7923898696899414
2025-11-15,SKU062,12,15.473252,3.473252296447754
2025-11-16,SKU062,11,15.340911,4.340910911560059
2025-11-17,SKU062,4,12.620968,8.620967864990234
2025-11-18,SKU062,11,12.385108,1.3851079940795898
2025-11-19,SKU062,12,12.57564,0.5756397247314453
2025-11-20,SKU062,19,12.80686,6.193140029907227
2025-11-21,SKU062,16,18.74398,2.7439804077148438
2025-11-22,SKU062,27,20.12005,6.879949569702148
2025-11-23,SKU062,21,22.47388,1.4738807678222656
2025-11-24,SKU062,20,16.943516,3.0564842224121094
2025-11-25,SKU062,21,17.084492,3.915508270263672
2025-11-26,SKU062,16,18.352793,2.352792739868164
2025-11-27,SKU062,14,17.788177,3.788177490234375
2025-11-28,SKU062,8,21.299925,13.299924850463867
2025-11-29,SKU062,23,20.740913,2.2590866088867188
2025-11-30,SKU062,18,19.86221,1.8622093200683594
2025-12-01,SKU062,15,16.911219,1.9112186431884766
2025-12-02,SKU062,18,17.646624,0.3533763885498047
2025-12-03,SKU062,17,17.665422,0.6654224395751953
2025-12-04,SKU062,20,16.690298,3.309701919555664
2025-12-05,SKU062,26,18.00649,7.993509292602539
2025-12-06,SKU062,15,17.398098,2.3980979919433594
2025-12-07,SKU062,12,15.06771,3.0677099227905273
2025-12-08,SKU062,10,12.485787,2.4857873916625977
2025-12-09,SKU062,11,12.228133,1.228133201599121
2025-12-10,SKU062,13,11.097165,1.9028348922729492
2025-12-11,SKU062,11,10.949726,0.050273895263671875
2025-12-12,SKU062,12,12.103745,0.1037454605102539
2025-12-13,SKU062,39,13.478179,25.52182102203369
2025-12-14,SKU062,17,14.708808,2.291192054748535
2025-12-15,SKU062,15,12.387692,2.612307548522949
2025-12-16,SKU062,9,12.529033,3.5290327072143555
2025-12-17,SKU062,12,12.551155,0.5511550903320312
2025-12-18,SKU062,16,12.902059,3.0979413986206055
2025-12-19,SKU062,9,14.504797,5.504796981811523
2025-12-20,SKU062,15,15.443751,0.44375133514404297
2025-12-21,SKU062,15,15.371169,0.3711690902709961
2025-12-22,SKU062,11,12.755696,1.7556962966918945
2025-12-23,SKU062,9,12.664546,3.664546012878418
2025-12-24,SKU062,17,12.78185,4.2181501388549805
2025-12-25,SKU062,13,13.186043,0.18604278564453125
2025-12-26,SKU062,19,14.061096,4.93890380859375
2025-12-27,SKU062,14,15.544107,1.544107437133789
2025-12-28,SKU062,16,15.40373,0.5962696075439453
2025-12-29,SKU062,10,12.672718,2.672718048095703
2025-12-30,SKU062,9,12.450448,3.4504480361938477
2025-12-31,SKU062,12,12.525388,0.5253877639770508
2025-09-20,SKU063,14,12.012147,1.9878530502319336
2025-09-21,SKU063,8,12.76531,4.765310287475586
2025-09-22,SKU063,10,9.785372,0.2146282196044922
2025-09-23,SKU063,9,9.78122,0.7812204360961914
2025-09-24,SKU063,9,9.474229,0.4742288589477539
2025-09-25,SKU063,8,9.545835,1.5458345413208008
2025-09-26,SKU063,12,10.451471,1.5485286712646484
2025-09-27,SKU063,18,12.16307,5.836930274963379
2025-09-28,SKU063,9,13.237466,4.237465858459473
2025-09-29,SKU063,10,10.20968,0.20967960357666016
2025-09-30,SKU063,12,10.158834,1.841165542602539
2025-10-01,SKU063,13,9.985403,3.014596939086914
2025-10-02,SKU063,16,10.389681,5.610319137573242
2025-10-03,SKU063,14,12.032575,1.9674253463745117
2025-10-04,SKU063,17,14.46193,2.538069725036621
2025-10-05,SKU063,19,16.279898,2.720102310180664
2025-10-06,SKU063,8,12.305522,4.3055219650268555
2025-10-07,SKU063,12,12.089746,0.08974647521972656
2025-10-08,SKU063,10,11.865763,1.865762710571289
2025-10-09,SKU063,12,11.970991,0.029008865356445312
2025-10-10,SKU063,13,13.230752,0.23075199127197266
2025-10-11,SKU063,20,15.726673,4.273326873779297
2025-10-12,SKU063,15,17.965626,2.965625762939453
2025-10-13,SKU063,13,13.225422,0.22542190551757812
2025-10-14,SKU063,10,12.973041,2.9730405807495117
2025-10-15,SKU063,13,12.6938505,0.3061494827270508
2025-10-16,SKU063,11,12.912326,1.9123258590698242
2025-10-17,SKU063,12,14.118979,2.1189794540405273
2025-10-18,SKU063,15,16.734568,1.734567642211914
2025-10-19,SKU063,12,18.60521,6.6052093505859375
2025-10-20,SKU063,23,13.4245405,9.575459480285645
2025-10-21,SKU063,23,16.135813,6.864187240600586
2025-10-22,SKU063,20,16.995268,3.004732131958008
2025-10-23,SKU063,20,18.099693,1.9003067016601562
2025-10-24,SKU063,28,23.438747,4.561252593994141
2025-10-25,SKU063,22,22.277035,0.2770347595214844
2025-10-26,SKU063,18,23.961372,5.961372375488281
2025-10-27,SKU063,11,19.018002,8.018001556396484
2025-10-28,SKU063,12,19.587345,7.587345123291016
2025-10-29,SKU063,19,16.097164,2.9028358459472656
2025-10-30,SKU063,21,14.476552,6.5234479904174805
2025-10-31,SKU063,16,16.930027,0.9300270080566406
2025-11-01,SKU063,19,16.536028,2.4639720916748047
2025-11-02,SKU063,24,20.710136,3.2898635864257812
2025-11-03,SKU063,13,17.919395,4.919395446777344
2025-11-04,SKU063,21,17.219004,3.780996322631836
2025-11-05,SKU063,18,13.382041,4.617959022521973
2025-11-06,SKU063,14,14.266449,0.266448974609375
2025-11-07,SKU063,17,13.485431,3.5145692825317383
2025-11-08,SKU063,12,14.323165,2.323164939880371
2025-11-09,SKU063,9,15.816729,6.816728591918945
2025-11-10,SKU063,11,12.924207,1.9242067337036133
2025-11-11,SKU063,11,12.6473055,1.6473054885864258
2025-11-12,SKU063,12,12.2786,0.27859973907470703
2025-11-13,SKU063,11,12.433385,1.433384895324707
2025-11-14,SKU063,13,13.925626,0.9256258010864258
2025-11-15,SKU063,18,15.055099,2.944901466369629
2025-11-16,SKU063,13,15.737138,2.737137794494629
2025-11-17,SKU063,8,13.014073,5.014073371887207
2025-11-18,SKU063,8,13.02885,5.0288496017456055
2025-11-19,SKU063,12,13.001993,1.001993179321289
2025-11-20,SKU063,12,12.988785,0.9887847900390625
2025-11-21,SKU063,18,18.02639,0.02639007568359375
2025-11-22,SKU063,9,19.197884,10.197883605957031
2025-11-23,SKU063,19,20.042007,1.0420074462890625
2025-11-24,SKU063,14,16.056715,2.0567150115966797
2025-11-25,SKU063,19,16.560669,2.4393310546875
2025-11-26,SKU063,14,17.54712,3.547119140625
2025-11-27,SKU063,15,17.480816,2.480815887451172
2025-11-28,SKU063,19,19.98353,0.9835300445556641
2025-11-29,SKU063,23,20.090397,2.9096031188964844
2025-11-30,SKU063,18,20.4235,2.4235000610351562
2025-12-01,SKU063,15,17.337875,2.3378753662109375
2025-12-02,SKU063,16,18.035637,2.0356369018554688
2025-12-03,SKU063,17,17.744396,0.7443962097167969
2025-12-04,SKU063,14,17.156458,3.1564579010009766
2025-12-05,SKU063,16,18.775875,2.7758750915527344
2025-12-06,SKU063,9,14.55169,5.551690101623535
2025-12-07,SKU063,13,13.970321,0.9703207015991211
2025-12-08,SKU063,12,11.491066,0.5089340209960938
2025-12-09,SKU063,7,11.559058,4.55905818939209
2025-12-10,SKU063,11,11.018134,0.018134117126464844
2025-12-11,SKU063,12,11.017348,0.9826517105102539
2025-12-12,SKU063,12,12.134662,0.13466167449951172
2025-12-13,SKU063,17,13.338012,3.6619882583618164
2025-12-14,SKU063,12,14.063377,2.0633773803710938
2025-12-15,SKU063,11,11.616393,0.6163930892944336
2025-12-16,SKU063,12,11.629758,0.3702421188354492
2025-12-17,SKU063,10,11.698831,1.6988306045532227
2025-12-18,SKU063,15,11.839188,3.1608123779296875
2025-12-19,SKU063,13,13.086278,0.08627796173095703
2025-12-20,SKU063,13,14.161,1.1610002517700195
2025-12-21,SKU063,12,14.59345,2.593449592590332
2025-12-22,SKU063,7,11.836651,4.836650848388672
2025-12-23,SKU063,10,12.106145,2.106144905090332
2025-12-24,SKU063,9,12.254952,3.2549524307250977
2025-12-25,SKU063,10,12.165353,2.1653528213500977
2025-12-26,SKU063,12,12.718364,0.7183637619018555
2025-12-27,SKU063,12,13.60801,1.6080102920532227
2025-12-28,SKU063,19,13.890532,5.109468460083008
2025-12-29,SKU063,15,11.559569,3.4404306411743164
2025-12-30,SKU063,10,11.644015,1.6440153121948242
2025-12-31,SKU063,10,11.500414,1.5004138946533203
2025-09-20,SKU064,11,9.244942,1.7550582885742188
2025-09-21,SKU064,8,9.4525795,1.4525794982910156
2025-09-22,SKU064,7,7.5637445,0.5637445449829102
2025-09-23,SKU064,7,7.6396604,0.6396603584289551
2025-09-24,SKU064,7,7.2907624,0.29076242446899414
2025-09-25,SKU064,10,7.478543,2.5214571952819824
2025-09-26,SKU064,7,8.510548,1.5105476379394531
2025-09-27,SKU064,8,9.553908,1.553908348083496
2025-09-28,SKU064,4,9.667041,5.667040824890137
2025-09-29,SKU064,8,7.6000147,0.39998531341552734
2025-09-30,SKU064,9,7.5898585,1.4101414680480957
2025-10-01,SKU064,8,7.2708926,0.7291073799133301
2025-10-02,SKU064,5,7.635218,2.6352181434631348
2025-10-03,SKU064,10,8.531844,1.468155860900879
2025-10-04,SKU064,9,9.829827,0.8298273086547852
2025-10-05,SKU064,8,10.105837,2.105836868286133
2025-10-06,SKU064,8,7.970959,0.029040813446044922
2025-10-07,SKU064,11,8.00469,2.995309829711914
2025-10-08,SKU064,7,7.801978,0.8019781112670898
2025-10-09,SKU064,8,8.002787,0.0027866363525390625
2025-10-10,SKU064,10,8.972697,1.0273027420043945
2025-10-11,SKU064,12,10.3814335,1.6185665130615234
2025-10-12,SKU064,8,10.935918,2.935917854309082
2025-10-13,SKU064,11,8.615076,2.3849239349365234
2025-10-14,SKU064,7,8.7157755,1.715775489807129
2025-10-15,SKU064,8,8.326269,0.32626914978027344
2025-10-16,SKU064,8,8.511,0.5109996795654297
2025-10-17,SKU064,10,9.444568,0.5554323196411133
2025-10-18,SKU064,10,10.853208,0.8532075881958008
2025-10-19,SKU064,12,11.38285,0.6171503067016602
2025-10-20,SKU064,17,8.987553,8.012447357177734
2025-10-21,SKU064,14,11.566646,2.433354377746582
2025-10-22,SKU064,12,11.907248,0.09275245666503906
2025-10-23,SKU064,14,12.743676,1.2563238143920898
2025-10-24,SKU064,10,15.448749,5.448748588562012
2025-10-25,SKU064,16,15.169767,0.8302326202392578
2025-10-26,SKU064,19,15.4838705,3.516129493713379
2025-10-27,SKU064,14,12.756261,1.243739128112793
2025-10-28,SKU064,10,13.221278,3.221278190612793
2025-10-29,SKU064,14,12.091695,1.9083051681518555
2025-10-30,SKU064,15,11.122773,3.8772268295288086
2025-10-31,SKU064,16,13.2587805,2.7412195205688477
2025-11-01,SKU064,19,12.636487,6.363512992858887
2025-11-02,SKU064,18,15.1422415,2.8577585220336914
2025-11-03,SKU064,14,12.91554,1.0844602584838867
2025-11-04,SKU064,17,12.444037,4.555962562561035
2025-11-05,SKU064,12,10.223152,1.7768478393554688
2025-11-06,SKU064,8,10.158317,2.1583166122436523
2025-11-07,SKU064,8,9.86776,1.8677597045898438
2025-11-08,SKU064,9,10.731324,1.7313241958618164
2025-11-09,SKU064,10,11.604216,1.6042156219482422
2025-11-10,SKU064,8,9.51814,1.5181398391723633
2025-11-11,SKU064,6,9.456289,3.456289291381836
2025-11-12,SKU064,10,9.200447,0.7995529174804688
2025-11-13,SKU064,6,9.462693,3.462693214416504
2025-11-14,SKU064,9,10.506663,1.5066633224487305
2025-11-15,SKU064,7,11.419669,4.419669151306152
2025-11-16,SKU064,10,11.441464,1.4414644241333008
2025-11-17,SKU064,11,9.386338,1.613661766052246
2025-11-18,SKU064,9,9.844323,0.8443231582641602
2025-11-19,SKU064,11,10.153316,0.846684455871582
2025-11-20,SKU064,10,10.200068,0.20006847381591797
2025-11-21,SKU064,10,14.711846,4.711846351623535
2025-11-22,SKU064,11,15.24396,4.243960380554199
2025-11-23,SKU064,17,15.301457,1.698542594909668
2025-11-24,SKU064,15,12.782177,2.217823028564453
2025-11-25,SKU064,12,13.324332,1.3243322372436523
2025-11-26,SKU064,11,14.052353,3.0523529052734375
2025-11-27,SKU064,13,13.749301,0.7493009567260742
2025-11-28,SKU064,13,15.341356,2.3413562774658203
2025-11-29,SKU064,13,15.676412,2.6764116287231445
2025-11-30,SKU064,11,15.461238,4.461237907409668
2025-12-01,SKU064,16,12.415572,3.584427833557129
2025-12-02,SKU064,12,13.070498,1.0704984664916992
2025-12-03,SKU064,11,12.676708,1.6767082214355469
2025-12-04,SKU064,10,11.496639,1.4966392517089844
2025-12-05,SKU064,13,12.249887,0.7501125335693359
2025-12-06,SKU064,8,11.022983,3.022982597351074
2025-12-07,SKU064,10,10.105947,0.10594654083251953
2025-12-08,SKU064,9,8.337032,0.6629676818847656
2025-12-09,SKU064,6,8.289155,2.2891550064086914
2025-12-10,SKU064,4,7.7234545,3.723454475402832
2025-12-11,SKU064,9,7.8174477,1.1825523376464844
2025-12-12,SKU064,9,8.634484,0.36551570892333984
2025-12-13,SKU064,11,9.50028,1.4997196197509766
2025-12-14,SKU064,9,9.905353,0.9053525924682617
2025-12-15,SKU064,7,8.106923,1.1069231033325195
2025-12-16,SKU064,6,8.380776,2.3807764053344727
2025-12-17,SKU064,10,8.393546,1.6064538955688477
2025-12-18,SKU064,8,8.448288,0.4482879638671875
2025-12-19,SKU064,7,9.145282,2.1452817916870117
2025-12-20,SKU064,9,9.948796,0.948796272277832
2025-12-21,SKU064,14,9.924726,4.075274467468262
2025-12-22,SKU064,12,8.125068,3.874932289123535
2025-12-23,SKU064,7,8.757211,1.7572107315063477
2025-12-24,SKU064,7,8.933515,1.9335145950317383
2025-12-25,SKU064,12,8.69916,3.300840377807617
2025-12-26,SKU064,11,9.339483,1.6605167388916016
2025-12-27,SKU064,12,10.374331,1.6256685256958008
2025-12-28,SKU064,6,10.724835,4.724835395812988
2025-12-29,SKU064,7,8.498544,1.4985437393188477
2025-12-30,SKU064,7,8.32153,1.3215303421020508
2025-12-31,SKU064,8,8.255553,0.2555532455444336
2025-09-20,SKU065,16,12.659435,3.340564727783203
2025-09-21,SKU065,14,13.468475,0.531524658203125
2025-09-22,SKU065,9,10.611229,1.6112289428710938
2025-09-23,SKU065,8,10.583604,2.583603858947754
2025-09-24,SKU065,8,10.268033,2.268033027648926
2025-09-25,SKU065,11,10.430185,0.5698146820068359
2025-09-26,SKU065,13,11.594551,1.4054489135742188
2025-09-27,SKU065,14,13.368758,0.6312417984008789
2025-09-28,SKU065,14,14.107308,0.10730838775634766
2025-09-29,SKU065,6,10.959627,4.959627151489258
2025-09-30,SKU065,10,10.776904,0.7769041061401367
2025-10-01,SKU065,11,10.45212,0.5478801727294922
2025-10-02,SKU065,12,10.787343,1.2126569747924805
2025-10-03,SKU065,16,12.161296,3.8387041091918945
2025-10-04,SKU065,8,14.351426,6.351426124572754
2025-10-05,SKU065,12,14.868298,2.868297576904297
2025-10-06,SKU065,14,11.244797,2.7552032470703125
2025-10-07,SKU065,10,11.200731,1.2007312774658203
2025-10-08,SKU065,11,10.953472,0.046527862548828125
2025-10-09,SKU065,15,11.260951,3.739048957824707
2025-10-10,SKU065,11,12.921346,1.9213457107543945
2025-10-11,SKU065,11,14.884018,3.8840179443359375
2025-10-12,SKU065,15,15.783921,0.7839212417602539
2025-10-13,SKU065,14,11.90606,2.093939781188965
2025-10-14,SKU065,13,11.8087435,1.1912565231323242
2025-10-15,SKU065,12,11.64993,0.3500699996948242
2025-10-16,SKU065,14,12.04301,1.9569902420043945
2025-10-17,SKU065,16,13.655807,2.344193458557129
2025-10-18,SKU065,16,16.150394,0.15039443969726562
2025-10-19,SKU065,18,17.48825,0.511749267578125
2025-10-20,SKU065,34,13.087144,20.912856101989746
2025-10-21,SKU065,17,15.69595,1.3040504455566406
2025-10-22,SKU065,20,16.425085,3.5749149322509766
2025-10-23,SKU065,16,18.724892,2.7248916625976562
2025-10-24,SKU065,23,22.166527,0.8334732055664062
2025-10-25,SKU065,20,22.605627,2.6056270599365234
2025-10-26,SKU065,19,23.715866,4.7158660888671875
2025-10-27,SKU065,21,19.474709,1.5252914428710938
2025-10-28,SKU065,16,19.236988,3.236988067626953
2025-10-29,SKU065,24,15.05474,8.945260047912598
2025-10-30,SKU065,17,16.403385,0.5966148376464844
2025-10-31,SKU065,23,16.32893,6.671070098876953
2025-11-01,SKU065,20,17.412819,2.5871810913085938
2025-11-02,SKU065,21,21.130318,0.13031768798828125
2025-11-03,SKU065,18,18.436148,0.43614768981933594
2025-11-04,SKU065,15,17.10921,2.1092090606689453
2025-11-05,SKU065,19,13.685379,5.3146209716796875
2025-11-06,SKU065,9,15.059775,6.059775352478027
2025-11-07,SKU065,10,13.718898,3.718897819519043
2025-11-08,SKU065,16,14.167573,1.8324270248413086
2025-11-09,SKU065,14,15.367082,1.367081642150879
2025-11-10,SKU065,11,12.884484,1.8844842910766602
2025-11-11,SKU065,15,12.834053,2.1659469604492188
2025-11-12,SKU065,8,12.559443,4.559443473815918
2025-11-13,SKU065,12,12.691016,0.6910161972045898
2025-11-14,SKU065,18,14.224339,3.7756614685058594
2025-11-15,SKU065,12,15.601823,3.601822853088379
2025-11-16,SKU065,13,16.039572,3.039571762084961
2025-11-17,SKU065,12,12.974349,0.9743490219116211
2025-11-18,SKU065,14,13.067796,0.9322042465209961
2025-11-19,SKU065,11,13.267756,2.267756462097168
2025-11-20,SKU065,18,13.24335,4.756649971008301
2025-11-21,SKU065,14,19.362175,5.362174987792969
2025-11-22,SKU065,20,20.359602,0.3596019744873047
2025-11-23,SKU065,14,21.387226,7.387226104736328
2025-11-24,SKU065,17,17.116385,0.11638450622558594
2025-11-25,SKU065,22,16.730297,5.269702911376953
2025-11-26,SKU065,17,18.486584,1.4865837097167969
2025-11-27,SKU065,12,18.28676,6.286760330200195
2025-11-28,SKU065,26,20.476023,5.523977279663086
2025-11-29,SKU065,26,21.100098,4.89990234375
2025-11-30,SKU065,23,22.673237,0.3267631530761719
2025-12-01,SKU065,12,19.237288,7.237287521362305
2025-12-02,SKU065,18,19.200874,1.2008743286132812
2025-12-03,SKU065,12,18.298735,6.298734664916992
2025-12-04,SKU065,15,17.581211,2.5812110900878906
2025-12-05,SKU065,23,17.792393,5.207607269287109
2025-12-06,SKU065,18,15.967544,2.032456398010254
2025-12-07,SKU065,11,15.214529,4.214529037475586
2025-12-08,SKU065,10,13.052924,3.052924156188965
2025-12-09,SKU065,14,12.564773,1.435227394104004
2025-12-10,SKU065,11,11.895976,0.8959760665893555
2025-12-11,SKU065,21,12.026594,8.973405838012695
2025-12-12,SKU065,12,13.519662,1.5196619033813477
2025-12-13,SKU065,17,15.060724,1.9392757415771484
2025-12-14,SKU065,17,15.876035,1.1239652633666992
2025-12-15,SKU065,9,13.140233,4.140233039855957
2025-12-16,SKU065,9,13.214228,4.214227676391602
2025-12-17,SKU065,10,13.181332,3.1813316345214844
2025-12-18,SKU065,12,13.134663,1.1346626281738281
2025-12-19,SKU065,13,13.890707,0.8907070159912109
2025-12-20,SKU065,12,14.844516,2.844515800476074
2025-12-21,SKU065,12,15.144742,3.144742012023926
2025-12-22,SKU065,11,12.477868,1.4778680801391602
2025-12-23,SKU065,13,12.631486,0.3685140609741211
2025-12-24,SKU065,13,12.9779415,0.022058486938476562
2025-12-25,SKU065,14,13.069373,0.9306268692016602
2025-12-26,SKU065,14,13.865894,0.13410568237304688
2025-12-27,SKU065,10,14.807046,4.807045936584473
2025-12-28,SKU065,15,15.050815,0.05081462860107422
2025-12-29,SKU065,10,12.367677,2.3676767349243164
2025-12-30,SKU065,15,12.3171215,2.6828784942626953
2025-12-31,SKU065,10,12.307178,2.3071775436401367
2025-09-20,SKU066,11,8.649657,2.3503427505493164
2025-09-21,SKU066,8,8.974411,0.9744110107421875
2025-09-22,SKU066,7,7.1564693,0.15646934509277344
2025-09-23,SKU066,5,7.118752,2.1187520027160645
2025-09-24,SKU066,6,6.726439,0.7264389991760254
2025-09-25,SKU066,9,6.8599644,2.140035629272461
2025-09-26,SKU066,8,7.7688217,0.23117828369140625
2025-09-27,SKU066,7,8.977948,1.9779481887817383
2025-09-28,SKU066,11,9.220983,1.779017448425293
2025-09-29,SKU066,5,7.3753333,2.375333309173584
2025-09-30,SKU066,6,7.30011,1.30010986328125
2025-10-01,SKU066,5,6.939044,1.9390439987182617
2025-10-02,SKU066,7,7.1069036,0.1069035530090332
2025-10-03,SKU066,11,8.025093,2.9749069213867188
2025-10-04,SKU066,12,9.462809,2.537191390991211
2025-10-05,SKU066,13,10.062947,2.9370527267456055
2025-10-06,SKU066,10,8.063441,1.936558723449707
2025-10-07,SKU066,7,8.145812,1.1458120346069336
2025-10-08,SKU066,7,7.7835364,0.783536434173584
2025-10-09,SKU066,8,7.8778872,0.12211275100708008
2025-10-10,SKU066,7,8.85189,1.8518896102905273
2025-10-11,SKU066,10,10.296878,0.2968778610229492
2025-10-12,SKU066,12,10.994069,1.0059309005737305
2025-10-13,SKU066,7,8.699446,1.6994457244873047
2025-10-14,SKU066,9,8.583335,0.41666507720947266
2025-10-15,SKU066,3,8.286192,5.286191940307617
2025-10-16,SKU066,6,8.2006855,2.200685501098633
2025-10-17,SKU066,10,8.915451,1.0845489501953125
2025-10-18,SKU066,13,10.394975,2.605025291442871
2025-10-19,SKU066,8,11.254313,3.2543134689331055
2025-10-20,SKU066,18,8.78123,9.218770027160645
2025-10-21,SKU066,11,11.273148,0.2731475830078125
2025-10-22,SKU066,12,11.173533,0.8264665603637695
2025-10-23,SKU066,12,11.950402,0.049597740173339844
2025-10-24,SKU066,15,14.89528,0.1047201156616211
2025-10-25,SKU066,19,14.251855,4.74814510345459
2025-10-26,SKU066,16,14.714227,1.2857732772827148
2025-10-27,SKU066,13,12.200454,0.7995462417602539
2025-10-28,SKU066,13,12.895358,0.10464191436767578
2025-10-29,SKU066,13,11.897748,1.1022520065307617
2025-10-30,SKU066,16,10.207999,5.792000770568848
2025-10-31,SKU066,12,12.971875,0.9718751907348633
2025-11-01,SKU066,12,12.3752165,0.3752164840698242
2025-11-02,SKU066,15,14.152813,0.8471870422363281
2025-11-03,SKU066,15,11.922551,3.077448844909668
2025-11-04,SKU066,11,11.963525,0.9635248184204102
2025-11-05,SKU066,12,9.897841,2.102158546447754
2025-11-06,SKU066,8,9.21985,1.2198495864868164
2025-11-07,SKU066,11,9.308839,1.6911611557006836
2025-11-08,SKU066,11,10.235933,0.7640666961669922
2025-11-09,SKU066,7,10.800893,3.8008928298950195
2025-11-10,SKU066,19,8.876638,10.123361587524414
2025-11-11,SKU066,11,9.177628,1.8223724365234375
2025-11-12,SKU066,6,8.860295,2.860295295715332
2025-11-13,SKU066,8,8.970197,0.9701967239379883
2025-11-14,SKU066,9,10.114601,1.1146011352539062
2025-11-15,SKU066,10,11.23925,1.2392501831054688
2025-11-16,SKU066,10,11.465269,1.4652690887451172
2025-11-17,SKU066,9,9.386046,0.3860464096069336
2025-11-18,SKU066,8,9.604441,1.604440689086914
2025-11-19,SKU066,10,10.032634,0.03263378143310547
2025-11-20,SKU066,9,9.83702,0.8370199203491211
2025-11-21,SKU066,17,14.103154,2.896845817565918
2025-11-22,SKU066,15,15.100876,0.1008758544921875
2025-11-23,SKU066,15,16.320827,1.3208274841308594
2025-11-24,SKU066,9,12.798829,3.7988290786743164
2025-11-25,SKU066,12,12.932207,0.9322071075439453
2025-11-26,SKU066,13,14.006007,1.006007194519043
2025-11-27,SKU066,12,13.540908,1.540907859802246
2025-11-28,SKU066,18,14.827949,3.172051429748535
2025-11-29,SKU066,15,15.698314,0.6983137130737305
2025-11-30,SKU066,19,15.111595,3.8884048461914062
2025-12-01,SKU066,14,12.750339,1.2496614456176758
2025-12-02,SKU066,16,13.760918,2.2390823364257812
2025-12-03,SKU066,13,13.820352,0.8203516006469727
2025-12-04,SKU066,11,12.462506,1.4625062942504883
2025-12-05,SKU066,20,13.84064,6.159359931945801
2025-12-06,SKU066,10,12.206499,2.2064990997314453
2025-12-07,SKU066,10,11.574312,1.5743122100830078
2025-12-08,SKU066,10,9.625574,0.37442588806152344
2025-12-09,SKU066,6,9.719949,3.7199487686157227
2025-12-10,SKU066,9,9.3193655,0.3193655014038086
2025-12-11,SKU066,8,9.152348,1.1523475646972656
2025-12-12,SKU066,8,9.953339,1.953338623046875
2025-12-13,SKU066,9,11.048158,2.0481576919555664
2025-12-14,SKU066,9,11.265428,2.265427589416504
2025-12-15,SKU066,8,9.199924,1.1999244689941406
2025-12-16,SKU066,10,9.395498,0.6045017242431641
2025-12-17,SKU066,10,9.4479065,0.552093505859375
2025-12-18,SKU066,6,9.563935,3.5639352798461914
2025-12-19,SKU066,8,10.320621,2.320620536804199
2025-12-20,SKU066,11,11.220187,0.22018718719482422
2025-12-21,SKU066,13,11.471485,1.5285148620605469
2025-12-22,SKU066,6,9.335153,3.3351526260375977
2025-12-23,SKU066,8,9.462033,1.4620332717895508
2025-12-24,SKU066,8,9.678303,1.6783027648925781
2025-12-25,SKU066,10,9.689729,0.3102712631225586
2025-12-26,SKU066,12,10.296378,1.7036218643188477
2025-12-27,SKU066,5,11.310115,6.310114860534668
2025-12-28,SKU066,11,11.2487955,0.2487955093383789
2025-12-29,SKU066,7,8.916442,1.9164419174194336
2025-12-30,SKU066,9,8.929599,0.07040119171142578
2025-12-31,SKU066,6,8.845371,2.8453712463378906
2025-09-20,SKU067,6,8.852312,2.8523120880126953
2025-09-21,SKU067,9,8.691713,0.3082866668701172
2025-09-22,SKU067,5,7.042702,2.0427021980285645
2025-09-23,SKU067,4,7.168292,3.1682920455932617
2025-09-24,SKU067,6,6.7762384,0.7762384414672852
2025-09-25,SKU067,7,6.907191,0.09280920028686523
2025-09-26,SKU067,8,7.741047,0.2589530944824219
2025-09-27,SKU067,9,8.737092,0.2629079818725586
2025-09-28,SKU067,8,8.740452,0.7404518127441406
2025-09-29,SKU067,6,7.0924926,1.0924925804138184
2025-09-30,SKU067,6,7.2088213,1.2088212966918945
2025-10-01,SKU067,7,6.8419003,0.15809965133666992
2025-10-02,SKU067,8,7.131223,0.868776798248291
2025-10-03,SKU067,14,8.0535145,5.94648551940918
2025-10-04,SKU067,7,9.51567,2.515669822692871
2025-10-05,SKU067,10,9.390503,0.6094970703125
2025-10-06,SKU067,11,7.6106267,3.389373302459717
2025-10-07,SKU067,7,7.992468,0.9924678802490234
2025-10-08,SKU067,10,7.66968,2.330319881439209
2025-10-09,SKU067,5,7.9720087,2.97200870513916
2025-10-10,SKU067,10,8.8152895,1.1847105026245117
2025-10-11,SKU067,13,10.248357,2.751643180847168
2025-10-12,SKU067,13,10.624854,2.37514591217041
2025-10-13,SKU067,10,8.6286545,1.3713455200195312
2025-10-14,SKU067,7,8.846961,1.8469610214233398
2025-10-15,SKU067,12,8.447567,3.5524330139160156
2025-10-16,SKU067,8,8.795188,0.7951879501342773
2025-10-17,SKU067,12,9.674756,2.3252439498901367
2025-10-18,SKU067,10,11.259228,1.2592277526855469
2025-10-19,SKU067,8,11.544772,3.544772148132324
2025-10-20,SKU067,14,9.146616,4.853384017944336
2025-10-21,SKU067,11,12.046345,1.0463447570800781
2025-10-22,SKU067,12,12.1693735,0.1693735122680664
2025-10-23,SKU067,8,12.917827,4.9178266525268555
2025-10-24,SKU067,7,15.452859,8.452858924865723
2025-10-25,SKU067,15,14.778707,0.22129344940185547
2025-10-26,SKU067,15,14.418035,0.581965446472168
2025-10-27,SKU067,15,12.247057,2.7529430389404297
2025-10-28,SKU067,12,13.096131,1.0961313247680664
2025-10-29,SKU067,13,12.456038,0.5439615249633789
2025-10-30,SKU067,13,11.360356,1.639643669128418
2025-10-31,SKU067,10,13.877202,3.877202033996582
2025-11-01,SKU067,11,13.165676,2.1656761169433594
2025-11-02,SKU067,16,13.88245,2.1175498962402344
2025-11-03,SKU067,9,11.6671,2.667099952697754
2025-11-04,SKU067,13,11.51316,1.4868402481079102
2025-11-05,SKU067,13,9.393997,3.6060028076171875
2025-11-06,SKU067,6,8.591848,2.591848373413086
2025-11-07,SKU067,7,8.629355,1.6293554306030273
2025-11-08,SKU067,10,9.447139,0.552861213684082
2025-11-09,SKU067,8,9.939231,1.9392309188842773
2025-11-10,SKU067,8,8.147413,0.1474132537841797
2025-11-11,SKU067,8,8.166844,0.16684436798095703
2025-11-12,SKU067,8,7.797915,0.20208501815795898
2025-11-13,SKU067,7,7.9191933,0.9191932678222656
2025-11-14,SKU067,11,8.961687,2.0383129119873047
2025-11-15,SKU067,11,9.958409,1.041590690612793
2025-11-16,SKU067,11,10.085581,0.9144191741943359
2025-11-17,SKU067,11,8.275576,2.724424362182617
2025-11-18,SKU067,9,8.670216,0.3297843933105469
2025-11-19,SKU067,8,9.09859,1.0985898971557617
2025-11-20,SKU067,12,8.987237,3.012763023376465
2025-11-21,SKU067,10,13.730409,3.7304086685180664
2025-11-22,SKU067,15,14.444177,0.5558233261108398
2025-11-23,SKU067,13,15.344835,2.3448352813720703
2025-11-24,SKU067,14,11.986617,2.013382911682129
2025-11-25,SKU067,9,12.445354,3.445354461669922
2025-11-26,SKU067,12,13.1488905,1.148890495300293
2025-11-27,SKU067,11,12.640924,1.6409244537353516
2025-11-28,SKU067,11,14.01847,3.01846981048584
2025-11-29,SKU067,10,14.467354,4.467353820800781
2025-11-30,SKU067,12,13.628327,1.6283273696899414
2025-12-01,SKU067,14,11.298608,2.70139217376709
2025-12-02,SKU067,11,12.239993,1.2399930953979492
2025-12-03,SKU067,12,11.998288,0.0017118453979492188
2025-12-04,SKU067,10,10.796747,0.7967472076416016
2025-12-05,SKU067,16,12.080966,3.919034004211426
2025-12-06,SKU067,7,11.807891,4.807890892028809
2025-12-07,SKU067,10,10.487509,0.48750877380371094
2025-12-08,SKU067,8,8.6248,0.6247997283935547
2025-12-09,SKU067,7,8.413967,1.4139671325683594
2025-12-10,SKU067,9,7.65213,1.347869873046875
2025-12-11,SKU067,8,7.7528462,0.24715375900268555
2025-12-12,SKU067,11,8.648496,2.351504325866699
2025-12-13,SKU067,8,9.806773,1.8067731857299805
2025-12-14,SKU067,10,9.967391,0.032608985900878906
2025-12-15,SKU067,9,8.152101,0.8478994369506836
2025-12-16,SKU067,7,8.4072,1.4071998596191406
2025-12-17,SKU067,6,8.420759,2.4207592010498047
2025-12-18,SKU067,10,8.33556,1.6644401550292969
2025-12-19,SKU067,7,9.212107,2.212106704711914
2025-12-20,SKU067,8,10.197307,2.1973066329956055
2025-12-21,SKU067,9,10.074626,1.0746259689331055
2025-12-22,SKU067,8,8.091101,0.09110069274902344
2025-12-23,SKU067,7,8.161501,1.1615009307861328
2025-12-24,SKU067,8,8.457092,0.45709228515625
2025-12-25,SKU067,9,8.357853,0.6421470642089844
2025-12-26,SKU067,9,9.081197,0.08119678497314453
2025-12-27,SKU067,11,10.179686,0.8203144073486328
2025-12-28,SKU067,14,10.571968,3.4280319213867188
2025-12-29,SKU067,8,8.6112385,0.6112384796142578
2025-12-30,SKU067,8,8.543873,0.5438728332519531
2025-12-31,SKU067,8,8.576817,0.5768165588378906
2025-09-20,SKU068,4,6.641559,2.64155912399292
2025-09-21,SKU068,6,6.521893,0.5218930244445801
2025-09-22,SKU068,4,5.2331386,1.2331385612487793
2025-09-23,SKU068,4,5.119679,1.1196789741516113
2025-09-24,SKU068,4,4.901351,0.9013509750366211
2025-09-25,SKU068,2,4.983284,2.9832839965820312
2025-09-26,SKU068,6,5.3936086,0.606391429901123
2025-09-27,SKU068,5,6.355402,1.3554019927978516
2025-09-28,SKU068,4,6.3088765,2.3088765144348145
2025-09-29,SKU068,5,5.095609,0.09560918807983398
2025-09-30,SKU068,4,4.9260325,0.926032543182373
2025-10-01,SKU068,7,4.6354795,2.36452054977417
2025-10-02,SKU068,5,4.8583856,0.14161443710327148
2025-10-03,SKU068,4,5.4347205,1.434720516204834
2025-10-04,SKU068,11,6.4706464,4.529353618621826
2025-10-05,SKU068,7,6.8626237,0.1373763084411621
2025-10-06,SKU068,4,5.6798368,1.6798367500305176
2025-10-07,SKU068,5,5.402511,0.4025111198425293
2025-10-08,SKU068,6,5.1463237,0.8536763191223145
2025-10-09,SKU068,5,5.3505373,0.3505373001098633
2025-10-10,SKU068,6,6.0914826,0.09148263931274414
2025-10-11,SKU068,8,7.269318,0.7306818962097168
2025-10-12,SKU068,7,7.591473,0.5914731025695801
2025-10-13,SKU068,3,6.089317,3.0893168449401855
2025-10-14,SKU068,4,5.7732506,1.7732505798339844
2025-10-15,SKU068,6,5.4617977,0.5382022857666016
2025-10-16,SKU068,8,5.6192183,2.380781650543213
2025-10-17,SKU068,6,6.4428434,0.4428434371948242
2025-10-18,SKU068,7,7.6763263,0.6763262748718262
2025-10-19,SKU068,8,7.9109554,0.08904457092285156
2025-10-20,SKU068,9,6.3409634,2.659036636352539
2025-10-21,SKU068,11,8.41905,2.5809497833251953
2025-10-22,SKU068,7,8.411098,1.411097526550293
2025-10-23,SKU068,8,8.6263895,0.6263895034790039
2025-10-24,SKU068,6,11.360077,5.360076904296875
2025-10-25,SKU068,10,10.73507,0.7350702285766602
2025-10-26,SKU068,11,10.420772,0.579228401184082
2025-10-27,SKU068,7,9.044124,2.044123649597168
2025-10-28,SKU068,11,9.398129,1.6018705368041992
2025-10-29,SKU068,11,8.9855385,2.0144615173339844
2025-10-30,SKU068,6,7.82204,1.82204008102417
2025-10-31,SKU068,10,9.196553,0.8034467697143555
2025-11-01,SKU068,9,9.150283,0.1502828598022461
2025-11-02,SKU068,9,9.577252,0.5772523880004883
2025-11-03,SKU068,9,8.3199005,0.6800994873046875
2025-11-04,SKU068,9,8.002297,0.9977025985717773
2025-11-05,SKU068,7,6.9115157,0.08848428726196289
2025-11-06,SKU068,7,6.350953,0.6490468978881836
2025-11-07,SKU068,7,6.53729,0.462709903717041
2025-11-08,SKU068,6,7.223149,1.2231488227844238
2025-11-09,SKU068,8,7.285237,0.7147631645202637
2025-11-10,SKU068,7,6.0722857,0.9277143478393555
2025-11-11,SKU068,6,5.8932576,0.10674238204956055
2025-11-12,SKU068,3,5.5731854,2.573185443878174
2025-11-13,SKU068,6,5.720867,0.2791328430175781
2025-11-14,SKU068,6,6.4867754,0.48677539825439453
2025-11-15,SKU068,7,7.277537,0.27753686904907227
2025-11-16,SKU068,8,7.139995,0.8600049018859863
2025-11-17,SKU068,6,5.8029313,0.1970686912536621
2025-11-18,SKU068,5,5.7443185,0.7443184852600098
2025-11-19,SKU068,6,5.903553,0.09644699096679688
2025-11-20,SKU068,8,5.8144116,2.1855883598327637
2025-11-21,SKU068,8,9.035157,1.0351572036743164
2025-11-22,SKU068,11,10.074567,0.9254331588745117
2025-11-23,SKU068,8,11.414845,3.4148454666137695
2025-11-24,SKU068,8,9.043343,1.0433425903320312
2025-11-25,SKU068,7,9.026733,2.0267333984375
2025-11-26,SKU068,7,9.505296,2.505295753479004
2025-11-27,SKU068,9,8.692585,0.3074150085449219
2025-11-28,SKU068,7,10.041121,3.0411205291748047
2025-11-29,SKU068,10,10.26204,0.2620401382446289
2025-11-30,SKU068,15,9.957974,5.042025566101074
2025-12-01,SKU068,8,8.684012,0.6840124130249023
2025-12-02,SKU068,8,8.69067,0.6906700134277344
2025-12-03,SKU068,7,8.290821,1.2908210754394531
2025-12-04,SKU068,6,7.211189,1.211188793182373
2025-12-05,SKU068,9,8.090427,0.9095726013183594
2025-12-06,SKU068,6,8.673303,2.67330265045166
2025-12-07,SKU068,5,7.587548,2.587547779083252
2025-12-08,SKU068,5,6.117314,1.1173138618469238
2025-12-09,SKU068,7,5.483242,1.5167579650878906
2025-12-10,SKU068,4,5.0135264,1.013526439666748
2025-12-11,SKU068,5,5.16225,0.16225004196166992
2025-12-12,SKU068,8,5.8378944,2.1621055603027344
2025-12-13,SKU068,5,6.7847652,1.7847652435302734
2025-12-14,SKU068,7,6.8195367,0.18046331405639648
2025-12-15,SKU068,7,5.4302435,1.5697565078735352
2025-12-16,SKU068,5,5.2566404,0.2566404342651367
2025-12-17,SKU068,5,4.936599,0.0634012222290039
2025-12-18,SKU068,4,5.0421295,1.0421295166015625
2025-12-19,SKU068,5,5.7484727,0.7484726905822754
2025-12-20,SKU068,7,6.803433,0.19656705856323242
2025-12-21,SKU068,6,6.9378963,0.9378962516784668
2025-12-22,SKU068,6,5.414736,0.5852642059326172
2025-12-23,SKU068,7,5.1468678,1.8531322479248047
2025-12-24,SKU068,5,5.1112037,0.11120367050170898
2025-12-25,SKU068,7,5.159999,1.840001106262207
2025-12-26,SKU068,5,5.844479,0.8444790840148926
2025-12-27,SKU068,8,7.161421,0.8385791778564453
2025-12-28,SKU068,5,7.9423594,2.942359447479248
2025-12-29,SKU068,6,6.0964794,0.09647941589355469
2025-12-30,SKU068,5,5.457044,0.4570441246032715
2025-12-31,SKU068,6,5.2576137,0.7423863410949707
2025-09-20,SKU069,13,11.56369,1.436309814453125
2025-09-21,SKU069,14,11.865746,2.1342544555664062
2025-09-22,SKU069,6,9.515091,3.5150909423828125
2025-09-23,SKU069,10,9.585141,0.4148588180541992
2025-09-24,SKU069,9,9.2524185,0.25241851806640625
2025-09-25,SKU069,10,9.428559,0.5714406967163086
2025-09-26,SKU069,11,10.431705,0.5682945251464844
2025-09-27,SKU069,11,11.988443,0.9884433746337891
2025-09-28,SKU069,11,12.275594,1.2755937576293945
2025-09-29,SKU069,10,9.802794,0.1972055435180664
2025-09-30,SKU069,8,9.9540205,1.9540205001831055
2025-10-01,SKU069,14,9.608745,4.3912553787231445
2025-10-02,SKU069,10,10.047051,0.047051429748535156
2025-10-03,SKU069,12,11.116754,0.8832464218139648
2025-10-04,SKU069,19,13.063958,5.936041831970215
2025-10-05,SKU069,14,14.251807,0.25180721282958984
2025-10-06,SKU069,12,11.124139,0.8758611679077148
2025-10-07,SKU069,12,11.14025,0.8597497940063477
2025-10-08,SKU069,14,10.945668,3.0543317794799805
2025-10-09,SKU069,9,11.315309,2.3153085708618164
2025-10-10,SKU069,12,12.431188,0.43118762969970703
2025-10-11,SKU069,11,14.62029,3.6202898025512695
2025-10-12,SKU069,16,15.448234,0.5517663955688477
2025-10-13,SKU069,6,11.884179,5.88417911529541
2025-10-14,SKU069,11,11.598809,0.5988092422485352
2025-10-15,SKU069,10,11.273882,1.2738819122314453
2025-10-16,SKU069,17,11.410198,5.589801788330078
2025-10-17,SKU069,16,12.893647,3.1063528060913086
2025-10-18,SKU069,14,15.176677,1.1766767501831055
2025-10-19,SKU069,13,16.401768,3.4017677307128906
2025-10-20,SKU069,17,12.273703,4.726297378540039
2025-10-21,SKU069,12,14.90015,2.9001502990722656
2025-10-22,SKU069,18,15.508677,2.491323471069336
2025-10-23,SKU069,15,16.857336,1.8573360443115234
2025-10-24,SKU069,20,20.35156,0.3515605926513672
2025-10-25,SKU069,21,20.713793,0.2862071990966797
2025-10-26,SKU069,23,20.847746,2.152254104614258
2025-10-27,SKU069,17,17.110548,0.11054801940917969
2025-10-28,SKU069,20,18.397396,1.6026039123535156
2025-10-29,SKU069,16,15.790938,0.2090616226196289
2025-10-30,SKU069,21,14.069133,6.9308671951293945
2025-10-31,SKU069,20,17.401,2.599000930786133
2025-11-01,SKU069,21,15.990803,5.009197235107422
2025-11-02,SKU069,18,20.333866,2.3338661193847656
2025-11-03,SKU069,14,17.260025,3.2600250244140625
2025-11-04,SKU069,12,16.394299,4.394298553466797
2025-11-05,SKU069,20,12.984289,7.015710830688477
2025-11-06,SKU069,12,13.125772,1.125772476196289
2025-11-07,SKU069,20,12.510878,7.48912239074707
2025-11-08,SKU069,14,13.39305,0.6069498062133789
2025-11-09,SKU069,14,14.705674,0.7056741714477539
2025-11-10,SKU069,7,12.15956,5.159560203552246
2025-11-11,SKU069,13,12.141622,0.8583784103393555
2025-11-12,SKU069,12,11.750323,0.24967670440673828
2025-11-13,SKU069,10,12.121361,2.1213607788085938
2025-11-14,SKU069,10,13.674982,3.6749820709228516
2025-11-15,SKU069,16,14.750574,1.2494258880615234
2025-11-16,SKU069,10,14.98893,4.988929748535156
2025-11-17,SKU069,11,12.313075,1.313075065612793
2025-11-18,SKU069,12,12.3459835,0.34598350524902344
2025-11-19,SKU069,11,12.633624,1.6336240768432617
2025-11-20,SKU069,16,12.764837,3.2351627349853516
2025-11-21,SKU069,15,18.501495,3.501495361328125
2025-11-22,SKU069,25,19.525154,5.474845886230469
2025-11-23,SKU069,20,21.271496,1.2714958190917969
2025-11-24,SKU069,19,16.834427,2.1655731201171875
2025-11-25,SKU069,17,16.696272,0.3037281036376953
2025-11-26,SKU069,19,17.926327,1.0736732482910156
2025-11-27,SKU069,20,17.855097,2.1449031829833984
2025-11-28,SKU069,20,20.42703,0.4270305633544922
2025-11-29,SKU069,21,21.402395,0.40239524841308594
2025-11-30,SKU069,23,21.26984,1.7301597595214844
2025-12-01,SKU069,17,17.952316,0.9523162841796875
2025-12-02,SKU069,14,19.015488,5.0154876708984375
2025-12-03,SKU069,17,18.188412,1.1884117126464844
2025-12-04,SKU069,12,17.684162,5.684162139892578
2025-12-05,SKU069,21,19.119404,1.8805961608886719
2025-12-06,SKU069,12,15.748062,3.7480621337890625
2025-12-07,SKU069,9,15.225434,6.225434303283691
2025-12-08,SKU069,11,12.400548,1.400547981262207
2025-12-09,SKU069,11,12.06857,1.0685701370239258
2025-12-10,SKU069,12,11.2938175,0.7061824798583984
2025-12-11,SKU069,10,11.448802,1.4488019943237305
2025-12-12,SKU069,13,12.714593,0.28540706634521484
2025-12-13,SKU069,18,14.04217,3.9578304290771484
2025-12-14,SKU069,12,14.76274,2.762740135192871
2025-12-15,SKU069,16,12.371321,3.6286792755126953
2025-12-16,SKU069,14,12.468969,1.5310306549072266
2025-12-17,SKU069,10,12.782912,2.782912254333496
2025-12-18,SKU069,13,12.899865,0.10013484954833984
2025-12-19,SKU069,13,14.054003,1.0540027618408203
2025-12-20,SKU069,14,15.040457,1.040456771850586
2025-12-21,SKU069,12,15.182502,3.182501792907715
2025-12-22,SKU069,12,12.493844,0.49384403228759766
2025-12-23,SKU069,10,12.58568,2.5856800079345703
2025-12-24,SKU069,8,12.789561,4.7895612716674805
2025-12-25,SKU069,15,12.603684,2.396315574645996
2025-12-26,SKU069,14,13.47725,0.5227499008178711
2025-12-27,SKU069,19,14.35671,4.643289566040039
2025-12-28,SKU069,15,14.845862,0.15413761138916016
2025-12-29,SKU069,12,12.098704,0.09870433807373047
2025-12-30,SKU069,14,11.974988,2.0250120162963867
2025-12-31,SKU069,15,12.032037,2.967963218688965
2025-09-20,SKU070,9,9.255112,0.2551116943359375
2025-09-21,SKU070,8,9.511393,1.511392593383789
2025-09-22,SKU070,5,7.5316467,2.531646728515625
2025-09-23,SKU070,7,7.429143,0.42914295196533203
2025-09-24,SKU070,8,7.104652,0.895348072052002
2025-09-25,SKU070,6,7.283193,1.2831931114196777
2025-09-26,SKU070,9,8.118616,0.8813838958740234
2025-09-27,SKU070,9,9.410649,0.41064929962158203
2025-09-28,SKU070,10,9.722344,0.27765560150146484
2025-09-29,SKU070,7,7.7336965,0.733696460723877
2025-09-30,SKU070,7,7.7350173,0.7350172996520996
2025-10-01,SKU070,6,7.3965135,1.3965134620666504
2025-10-02,SKU070,11,7.5755334,3.424466609954834
2025-10-03,SKU070,14,8.695089,5.304910659790039
2025-10-04,SKU070,13,10.415059,2.5849409103393555
2025-10-05,SKU070,13,11.278286,1.7217140197753906
2025-10-06,SKU070,11,8.917742,2.0822582244873047
2025-10-07,SKU070,8,9.001059,1.001058578491211
2025-10-08,SKU070,9,8.660753,0.3392467498779297
2025-10-09,SKU070,9,8.799183,0.20081710815429688
2025-10-10,SKU070,12,9.853883,2.1461172103881836
2025-10-11,SKU070,10,11.749092,1.7490921020507812
2025-10-12,SKU070,9,12.641328,3.6413278579711914
2025-10-13,SKU070,10,9.740806,0.25919437408447266
2025-10-14,SKU070,9,9.617122,0.617121696472168
2025-10-15,SKU070,8,9.3172455,1.3172454833984375
2025-10-16,SKU070,6,9.445741,3.4457406997680664
2025-10-17,SKU070,7,10.317878,3.317877769470215
2025-10-18,SKU070,12,11.873852,0.12614822387695312
2025-10-19,SKU070,12,12.808016,0.8080158233642578
2025-10-20,SKU070,15,9.888345,5.111655235290527
2025-10-21,SKU070,14,12.406741,1.5932588577270508
2025-10-22,SKU070,12,12.695521,0.695521354675293
2025-10-23,SKU070,15,13.271046,1.7289543151855469
2025-10-24,SKU070,17,16.756939,0.24306106567382812
2025-10-25,SKU070,19,15.982764,3.01723575592041
2025-10-26,SKU070,22,16.619574,5.380426406860352
2025-10-27,SKU070,18,13.869088,4.130911827087402
2025-10-28,SKU070,15,14.973605,0.02639484405517578
2025-10-29,SKU070,14,13.401829,0.5981712341308594
2025-10-30,SKU070,11,11.604319,0.6043186187744141
2025-10-31,SKU070,14,14.6080885,0.608088493347168
2025-11-01,SKU070,16,13.787725,2.2122745513916016
2025-11-02,SKU070,17,16.371365,0.6286354064941406
2025-11-03,SKU070,16,13.743291,2.256709098815918
2025-11-04,SKU070,16,13.826826,2.1731739044189453
2025-11-05,SKU070,10,11.297774,1.297774314880371
2025-11-06,SKU070,6,10.7783,4.7783002853393555
2025-11-07,SKU070,9,10.774585,1.7745847702026367
2025-11-08,SKU070,10,11.4846525,1.4846525192260742
2025-11-09,SKU070,11,11.951471,0.9514713287353516
2025-11-10,SKU070,10,9.77464,0.22535991668701172
2025-11-11,SKU070,10,9.876151,0.12384891510009766
2025-11-12,SKU070,12,9.6300335,2.369966506958008
2025-11-13,SKU070,9,9.80408,0.8040800094604492
2025-11-14,SKU070,10,11.024117,1.0241174697875977
2025-11-15,SKU070,11,12.143003,1.1430034637451172
2025-11-16,SKU070,10,12.520607,2.5206069946289062
2025-11-17,SKU070,8,10.404365,2.404364585876465
2025-11-18,SKU070,9,10.636847,1.6368465423583984
2025-11-19,SKU070,5,10.856761,5.8567609786987305
2025-11-20,SKU070,13,10.6728735,2.3271265029907227
2025-11-21,SKU070,12,15.289059,3.2890586853027344
2025-11-22,SKU070,17,15.662492,1.337508201599121
2025-11-23,SKU070,18,16.826593,1.1734066009521484
2025-11-24,SKU070,16,13.43983,2.5601701736450195
2025-11-25,SKU070,12,13.951417,1.9514169692993164
2025-11-26,SKU070,13,14.520499,1.5204992294311523
2025-11-27,SKU070,15,13.969413,1.0305871963500977
2025-11-28,SKU070,10,15.787383,5.787383079528809
2025-11-29,SKU070,13,16.026348,3.026348114013672
2025-11-30,SKU070,14,15.3294525,1.3294525146484375
2025-12-01,SKU070,8,12.761027,4.7610273361206055
2025-12-02,SKU070,12,13.250509,1.250509262084961
2025-12-03,SKU070,11,13.624901,2.6249008178710938
2025-12-04,SKU070,14,12.345675,1.6543245315551758
2025-12-05,SKU070,15,13.073339,1.9266605377197266
2025-12-06,SKU070,8,11.875197,3.875197410583496
2025-12-07,SKU070,11,10.995118,0.004881858825683594
2025-12-08,SKU070,9,9.120301,0.1203012466430664
2025-12-09,SKU070,7,9.21757,2.2175703048706055
2025-12-10,SKU070,9,8.695284,0.3047161102294922
2025-12-11,SKU070,10,8.687039,1.3129606246948242
2025-12-12,SKU070,11,9.44641,1.5535898208618164
2025-12-13,SKU070,10,10.427199,0.4271993637084961
2025-12-14,SKU070,11,10.712223,0.2877769470214844
2025-12-15,SKU070,14,8.733152,5.266847610473633
2025-12-16,SKU070,6,9.131175,3.1311750411987305
2025-12-17,SKU070,8,9.043387,1.0433874130249023
2025-12-18,SKU070,10,9.049172,0.9508275985717773
2025-12-19,SKU070,10,9.921219,0.0787811279296875
2025-12-20,SKU070,14,11.288421,2.7115793228149414
2025-12-21,SKU070,9,11.577974,2.577974319458008
2025-12-22,SKU070,12,9.264657,2.7353429794311523
2025-12-23,SKU070,6,9.504134,3.504134178161621
2025-12-24,SKU070,7,9.511348,2.511347770690918
2025-12-25,SKU070,13,9.191617,3.808382987976074
2025-12-26,SKU070,13,9.887471,3.1125288009643555
2025-12-27,SKU070,11,11.101093,0.10109329223632812
2025-12-28,SKU070,10,11.48528,1.4852800369262695
2025-12-29,SKU070,10,9.260686,0.739314079284668
2025-12-30,SKU070,8,9.228721,1.2287206649780273
2025-12-31,SKU070,9,9.213834,0.21383380889892578
2025-09-20,SKU071,16,15.531251,0.4687490463256836
2025-09-21,SKU071,17,16.807892,0.192108154296875
2025-09-22,SKU071,9,12.616065,3.61606502532959
2025-09-23,SKU071,16,12.590501,3.409499168395996
2025-09-24,SKU071,14,12.611915,1.3880853652954102
2025-09-25,SKU071,10,12.678403,2.678402900695801
2025-09-26,SKU071,11,13.737425,2.737424850463867
2025-09-27,SKU071,11,16.166092,5.1660919189453125
2025-09-28,SKU071,11,17.190685,6.190685272216797
2025-09-29,SKU071,19,12.609862,6.390137672424316
2025-09-30,SKU071,13,12.823856,0.17614364624023438
2025-10-01,SKU071,11,12.591347,1.5913467407226562
2025-10-02,SKU071,15,12.579287,2.420713424682617
2025-10-03,SKU071,17,14.280955,2.7190446853637695
2025-10-04,SKU071,17,17.447592,0.44759178161621094
2025-10-05,SKU071,22,19.495201,2.5047988891601562
2025-10-06,SKU071,16,14.111045,1.8889551162719727
2025-10-07,SKU071,11,14.368126,3.3681259155273438
2025-10-08,SKU071,15,14.204955,0.7950448989868164
2025-10-09,SKU071,17,14.281725,2.7182750701904297
2025-10-10,SKU071,17,15.825845,1.1741552352905273
2025-10-11,SKU071,12,19.361906,7.361906051635742
2025-10-12,SKU071,22,21.629765,0.3702354431152344
2025-10-13,SKU071,12,15.090668,3.090667724609375
2025-10-14,SKU071,17,15.154908,1.8450918197631836
2025-10-15,SKU071,16,15.310808,0.6891918182373047
2025-10-16,SKU071,11,15.192288,4.192288398742676
2025-10-17,SKU071,46,16.256996,29.743003845214844
2025-10-18,SKU071,18,21.088293,3.0882930755615234
2025-10-19,SKU071,29,21.75947,7.240530014038086
2025-10-20,SKU071,27,16.46612,10.533880233764648
2025-10-21,SKU071,28,20.165932,7.834068298339844
2025-10-22,SKU071,19,20.360632,1.3606319427490234
2025-10-23,SKU071,11,22.567875,11.567874908447266
2025-10-24,SKU071,20,30.918797,10.91879653930664
2025-10-25,SKU071,32,30.739069,1.2609310150146484
2025-10-26,SKU071,28,29.57845,1.5784492492675781
2025-10-27,SKU071,16,24.871502,8.871501922607422
2025-10-28,SKU071,25,26.17268,1.1726799011230469
2025-10-29,SKU071,16,20.50622,4.506219863891602
2025-10-30,SKU071,21,17.889252,3.110748291015625
2025-10-31,SKU071,28,22.501856,5.498144149780273
2025-11-01,SKU071,37,19.929447,17.070552825927734
2025-11-02,SKU071,36,26.461134,9.53886604309082
2025-11-03,SKU071,25,22.748547,2.251453399658203
2025-11-04,SKU071,28,21.253738,6.7462615966796875
2025-11-05,SKU071,17,15.4306345,1.5693655014038086
2025-11-06,SKU071,25,17.308622,7.691377639770508
2025-11-07,SKU071,16,16.706264,0.7062644958496094
2025-11-08,SKU071,17,17.589693,0.5896930694580078
2025-11-09,SKU071,16,19.230465,3.2304649353027344
2025-11-10,SKU071,17,15.388914,1.6110858917236328
2025-11-11,SKU071,13,15.878951,2.878951072692871
2025-11-12,SKU071,20,15.463835,4.536165237426758
2025-11-13,SKU071,21,15.949722,5.0502777099609375
2025-11-14,SKU071,17,18.632595,1.6325950622558594
2025-11-15,SKU071,20,20.989677,0.9896774291992188
2025-11-16,SKU071,17,21.141273,4.141273498535156
2025-11-17,SKU071,12,16.639513,4.63951301574707
2025-11-18,SKU071,13,16.452703,3.4527034759521484
2025-11-19,SKU071,17,16.674791,0.3252086639404297
2025-11-20,SKU071,21,16.499134,4.500865936279297
2025-11-21,SKU071,20,23.124386,3.1243858337402344
2025-11-22,SKU071,15,26.70508,11.705080032348633
2025-11-23,SKU071,34,29.523888,4.476112365722656
2025-11-24,SKU071,32,23.275635,8.724365234375
2025-11-25,SKU071,31,25.165104,5.834896087646484
2025-11-26,SKU071,31,24.209908,6.790092468261719
2025-11-27,SKU071,19,27.224607,8.224607467651367
2025-11-28,SKU071,28,33.087685,5.087684631347656
2025-11-29,SKU071,31,34.874966,3.8749656677246094
2025-11-30,SKU071,22,33.32448,11.324478149414062
2025-12-01,SKU071,30,26.782848,3.217151641845703
2025-12-02,SKU071,29,28.940094,0.059906005859375
2025-12-03,SKU071,27,25.40199,1.5980091094970703
2025-12-04,SKU071,23,26.837425,3.8374252319335938
2025-12-05,SKU071,29,29.140171,0.14017105102539062
2025-12-06,SKU071,17,24.85624,7.856239318847656
2025-12-07,SKU071,29,21.76767,7.232330322265625
2025-12-08,SKU071,10,17.953865,7.953865051269531
2025-12-09,SKU071,17,17.706348,0.7063484191894531
2025-12-10,SKU071,12,16.154964,4.154964447021484
2025-12-11,SKU071,15,15.828512,0.8285121917724609
2025-12-12,SKU071,18,18.457634,0.45763397216796875
2025-12-13,SKU071,26,20.010376,5.9896240234375
2025-12-14,SKU071,16,20.442024,4.442024230957031
2025-12-15,SKU071,16,16.77573,0.7757301330566406
2025-12-16,SKU071,19,16.5527,2.4472999572753906
2025-12-17,SKU071,15,16.872028,1.8720283508300781
2025-12-18,SKU071,14,16.884874,2.8848743438720703
2025-12-19,SKU071,18,18.10096,0.10095977783203125
2025-12-20,SKU071,18,19.355776,1.3557758331298828
2025-12-21,SKU071,24,19.48225,4.517749786376953
2025-12-22,SKU071,15,16.716854,1.7168540954589844
2025-12-23,SKU071,8,16.798193,8.798192977905273
2025-12-24,SKU071,24,16.577164,7.4228363037109375
2025-12-25,SKU071,15,16.625193,1.625192642211914
2025-12-26,SKU071,19,17.46505,1.5349502563476562
2025-12-27,SKU071,19,18.960934,0.039066314697265625
2025-12-28,SKU071,23,19.354338,3.645662307739258
2025-12-29,SKU071,15,16.249268,1.249267578125
2025-12-30,SKU071,15,16.223131,1.2231311798095703
2025-12-31,SKU071,10,16.22285,6.222850799560547
2025-09-20,SKU072,5,5.2698994,0.2698993682861328
2025-09-21,SKU072,4,5.2804503,1.2804503440856934
2025-09-22,SKU072,2,4.3171973,2.317197322845459
2025-09-23,SKU072,2,4.1696115,2.1696114540100098
2025-09-24,SKU072,4,3.8123589,0.18764114379882812
2025-09-25,SKU072,3,4.0090733,1.009073257446289
2025-09-26,SKU072,6,4.5271435,1.4728565216064453
2025-09-27,SKU072,4,5.176728,1.1767277717590332
2025-09-28,SKU072,4,5.1776276,1.1776275634765625
2025-09-29,SKU072,3,4.1777263,1.1777262687683105
2025-09-30,SKU072,3,4.033392,1.0333919525146484
2025-10-01,SKU072,5,3.656633,1.343367099761963
2025-10-02,SKU072,4,3.9266682,0.07333183288574219
2025-10-03,SKU072,6,4.511182,1.4888181686401367
2025-10-04,SKU072,6,5.273177,0.7268228530883789
2025-10-05,SKU072,6,5.3984227,0.6015772819519043
2025-10-06,SKU072,5,4.481512,0.5184879302978516
2025-10-07,SKU072,4,4.441745,0.4417448043823242
2025-10-08,SKU072,5,4.050262,0.9497380256652832
2025-10-09,SKU072,3,4.426343,1.4263429641723633
2025-10-10,SKU072,8,4.9983273,3.0016727447509766
2025-10-11,SKU072,4,6.004522,2.0045218467712402
2025-10-12,SKU072,6,6.1086335,0.10863351821899414
2025-10-13,SKU072,4,4.914145,0.9141449928283691
2025-10-14,SKU072,6,4.8683558,1.1316442489624023
2025-10-15,SKU072,4,4.5844364,0.5844364166259766
2025-10-16,SKU072,3,4.8579197,1.857919692993164
2025-10-17,SKU072,6,5.35193,0.6480698585510254
2025-10-18,SKU072,6,6.4067645,0.40676450729370117
2025-10-19,SKU072,6,6.4820085,0.4820084571838379
2025-10-20,SKU072,7,5.14662,1.8533802032470703
2025-10-21,SKU072,7,6.6527805,0.34721946716308594
2025-10-22,SKU072,5,6.7793803,1.7793803215026855
2025-10-23,SKU072,6,7.1803074,1.180307388305664
2025-10-24,SKU072,9,8.588547,0.4114532470703125
2025-10-25,SKU072,6,8.789898,2.789897918701172
2025-10-26,SKU072,10,8.845721,1.1542787551879883
2025-10-27,SKU072,9,7.0308647,1.9691352844238281
2025-10-28,SKU072,6,7.2207646,1.2207646369934082
2025-10-29,SKU072,6,6.4739647,0.4739646911621094
2025-10-30,SKU072,6,6.037347,0.037346839904785156
2025-10-31,SKU072,5,7.0040097,2.00400972366333
2025-11-01,SKU072,9,6.954634,2.045365810394287
2025-11-02,SKU072,6,7.527414,1.5274138450622559
2025-11-03,SKU072,6,6.102014,0.10201406478881836
2025-11-04,SKU072,8,5.6252413,2.374758720397949
2025-11-05,SKU072,9,5.1423507,3.857649326324463
2025-11-06,SKU072,3,5.047437,2.0474371910095215
2025-11-07,SKU072,7,5.007169,1.9928312301635742
2025-11-08,SKU072,7,5.3848195,1.615180492401123
2025-11-09,SKU072,5,5.5913095,0.5913095474243164
2025-11-10,SKU072,4,4.7598505,0.7598505020141602
2025-11-11,SKU072,3,4.707592,1.7075920104980469
2025-11-12,SKU072,6,4.5637946,1.4362053871154785
2025-11-13,SKU072,6,4.809443,1.1905570030212402
2025-11-14,SKU072,6,5.326501,0.6734991073608398
2025-11-15,SKU072,7,6.1935554,0.8064446449279785
2025-11-16,SKU072,7,6.3384686,0.6615314483642578
2025-11-17,SKU072,5,5.135927,0.1359272003173828
2025-11-18,SKU072,5,5.234537,0.23453712463378906
2025-11-19,SKU072,5,5.271161,0.2711610794067383
2025-11-20,SKU072,8,5.3336353,2.6663646697998047
2025-11-21,SKU072,12,8.555338,3.444662094116211
2025-11-22,SKU072,8,10.099364,2.0993642807006836
2025-11-23,SKU072,9,10.228797,1.2287969589233398
2025-11-24,SKU072,5,7.870296,2.870296001434326
2025-11-25,SKU072,6,8.128978,2.1289777755737305
2025-11-26,SKU072,9,8.840133,0.1598672866821289
2025-11-27,SKU072,7,8.638644,1.6386442184448242
2025-11-28,SKU072,9,9.447434,0.4474344253540039
2025-11-29,SKU072,9,9.829924,0.8299236297607422
2025-11-30,SKU072,7,9.761134,2.761134147644043
2025-12-01,SKU072,4,7.6741586,3.6741585731506348
2025-12-02,SKU072,6,7.3073335,1.3073334693908691
2025-12-03,SKU072,10,7.061262,2.9387378692626953
2025-12-04,SKU072,4,6.5613303,2.5613303184509277
2025-12-05,SKU072,11,6.798833,4.201167106628418
2025-12-06,SKU072,6,6.9191465,0.9191465377807617
2025-12-07,SKU072,6,6.2447953,0.2447953224182129
2025-12-08,SKU072,4,5.1755233,1.175523281097412
2025-12-09,SKU072,7,4.920414,2.0795860290527344
2025-12-10,SKU072,4,4.6999164,0.6999163627624512
2025-12-11,SKU072,5,4.9301176,0.06988239288330078
2025-12-12,SKU072,8,5.3613143,2.638685703277588
2025-12-13,SKU072,5,6.262392,1.2623920440673828
2025-12-14,SKU072,7,6.4165435,0.5834565162658691
2025-12-15,SKU072,6,5.1983557,0.8016443252563477
2025-12-16,SKU072,6,5.2942476,0.7057523727416992
2025-12-17,SKU072,3,5.2281694,2.2281694412231445
2025-12-18,SKU072,5,5.3228636,0.3228635787963867
2025-12-19,SKU072,3,5.8629866,2.8629865646362305
2025-12-20,SKU072,5,6.567014,1.567014217376709
2025-12-21,SKU072,6,6.4652305,0.46523046493530273
2025-12-22,SKU072,4,5.1015916,1.1015915870666504
2025-12-23,SKU072,9,5.0693235,3.9306764602661133
2025-12-24,SKU072,5,5.1605673,0.1605672836303711
2025-12-25,SKU072,6,5.231514,0.7684860229492188
2025-12-26,SKU072,8,5.6154027,2.3845973014831543
2025-12-27,SKU072,6,6.6056976,0.6056976318359375
2025-12-28,SKU072,5,6.927915,1.927915096282959
2025-12-29,SKU072,3,5.3438363,2.3438363075256348
2025-12-30,SKU072,4,5.1946225,1.19462251663208
2025-12-31,SKU072,6,4.9865623,1.0134377479553223
2025-09-20,SKU073,8,9.620458,1.620457649230957
2025-09-21,SKU073,9,9.717592,0.7175922393798828
2025-09-22,SKU073,8,7.733483,0.26651716232299805
2025-09-23,SKU073,9,7.836208,1.1637921333312988
2025-09-24,SKU073,5,7.6973863,2.6973862648010254
2025-09-25,SKU073,5,7.671859,2.671858787536621
2025-09-26,SKU073,8,8.386245,0.3862447738647461
2025-09-27,SKU073,6,9.596905,3.596904754638672
2025-09-28,SKU073,8,9.660502,1.6605024337768555
2025-09-29,SKU073,5,7.6473556,2.647355556488037
2025-09-30,SKU073,6,7.542363,1.542363166809082
2025-10-01,SKU073,6,7.1972995,1.1972994804382324
2025-10-02,SKU073,9,7.3186197,1.681380271911621
2025-10-03,SKU073,8,8.3206,0.3205995559692383
2025-10-04,SKU073,11,9.604941,1.3950586318969727
2025-10-05,SKU073,11,10.072637,0.927363395690918
2025-10-06,SKU073,10,8.060496,1.9395036697387695
2025-10-07,SKU073,9,8.138649,0.8613510131835938
2025-10-08,SKU073,8,7.926456,0.07354402542114258
2025-10-09,SKU073,9,8.003237,0.9967632293701172
2025-10-10,SKU073,8,8.970459,0.970458984375
2025-10-11,SKU073,9,10.511817,1.5118169784545898
2025-10-12,SKU073,7,11.109378,4.109377861022949
2025-10-13,SKU073,10,8.640171,1.3598289489746094
2025-10-14,SKU073,9,8.624846,0.3751535415649414
2025-10-15,SKU073,23,8.391386,14.608613967895508
2025-10-16,SKU073,8,9.10606,1.1060600280761719
2025-10-17,SKU073,7,9.848486,2.8484859466552734
2025-10-18,SKU073,12,11.494512,0.505488395690918
2025-10-19,SKU073,10,12.333285,2.333285331726074
2025-10-20,SKU073,15,9.515495,5.484504699707031
2025-10-21,SKU073,10,12.126048,2.1260480880737305
2025-10-22,SKU073,13,12.171145,0.8288545608520508
2025-10-23,SKU073,6,12.83941,6.839409828186035
2025-10-24,SKU073,12,15.557597,3.5575971603393555
2025-10-25,SKU073,20,15.002242,4.997757911682129
2025-10-26,SKU073,15,14.62751,0.37248992919921875
2025-10-27,SKU073,13,12.459336,0.5406637191772461
2025-10-28,SKU073,7,13.341794,6.341794013977051
2025-10-29,SKU073,11,12.860761,1.8607606887817383
2025-10-30,SKU073,11,11.27913,0.2791299819946289
2025-10-31,SKU073,23,13.567894,9.432106018066406
2025-11-01,SKU073,21,12.875419,8.124581336975098
2025-11-02,SKU073,15,14.251248,0.7487516403198242
2025-11-03,SKU073,11,12.27307,1.2730703353881836
2025-11-04,SKU073,10,12.306787,2.30678653717041
2025-11-05,SKU073,10,10.294654,0.29465389251708984
2025-11-06,SKU073,9,9.249774,0.24977397918701172
2025-11-07,SKU073,8,9.38935,1.3893499374389648
2025-11-08,SKU073,12,10.264071,1.7359285354614258
2025-11-09,SKU073,11,10.572142,0.4278583526611328
2025-11-10,SKU073,9,8.787807,0.21219253540039062
2025-11-11,SKU073,7,9.013505,2.013504981994629
2025-11-12,SKU073,7,8.798677,1.7986774444580078
2025-11-13,SKU073,10,8.746383,1.253617286682129
2025-11-14,SKU073,11,9.793975,1.2060251235961914
2025-11-15,SKU073,10,10.625227,0.6252269744873047
2025-11-16,SKU073,10,10.715088,0.715087890625
2025-11-17,SKU073,10,8.793196,1.2068042755126953
2025-11-18,SKU073,8,9.09428,1.0942802429199219
2025-11-19,SKU073,9,9.438437,0.43843746185302734
2025-11-20,SKU073,15,9.236636,5.763363838195801
2025-11-21,SKU073,22,13.999284,8.000716209411621
2025-11-22,SKU073,14,15.176738,1.1767377853393555
2025-11-23,SKU073,8,17.032488,9.032487869262695
2025-11-24,SKU073,12,12.739835,0.7398347854614258
2025-11-25,SKU073,13,12.895829,0.1041707992553711
2025-11-26,SKU073,16,14.30356,1.6964397430419922
2025-11-27,SKU073,10,13.700068,3.700068473815918
2025-11-28,SKU073,16,15.306794,0.6932058334350586
2025-11-29,SKU073,18,15.813431,2.1865692138671875
2025-11-30,SKU073,14,15.030004,1.030003547668457
2025-12-01,SKU073,9,12.553406,3.55340576171875
2025-12-02,SKU073,11,12.944241,1.9442405700683594
2025-12-03,SKU073,11,13.328286,2.3282861709594727
2025-12-04,SKU073,11,12.114896,1.1148958206176758
2025-12-05,SKU073,15,13.1191435,1.8808565139770508
2025-12-06,SKU073,9,12.556826,3.556825637817383
2025-12-07,SKU073,11,11.285112,0.2851123809814453
2025-12-08,SKU073,9,9.476321,0.4763212203979492
2025-12-09,SKU073,7,9.462737,2.4627370834350586
2025-12-10,SKU073,8,8.807702,0.8077020645141602
2025-12-11,SKU073,8,8.780882,0.7808818817138672
2025-12-12,SKU073,15,9.64465,5.355349540710449
2025-12-13,SKU073,14,10.838235,3.1617650985717773
2025-12-14,SKU073,6,11.150474,5.150473594665527
2025-12-15,SKU073,5,9.017369,4.017369270324707
2025-12-16,SKU073,7,9.022061,2.022061347961426
2025-12-17,SKU073,5,8.987263,3.987262725830078
2025-12-18,SKU073,8,8.912249,0.9122486114501953
2025-12-19,SKU073,12,9.7018,2.2981996536254883
2025-12-20,SKU073,10,10.905129,0.9051294326782227
2025-12-21,SKU073,8,10.809759,2.8097591400146484
2025-12-22,SKU073,7,8.4328375,1.4328374862670898
2025-12-23,SKU073,6,8.349222,2.349222183227539
2025-12-24,SKU073,7,8.825594,1.8255939483642578
2025-12-25,SKU073,9,8.599799,0.40020084381103516
2025-12-26,SKU073,8,9.103955,1.1039552688598633
2025-12-27,SKU073,13,10.036462,2.96353816986084
2025-12-28,SKU073,11,10.476935,0.5230646133422852
2025-12-29,SKU073,10,8.403445,1.5965547561645508
2025-12-30,SKU073,9,8.22086,0.7791404724121094
2025-12-31,SKU073,7,8.341115,1.3411149978637695
2025-09-20,SKU074,13,16.878796,3.878795623779297
2025-09-21,SKU074,16,18.069983,2.0699825286865234
2025-09-22,SKU074,12,13.076247,1.076247215270996
2025-09-23,SKU074,13,13.29758,0.2975797653198242
2025-09-24,SKU074,12,13.408757,1.408757209777832
2025-09-25,SKU074,9,13.122889,4.122888565063477
2025-09-26,SKU074,11,13.886352,2.8863515853881836
2025-09-27,SKU074,27,16.36232,10.637680053710938
2025-09-28,SKU074,10,18.60759,8.607589721679688
2025-09-29,SKU074,12,13.410898,1.410898208618164
2025-09-30,SKU074,13,13.34253,0.3425302505493164
2025-10-01,SKU074,13,13.5498295,0.5498294830322266
2025-10-02,SKU074,14,13.3754425,0.6245574951171875
2025-10-03,SKU074,18,14.556302,3.443697929382324
2025-10-04,SKU074,20,18.156704,1.8432960510253906
2025-10-05,SKU074,21,20.809862,0.1901378631591797
2025-10-06,SKU074,16,14.63377,1.3662300109863281
2025-10-07,SKU074,12,15.114264,3.1142635345458984
2025-10-08,SKU074,16,15.233254,0.7667455673217773
2025-10-09,SKU074,11,14.924264,3.9242639541625977
2025-10-10,SKU074,18,15.719921,2.280078887939453
2025-10-11,SKU074,16,20.287477,4.287477493286133
2025-10-12,SKU074,14,23.729748,9.729747772216797
2025-10-13,SKU074,18,15.916867,2.083132743835449
2025-10-14,SKU074,10,15.921479,5.921479225158691
2025-10-15,SKU074,14,15.842053,1.8420534133911133
2025-10-16,SKU074,16,15.371181,0.628819465637207
2025-10-17,SKU074,13,16.542488,3.5424880981445312
2025-10-18,SKU074,20,20.076624,0.07662391662597656
2025-10-19,SKU074,14,23.901443,9.901443481445312
2025-10-20,SKU074,25,15.993506,9.00649356842041
2025-10-21,SKU074,28,19.348652,8.651348114013672
2025-10-22,SKU074,26,20.607462,5.392538070678711
2025-10-23,SKU074,18,21.790943,3.790943145751953
2025-10-24,SKU074,14,29.545439,15.545438766479492
2025-10-25,SKU074,24,28.891743,4.891742706298828
2025-10-26,SKU074,35,27.661533,7.338466644287109
2025-10-27,SKU074,15,23.054413,8.054412841796875
2025-10-28,SKU074,19,24.132343,5.132343292236328
2025-10-29,SKU074,28,22.036995,5.963005065917969
2025-10-30,SKU074,27,18.517141,8.482858657836914
2025-10-31,SKU074,31,23.231575,7.768424987792969
2025-11-01,SKU074,28,23.82927,4.1707305908203125
2025-11-02,SKU074,29,26.583496,2.41650390625
2025-11-03,SKU074,30,22.560589,7.439411163330078
2025-11-04,SKU074,20,20.975779,0.9757785797119141
2025-11-05,SKU074,23,15.26158,7.738419532775879
2025-11-06,SKU074,13,16.765215,3.7652149200439453
2025-11-07,SKU074,14,15.988967,1.988966941833496
2025-11-08,SKU074,19,17.13123,1.8687705993652344
2025-11-09,SKU074,22,18.888796,3.111204147338867
2025-11-10,SKU074,15,15.290701,0.29070091247558594
2025-11-11,SKU074,15,15.769168,0.7691679000854492
2025-11-12,SKU074,17,15.411767,1.5882329940795898
2025-11-13,SKU074,13,15.345525,2.345524787902832
2025-11-14,SKU074,12,17.892872,5.892871856689453
2025-11-15,SKU074,21,19.64808,1.351919174194336
2025-11-16,SKU074,11,19.657059,8.657058715820312
2025-11-17,SKU074,14,15.918039,1.918039321899414
2025-11-18,SKU074,9,15.914961,6.914960861206055
2025-11-19,SKU074,14,15.818304,1.8183040618896484
2025-11-20,SKU074,22,15.743722,6.256278038024902
2025-11-21,SKU074,23,22.383442,0.6165580749511719
2025-11-22,SKU074,33,24.75448,8.245519638061523
2025-11-23,SKU074,34,29.906456,4.093544006347656
2025-11-24,SKU074,25,24.805685,0.19431495666503906
2025-11-25,SKU074,26,24.51615,1.4838504791259766
2025-11-26,SKU074,21,24.48116,3.481159210205078
2025-11-27,SKU074,21,25.938337,4.938337326049805
2025-11-28,SKU074,26,33.173798,7.173797607421875
2025-11-29,SKU074,32,31.850836,0.14916419982910156
2025-11-30,SKU074,37,32.472095,4.527904510498047
2025-12-01,SKU074,23,25.515665,2.515665054321289
2025-12-02,SKU074,17,27.4223,10.422300338745117
2025-12-03,SKU074,18,25.491913,7.491912841796875
2025-12-04,SKU074,16,24.417225,8.417224884033203
2025-12-05,SKU074,21,26.472822,5.472822189331055
2025-12-06,SKU074,21,21.614777,0.614776611328125
2025-12-07,SKU074,18,21.005915,3.0059146881103516
2025-12-08,SKU074,15,17.635265,2.635265350341797
2025-12-09,SKU074,15,17.452427,2.4524269104003906
2025-12-10,SKU074,12,15.200435,3.200434684753418
2025-12-11,SKU074,12,14.886492,2.8864917755126953
2025-12-12,SKU074,12,17.002783,5.002782821655273
2025-12-13,SKU074,18,18.160057,0.16005706787109375
2025-12-14,SKU074,15,18.483864,3.4838638305664062
2025-12-15,SKU074,10,15.501458,5.501458168029785
2025-12-16,SKU074,11,15.3120365,4.312036514282227
2025-12-17,SKU074,11,15.192825,4.1928253173828125
2025-12-18,SKU074,17,15.014989,1.985011100769043
2025-12-19,SKU074,12,16.390291,4.390291213989258
2025-12-20,SKU074,19,17.445518,1.5544815063476562
2025-12-21,SKU074,20,17.983597,2.0164031982421875
2025-12-22,SKU074,15,15.291965,0.2919645309448242
2025-12-23,SKU074,17,15.509134,1.490865707397461
2025-12-24,SKU074,12,15.626273,3.6262731552124023
2025-12-25,SKU074,21,15.316328,5.683671951293945
2025-12-26,SKU074,11,16.739668,5.739667892456055
2025-12-27,SKU074,15,17.738602,2.7386016845703125
2025-12-28,SKU074,19,17.712225,1.2877750396728516
2025-12-29,SKU074,9,14.853887,5.853886604309082
2025-12-30,SKU074,20,14.882201,5.117798805236816
2025-12-31,SKU074,13,14.991644,1.9916439056396484
2025-09-20,SKU075,7,7.0134954,0.013495445251464844
2025-09-21,SKU075,7,7.149217,0.1492171287536621
2025-09-22,SKU075,5,5.7295485,0.729548454284668
2025-09-23,SKU075,4,5.5302315,1.5302314758300781
2025-09-24,SKU075,4,5.2817936,1.2817935943603516
2025-09-25,SKU075,5,5.4594293,0.4594292640686035
2025-09-26,SKU075,5,6.1644216,1.164421558380127
2025-09-27,SKU075,5,7.1436386,2.1436386108398438
2025-09-28,SKU075,8,7.1491933,0.850806713104248
2025-09-29,SKU075,6,5.667385,0.3326148986816406
2025-09-30,SKU075,5,5.462929,0.46292877197265625
2025-10-01,SKU075,4,5.227138,1.2271380424499512
2025-10-02,SKU075,7,5.451216,1.548783779144287
2025-10-03,SKU075,7,6.275479,0.7245211601257324
2025-10-04,SKU075,7,7.5569973,0.5569972991943359
2025-10-05,SKU075,7,7.881086,0.8810858726501465
2025-10-06,SKU075,7,6.1904774,0.8095226287841797
2025-10-07,SKU075,5,6.0218406,1.0218405723571777
2025-10-08,SKU075,4,5.7201333,1.7201333045959473
2025-10-09,SKU075,7,5.815455,1.1845450401306152
2025-10-10,SKU075,9,6.5932918,2.406708240509033
2025-10-11,SKU075,6,8.165489,2.1654891967773438
2025-10-12,SKU075,7,8.50382,1.5038204193115234
2025-10-13,SKU075,8,6.7228355,1.2771644592285156
2025-10-14,SKU075,7,6.495895,0.5041050910949707
2025-10-15,SKU075,8,6.2663903,1.733609676361084
2025-10-16,SKU075,3,6.5256147,3.5256147384643555
2025-10-17,SKU075,10,7.246574,2.7534260749816895
2025-10-18,SKU075,8,8.847296,0.8472957611083984
2025-10-19,SKU075,7,9.277202,2.2772016525268555
2025-10-20,SKU075,11,7.277835,3.722165107727051
2025-10-21,SKU075,7,9.448379,2.448378562927246
2025-10-22,SKU075,8,9.238737,1.2387371063232422
2025-10-23,SKU075,12,9.634786,2.3652143478393555
2025-10-24,SKU075,11,12.402626,1.4026260375976562
2025-10-25,SKU075,15,11.741168,3.2588319778442383
2025-10-26,SKU075,12,11.672965,0.32703495025634766
2025-10-27,SKU075,9,9.955671,0.9556713104248047
2025-10-28,SKU075,14,10.404878,3.5951223373413086
2025-10-29,SKU075,11,10.076243,0.9237565994262695
2025-10-30,SKU075,9,8.594805,0.4051952362060547
2025-10-31,SKU075,10,10.526364,0.5263643264770508
2025-11-01,SKU075,13,10.220992,2.779007911682129
2025-11-02,SKU075,12,10.925917,1.0740833282470703
2025-11-03,SKU075,8,9.520808,1.520808219909668
2025-11-04,SKU075,12,9.358851,2.641148567199707
2025-11-05,SKU075,9,8.14694,0.8530597686767578
2025-11-06,SKU075,5,7.46836,2.46835994720459
2025-11-07,SKU075,8,7.6965537,0.30344629287719727
2025-11-08,SKU075,9,8.543078,0.4569215774536133
2025-11-09,SKU075,7,8.658241,1.6582412719726562
2025-11-10,SKU075,7,7.0466743,0.046674251556396484
2025-11-11,SKU075,5,7.010528,2.010528087615967
2025-11-12,SKU075,9,6.773274,2.2267260551452637
2025-11-13,SKU075,6,6.8647346,0.8647346496582031
2025-11-14,SKU075,7,7.6134796,0.6134796142578125
2025-11-15,SKU075,7,8.465372,1.465372085571289
2025-11-16,SKU075,6,8.429232,2.429231643676758
2025-11-17,SKU075,4,6.6713347,2.671334743499756
2025-11-18,SKU075,6,6.529032,0.5290322303771973
2025-11-19,SKU075,6,6.898153,0.8981528282165527
2025-11-20,SKU075,9,6.743816,2.2561841011047363
2025-11-21,SKU075,10,10.228145,0.22814464569091797
2025-11-22,SKU075,12,11.17983,0.8201704025268555
2025-11-23,SKU075,9,12.247746,3.247746467590332
2025-11-24,SKU075,6,9.622248,3.6222476959228516
2025-11-25,SKU075,11,9.592161,1.4078388214111328
2025-11-26,SKU075,7,10.795398,3.7953977584838867
2025-11-27,SKU075,11,9.939543,1.0604572296142578
2025-11-28,SKU075,8,10.999988,2.9999876022338867
2025-11-29,SKU075,15,11.388465,3.61153507232666
2025-11-30,SKU075,15,10.917457,4.08254337310791
2025-12-01,SKU075,8,9.413739,1.4137392044067383
2025-12-02,SKU075,7,9.602998,2.6029977798461914
2025-12-03,SKU075,9,9.5157995,0.5157995223999023
2025-12-04,SKU075,9,8.287948,0.7120523452758789
2025-12-05,SKU075,9,9.0608635,0.060863494873046875
2025-12-06,SKU075,10,9.3498,0.6501998901367188
2025-12-07,SKU075,8,8.414462,0.4144620895385742
2025-12-08,SKU075,6,6.9616213,0.9616212844848633
2025-12-09,SKU075,4,6.5789094,2.578909397125244
2025-12-10,SKU075,7,6.239038,0.7609620094299316
2025-12-11,SKU075,6,6.436009,0.43600893020629883
2025-12-12,SKU075,7,7.079146,0.07914590835571289
2025-12-13,SKU075,8,7.8903685,0.10963153839111328
2025-12-14,SKU075,8,7.9720516,0.027948379516601562
2025-12-15,SKU075,5,6.42308,1.4230799674987793
2025-12-16,SKU075,6,6.3075776,0.30757761001586914
2025-12-17,SKU075,5,6.159901,1.1599011421203613
2025-12-18,SKU075,9,6.319939,2.680060863494873
2025-12-19,SKU075,7,7.053327,0.053327083587646484
2025-12-20,SKU075,7,8.05392,1.053919792175293
2025-12-21,SKU075,9,8.034607,0.96539306640625
2025-12-22,SKU075,5,6.239758,1.239758014678955
2025-12-23,SKU075,6,6.054892,0.05489206314086914
2025-12-24,SKU075,8,6.2448936,1.7551064491271973
2025-12-25,SKU075,5,6.3416934,1.34169340133667
2025-12-26,SKU075,8,6.6965833,1.3034167289733887
2025-12-27,SKU075,8,8.0383005,0.038300514221191406
2025-12-28,SKU075,8,8.498845,0.49884510040283203
2025-12-29,SKU075,5,6.4791007,1.4791007041931152
2025-12-30,SKU075,8,6.068899,1.931100845336914
2025-12-31,SKU075,5,6.107967,1.1079668998718262
2025-09-20,SKU076,8,7.971848,0.028151988983154297
2025-09-21,SKU076,6,8.080276,2.080275535583496
2025-09-22,SKU076,7,6.372413,0.627586841583252
2025-09-23,SKU076,7,6.337301,0.6626992225646973
2025-09-24,SKU076,5,6.145984,1.145984172821045
2025-09-25,SKU076,5,6.2575097,1.257509708404541
2025-09-26,SKU076,7,7.0121617,0.012161731719970703
2025-09-27,SKU076,7,8.179566,1.1795663833618164
2025-09-28,SKU076,7,8.265519,1.265519142150879
2025-09-29,SKU076,7,6.5654187,0.43458127975463867
2025-09-30,SKU076,5,6.4771924,1.4771924018859863
2025-10-01,SKU076,11,6.174171,4.825829029083252
2025-10-02,SKU076,8,6.594729,1.405271053314209
2025-10-03,SKU076,7,7.607137,0.6071372032165527
2025-10-04,SKU076,9,8.97077,0.029230117797851562
2025-10-05,SKU076,7,9.391891,2.391890525817871
2025-10-06,SKU076,7,7.4496837,0.44968366622924805
2025-10-07,SKU076,9,7.347098,1.6529021263122559
2025-10-08,SKU076,7,7.0658503,0.06585025787353516
2025-10-09,SKU076,6,7.2521434,1.252143383026123
2025-10-10,SKU076,7,8.1358,1.1358003616333008
2025-10-11,SKU076,7,9.51456,2.514559745788574
2025-10-12,SKU076,8,9.866683,1.866683006286621
2025-10-13,SKU076,9,7.7948294,1.2051706314086914
2025-10-14,SKU076,6,7.788587,1.7885870933532715
2025-10-15,SKU076,7,7.4113345,0.4113345146179199
2025-10-16,SKU076,6,7.500869,1.500868797302246
2025-10-17,SKU076,7,8.286013,1.2860126495361328
2025-10-18,SKU076,9,9.586897,0.5868968963623047
2025-10-19,SKU076,9,10.032271,1.032271385192871
2025-10-20,SKU076,13,7.936089,5.063910961151123
2025-10-21,SKU076,15,10.422257,4.577742576599121
2025-10-22,SKU076,8,10.573287,2.573287010192871
2025-10-23,SKU076,13,10.786182,2.213817596435547
2025-10-24,SKU076,14,14.031174,0.0311737060546875
2025-10-25,SKU076,13,13.186418,0.1864175796508789
2025-10-26,SKU076,14,13.091756,0.9082441329956055
2025-10-27,SKU076,10,10.9794,0.9793996810913086
2025-10-28,SKU076,14,11.624061,2.37593936920166
2025-10-29,SKU076,13,11.17353,1.8264703750610352
2025-10-30,SKU076,9,9.545015,0.5450153350830078
2025-10-31,SKU076,12,11.838368,0.16163158416748047
2025-11-01,SKU076,14,11.188142,2.8118581771850586
2025-11-02,SKU076,9,12.229621,3.229620933532715
2025-11-03,SKU076,9,10.416654,1.4166536331176758
2025-11-04,SKU076,10,10.180522,0.18052196502685547
2025-11-05,SKU076,8,8.775573,0.7755727767944336
2025-11-06,SKU076,4,7.9632745,3.9632744789123535
2025-11-07,SKU076,7,7.9928937,0.9928936958312988
2025-11-08,SKU076,9,8.714777,0.28522300720214844
2025-11-09,SKU076,9,8.903371,0.09662914276123047
2025-11-10,SKU076,8,7.3043427,0.6956572532653809
2025-11-11,SKU076,5,7.359447,2.3594470024108887
2025-11-12,SKU076,8,7.0955205,0.9044795036315918
2025-11-13,SKU076,8,7.146189,0.8538107872009277
2025-11-14,SKU076,8,8.018375,0.018375396728515625
2025-11-15,SKU076,10,8.980549,1.0194511413574219
2025-11-16,SKU076,8,9.100245,1.100245475769043
2025-11-17,SKU076,7,7.4578958,0.45789575576782227
2025-11-18,SKU076,8,7.60817,0.3918299674987793
2025-11-19,SKU076,6,8.087791,2.0877914428710938
2025-11-20,SKU076,10,7.830193,2.169806957244873
2025-11-21,SKU076,13,11.480817,1.5191831588745117
2025-11-22,SKU076,13,12.518275,0.48172473907470703
2025-11-23,SKU076,15,13.635072,1.3649282455444336
2025-11-24,SKU076,7,10.679656,3.6796560287475586
2025-11-25,SKU076,10,10.806207,0.8062067031860352
2025-11-26,SKU076,11,11.718081,0.7180814743041992
2025-11-27,SKU076,9,11.0743885,2.0743885040283203
2025-11-28,SKU076,10,12.071528,2.071528434753418
2025-11-29,SKU076,19,12.681809,6.318190574645996
2025-11-30,SKU076,14,12.283372,1.716628074645996
2025-12-01,SKU076,7,10.359502,3.359501838684082
2025-12-02,SKU076,10,10.523681,0.5236806869506836
2025-12-03,SKU076,10,10.675345,0.6753454208374023
2025-12-04,SKU076,11,9.314409,1.6855907440185547
2025-12-05,SKU076,12,10.217715,1.7822847366333008
2025-12-06,SKU076,8,10.491368,2.491368293762207
2025-12-07,SKU076,6,9.483616,3.4836158752441406
2025-12-08,SKU076,5,7.822183,2.822183132171631
2025-12-09,SKU076,7,7.483273,0.4832730293273926
2025-12-10,SKU076,8,6.957564,1.042436122894287
2025-12-11,SKU076,7,7.129827,0.12982702255249023
2025-12-12,SKU076,7,7.907683,0.9076828956604004
2025-12-13,SKU076,7,8.772574,1.7725744247436523
2025-12-14,SKU076,11,8.7684555,2.2315444946289062
2025-12-15,SKU076,6,7.1609216,1.160921573638916
2025-12-16,SKU076,8,7.1400547,0.8599452972412109
2025-12-17,SKU076,14,7.1590714,6.840928554534912
2025-12-18,SKU076,8,7.5489116,0.45108842849731445
2025-12-19,SKU076,8,8.33061,0.3306102752685547
2025-12-20,SKU076,10,9.461564,0.5384359359741211
2025-12-21,SKU076,4,9.552785,5.5527849197387695
2025-12-22,SKU076,8,7.4341493,0.5658507347106934
2025-12-23,SKU076,6,7.3057647,1.3057646751403809
2025-12-24,SKU076,6,7.4299808,1.429980754852295
2025-12-25,SKU076,8,7.385176,0.6148238182067871
2025-12-26,SKU076,7,7.9425244,0.9425244331359863
2025-12-27,SKU076,8,9.037232,1.0372323989868164
2025-12-28,SKU076,7,9.300002,2.300002098083496
2025-12-29,SKU076,7,7.2226024,0.22260236740112305
2025-12-30,SKU076,7,6.8711505,0.12884950637817383
2025-12-31,SKU076,6,6.7942004,0.7942004203796387
2025-09-20,SKU077,14,17.868465,3.8684654235839844
2025-09-21,SKU077,13,19.515852,6.515851974487305
2025-09-22,SKU077,14,13.817305,0.1826953887939453
2025-09-23,SKU077,15,13.713783,1.2862167358398438
2025-09-24,SKU077,8,13.729911,5.729910850524902
2025-09-25,SKU077,15,13.300727,1.6992731094360352
2025-09-26,SKU077,16,14.968797,1.031203269958496
2025-09-27,SKU077,24,18.156898,5.843101501464844
2025-09-28,SKU077,41,20.929302,20.070697784423828
2025-09-29,SKU077,15,16.381216,1.381216049194336
2025-09-30,SKU077,14,16.909328,2.9093284606933594
2025-10-01,SKU077,16,16.42266,0.42266082763671875
2025-10-02,SKU077,20,15.984941,4.015059471130371
2025-10-03,SKU077,16,17.486473,1.4864730834960938
2025-10-04,SKU077,18,22.049,4.048999786376953
2025-10-05,SKU077,22,27.248384,5.248384475708008
2025-10-06,SKU077,16,18.651972,2.6519718170166016
2025-10-07,SKU077,18,18.261206,0.26120567321777344
2025-10-08,SKU077,16,17.90239,1.9023895263671875
2025-10-09,SKU077,18,17.13456,0.8654403686523438
2025-10-10,SKU077,19,19.598648,0.5986480712890625
2025-10-11,SKU077,14,25.730328,11.730327606201172
2025-10-12,SKU077,17,29.466467,12.466466903686523
2025-10-13,SKU077,16,18.864206,2.864206314086914
2025-10-14,SKU077,15,18.528746,3.528745651245117
2025-10-15,SKU077,20,18.58753,1.4124698638916016
2025-10-16,SKU077,13,18.064543,5.064542770385742
2025-10-17,SKU077,22,18.800932,3.199068069458008
2025-10-18,SKU077,14,24.228737,10.228736877441406
2025-10-19,SKU077,28,27.480137,0.5198631286621094
2025-10-20,SKU077,25,18.593987,6.406013488769531
2025-10-21,SKU077,28,23.384926,4.615074157714844
2025-10-22,SKU077,20,23.08715,3.0871505737304688
2025-10-23,SKU077,18,25.802261,7.8022613525390625
2025-10-24,SKU077,23,32.833633,9.833633422851562
2025-10-25,SKU077,29,32.169796,3.1697959899902344
2025-10-26,SKU077,29,33.45822,4.458221435546875
2025-10-27,SKU077,21,27.145596,6.145595550537109
2025-10-28,SKU077,25,28.901154,3.901153564453125
2025-10-29,SKU077,20,21.31757,1.3175697326660156
2025-10-30,SKU077,24,20.925388,3.0746116638183594
2025-10-31,SKU077,37,23.982765,13.017234802246094
2025-11-01,SKU077,23,21.703,1.2970008850097656
2025-11-02,SKU077,20,28.51429,8.514289855957031
2025-11-03,SKU077,29,23.22798,5.77202033996582
2025-11-04,SKU077,29,22.778503,6.22149658203125
2025-11-05,SKU077,17,16.188,0.8120002746582031
2025-11-06,SKU077,12,19.52054,7.520540237426758
2025-11-07,SKU077,16,17.548729,1.5487289428710938
2025-11-08,SKU077,26,18.578533,7.421466827392578
2025-11-09,SKU077,20,20.476496,0.47649574279785156
2025-11-10,SKU077,14,16.556032,2.556032180786133
2025-11-11,SKU077,19,16.75759,2.242410659790039
2025-11-12,SKU077,22,16.257492,5.7425079345703125
2025-11-13,SKU077,16,15.883124,0.11687564849853516
2025-11-14,SKU077,21,17.976805,3.023195266723633
2025-11-15,SKU077,25,20.13575,4.864250183105469
2025-11-16,SKU077,25,21.361057,3.6389427185058594
2025-11-17,SKU077,19,17.53569,1.4643096923828125
2025-11-18,SKU077,16,17.674072,1.674072265625
2025-11-19,SKU077,14,17.423265,3.4232654571533203
2025-11-20,SKU077,25,16.903173,8.096826553344727
2025-11-21,SKU077,33,24.189037,8.810962677001953
2025-11-22,SKU077,23,29.027458,6.027458190917969
2025-11-23,SKU077,33,33.81264,0.8126411437988281
2025-11-24,SKU077,25,25.422691,0.42269134521484375
2025-11-25,SKU077,20,26.87687,6.876869201660156
2025-11-26,SKU077,23,26.476418,3.4764175415039062
2025-11-27,SKU077,23,27.664967,4.664966583251953
2025-11-28,SKU077,38,32.72943,5.27056884765625
2025-11-29,SKU077,31,32.303112,1.3031120300292969
2025-11-30,SKU077,32,33.00747,1.0074691772460938
2025-12-01,SKU077,22,28.046078,6.046077728271484
2025-12-02,SKU077,35,28.870205,6.129795074462891
2025-12-03,SKU077,25,24.073792,0.92620849609375
2025-12-04,SKU077,20,24.96108,4.961080551147461
2025-12-05,SKU077,59,26.912598,32.08740234375
2025-12-06,SKU077,17,23.100422,6.100421905517578
2025-12-07,SKU077,23,22.418858,0.5811424255371094
2025-12-08,SKU077,14,17.938408,3.9384078979492188
2025-12-09,SKU077,16,18.091705,2.091705322265625
2025-12-10,SKU077,15,17.00449,2.0044898986816406
2025-12-11,SKU077,20,16.903471,3.096529006958008
2025-12-12,SKU077,22,19.8769,2.1231002807617188
2025-12-13,SKU077,20,22.070597,2.070596694946289
2025-12-14,SKU077,20,23.610552,3.6105518341064453
2025-12-15,SKU077,14,17.739895,3.7398948669433594
2025-12-16,SKU077,14,17.681683,3.681682586669922
2025-12-17,SKU077,10,17.538435,7.538434982299805
2025-12-18,SKU077,18,16.83498,1.1650199890136719
2025-12-19,SKU077,20,17.587904,2.4120960235595703
2025-12-20,SKU077,22,19.010437,2.98956298828125
2025-12-21,SKU077,20,20.39526,0.3952598571777344
2025-12-22,SKU077,21,16.764442,4.235557556152344
2025-12-23,SKU077,20,17.029997,2.970003128051758
2025-12-24,SKU077,13,17.131186,4.131185531616211
2025-12-25,SKU077,18,16.744413,1.2555866241455078
2025-12-26,SKU077,21,18.003473,2.9965267181396484
2025-12-27,SKU077,20,19.629482,0.3705177307128906
2025-12-28,SKU077,26,20.856455,5.143545150756836
2025-12-29,SKU077,18,17.131811,0.8681888580322266
2025-12-30,SKU077,14,17.370342,3.370342254638672
2025-12-31,SKU077,17,16.99727,0.0027294158935546875
2025-09-20,SKU078,12,8.106953,3.893047332763672
2025-09-21,SKU078,9,8.347474,0.6525259017944336
2025-09-22,SKU078,6,6.7857037,0.7857036590576172
2025-09-23,SKU078,5,6.838594,1.8385939598083496
2025-09-24,SKU078,6,6.470608,0.4706082344055176
2025-09-25,SKU078,9,6.656395,2.3436050415039062
2025-09-26,SKU078,3,7.606807,4.606807231903076
2025-09-27,SKU078,7,8.421289,1.4212894439697266
2025-09-28,SKU078,6,8.383797,2.3837966918945312
2025-09-29,SKU078,5,6.6763396,1.6763396263122559
2025-09-30,SKU078,5,6.5762353,1.576235294342041
2025-10-01,SKU078,8,6.223617,1.7763829231262207
2025-10-02,SKU078,6,6.558353,0.5583529472351074
2025-10-03,SKU078,10,7.417056,2.582943916320801
2025-10-04,SKU078,7,8.684325,1.6843252182006836
2025-10-05,SKU078,8,8.756411,0.7564105987548828
2025-10-06,SKU078,8,6.988253,1.011746883392334
2025-10-07,SKU078,6,7.0766344,1.076634407043457
2025-10-08,SKU078,8,6.7651973,1.2348027229309082
2025-10-09,SKU078,6,7.009706,1.0097060203552246
2025-10-10,SKU078,8,7.8132987,0.18670129776000977
2025-10-11,SKU078,6,9.098185,3.098184585571289
2025-10-12,SKU078,8,9.20726,1.2072601318359375
2025-10-13,SKU078,7,7.3448815,0.344881534576416
2025-10-14,SKU078,8,7.3654246,0.634575366973877
2025-10-15,SKU078,6,7.0755124,1.075512409210205
2025-10-16,SKU078,7,7.2417035,0.24170351028442383
2025-10-17,SKU078,9,8.133983,0.8660173416137695
2025-10-18,SKU078,10,9.427872,0.5721282958984375
2025-10-19,SKU078,9,9.732215,0.7322149276733398
2025-10-20,SKU078,9,7.766136,1.2338638305664062
2025-10-21,SKU078,14,9.911104,4.088895797729492
2025-10-22,SKU078,10,10.338847,0.33884716033935547
2025-10-23,SKU078,11,10.592547,0.4074525833129883
2025-10-24,SKU078,14,13.259452,0.7405481338500977
2025-10-25,SKU078,12,12.863685,0.8636846542358398
2025-10-26,SKU078,8,12.960529,4.960529327392578
2025-10-27,SKU078,12,10.532271,1.467728614807129
2025-10-28,SKU078,7,11.10455,4.104550361633301
2025-10-29,SKU078,12,10.240754,1.7592458724975586
2025-10-30,SKU078,9,9.298877,0.2988767623901367
2025-10-31,SKU078,10,11.080365,1.0803651809692383
2025-11-01,SKU078,10,10.573046,0.5730457305908203
2025-11-02,SKU078,12,11.557849,0.4421510696411133
2025-11-03,SKU078,8,9.639062,1.6390619277954102
2025-11-04,SKU078,9,9.311868,0.31186771392822266
2025-11-05,SKU078,10,7.8162904,2.1837096214294434
2025-11-06,SKU078,7,7.2861433,0.28614330291748047
2025-11-07,SKU078,9,7.270376,1.729623794555664
2025-11-08,SKU078,10,8.039133,1.960866928100586
2025-11-09,SKU078,12,8.521286,3.4787139892578125
2025-11-10,SKU078,7,7.1003075,0.10030746459960938
2025-11-11,SKU078,8,7.2455125,0.7544875144958496
2025-11-12,SKU078,6,7.024591,1.0245909690856934
2025-11-13,SKU078,7,7.222832,0.22283220291137695
2025-11-14,SKU078,7,8.178215,1.1782150268554688
2025-11-15,SKU078,6,9.140271,3.1402711868286133
2025-11-16,SKU078,11,9.091159,1.9088411331176758
2025-11-17,SKU078,6,7.4465895,1.446589469909668
2025-11-18,SKU078,7,7.6164517,0.6164517402648926
2025-11-19,SKU078,8,7.9504485,0.04955148696899414
2025-11-20,SKU078,11,7.9804688,3.01953125
2025-11-21,SKU078,10,12.10786,2.1078596115112305
2025-11-22,SKU078,12,12.841489,0.8414888381958008
2025-11-23,SKU078,14,13.387774,0.6122255325317383
2025-11-24,SKU078,9,10.537962,1.5379619598388672
2025-11-25,SKU078,11,10.801532,0.19846820831298828
2025-11-26,SKU078,11,11.737496,0.7374963760375977
2025-11-27,SKU078,12,11.108438,0.8915624618530273
2025-11-28,SKU078,13,12.617871,0.3821287155151367
2025-11-29,SKU078,16,13.15714,2.842860221862793
2025-11-30,SKU078,22,13.001817,8.998183250427246
2025-12-01,SKU078,9,11.057059,2.0570592880249023
2025-12-02,SKU078,9,11.26258,2.262579917907715
2025-12-03,SKU078,10,10.703184,0.7031841278076172
2025-12-04,SKU078,14,9.522195,4.477805137634277
2025-12-05,SKU078,16,10.914973,5.085026741027832
2025-12-06,SKU078,10,10.794894,0.7948942184448242
2025-12-07,SKU078,10,10.033038,0.03303813934326172
2025-12-08,SKU078,6,8.351272,2.351271629333496
2025-12-09,SKU078,7,8.234726,1.2347259521484375
2025-12-10,SKU078,5,7.569617,2.5696167945861816
2025-12-11,SKU078,7,7.6782002,0.6782002449035645
2025-12-12,SKU078,7,8.479485,1.4794845581054688
2025-12-13,SKU078,9,9.422505,0.42250537872314453
2025-12-14,SKU078,11,9.564878,1.4351215362548828
2025-12-15,SKU078,5,7.9006786,2.9006786346435547
2025-12-16,SKU078,6,8.0850115,2.0850114822387695
2025-12-17,SKU078,5,7.957274,2.9572739601135254
2025-12-18,SKU078,7,8.023893,1.0238933563232422
2025-12-19,SKU078,17,8.664426,8.33557415008545
2025-12-20,SKU078,7,10.06479,3.0647897720336914
2025-12-21,SKU078,9,9.982019,0.9820194244384766
2025-12-22,SKU078,7,7.884457,0.8844571113586426
2025-12-23,SKU078,6,7.996261,1.9962611198425293
2025-12-24,SKU078,6,8.270693,2.270692825317383
2025-12-25,SKU078,8,8.198919,0.19891929626464844
2025-12-26,SKU078,4,8.709629,4.709629058837891
2025-12-27,SKU078,10,9.394255,0.6057453155517578
2025-12-28,SKU078,13,9.484044,3.515955924987793
2025-12-29,SKU078,9,7.666841,1.3331589698791504
2025-12-30,SKU078,7,7.7202797,0.7202796936035156
2025-12-31,SKU078,8,7.634202,0.3657979965209961
2025-09-20,SKU079,10,7.930746,2.069253921508789
2025-09-21,SKU079,10,8.239896,1.7601041793823242
2025-09-22,SKU079,4,6.479865,2.479865074157715
2025-09-23,SKU079,5,6.3556204,1.3556203842163086
2025-09-24,SKU079,4,6.0669584,2.066958427429199
2025-09-25,SKU079,7,6.171287,0.8287129402160645
2025-09-26,SKU079,7,6.9248457,0.07515430450439453
2025-09-27,SKU079,8,8.048027,0.04802703857421875
2025-09-28,SKU079,9,8.258434,0.7415657043457031
2025-09-29,SKU079,6,6.5196815,0.519681453704834
2025-09-30,SKU079,6,6.3604083,0.36040830612182617
2025-10-01,SKU079,8,6.1070876,1.8929123878479004
2025-10-02,SKU079,10,6.397985,3.6020150184631348
2025-10-03,SKU079,6,7.4981728,1.4981727600097656
2025-10-04,SKU079,11,8.85438,2.145620346069336
2025-10-05,SKU079,14,9.559846,4.440154075622559
2025-10-06,SKU079,8,7.708627,0.29137277603149414
2025-10-07,SKU079,9,7.69053,1.3094701766967773
2025-10-08,SKU079,6,7.4148145,1.4148144721984863
2025-10-09,SKU079,6,7.553898,1.5538978576660156
2025-10-10,SKU079,7,8.449986,1.449986457824707
2025-10-11,SKU079,9,9.870618,0.8706178665161133
2025-10-12,SKU079,12,10.543599,1.4564008712768555
2025-10-13,SKU079,7,8.290546,1.2905464172363281
2025-10-14,SKU079,7,8.1411705,1.1411705017089844
2025-10-15,SKU079,9,7.7612696,1.2387304306030273
2025-10-16,SKU079,7,7.9322963,0.9322962760925293
2025-10-17,SKU079,17,8.799891,8.200108528137207
2025-10-18,SKU079,10,10.885698,0.8856983184814453
2025-10-19,SKU079,13,11.717223,1.2827768325805664
2025-10-20,SKU079,15,9.108963,5.8910369873046875
2025-10-21,SKU079,8,11.315725,3.315725326538086
2025-10-22,SKU079,13,11.235864,1.7641363143920898
2025-10-23,SKU079,14,12.229119,1.7708806991577148
2025-10-24,SKU079,15,15.1162195,0.11621952056884766
2025-10-25,SKU079,20,14.710158,5.289841651916504
2025-10-26,SKU079,14,15.349993,1.3499927520751953
2025-10-27,SKU079,12,12.710765,0.7107648849487305
2025-10-28,SKU079,13,13.275716,0.27571582794189453
2025-10-29,SKU079,18,12.233315,5.766684532165527
2025-10-30,SKU079,11,10.524297,0.47570323944091797
2025-10-31,SKU079,16,12.930291,3.069708824157715
2025-11-01,SKU079,12,12.5833025,0.5833024978637695
2025-11-02,SKU079,18,14.591068,3.4089317321777344
2025-11-03,SKU079,10,12.422908,2.422907829284668
2025-11-04,SKU079,16,12.385625,3.614375114440918
2025-11-05,SKU079,11,10.311746,0.6882543563842773
2025-11-06,SKU079,11,9.775556,1.2244443893432617
2025-11-07,SKU079,8,9.814538,1.8145380020141602
2025-11-08,SKU079,9,10.805439,1.8054389953613281
2025-11-09,SKU079,8,11.454138,3.4541378021240234
2025-11-10,SKU079,8,9.420085,1.4200849533081055
2025-11-11,SKU079,12,9.474691,2.525308609008789
2025-11-12,SKU079,9,9.198724,0.19872379302978516
2025-11-13,SKU079,8,9.428861,1.4288606643676758
2025-11-14,SKU079,4,10.56025,6.560250282287598
2025-11-15,SKU079,12,11.263112,0.7368879318237305
2025-11-16,SKU079,9,11.456756,2.4567556381225586
2025-11-17,SKU079,7,9.339937,2.339937210083008
2025-11-18,SKU079,9,9.603648,0.6036481857299805
2025-11-19,SKU079,7,9.816621,2.8166208267211914
2025-11-20,SKU079,14,9.601871,4.398129463195801
2025-11-21,SKU079,14,14.273185,0.27318477630615234
2025-11-22,SKU079,12,14.847683,2.8476829528808594
2025-11-23,SKU079,18,15.785211,2.214789390563965
2025-11-24,SKU079,11,12.647729,1.6477289199829102
2025-11-25,SKU079,11,13.046659,2.046659469604492
2025-11-26,SKU079,12,13.869435,1.8694353103637695
2025-11-27,SKU079,10,13.472283,3.472283363342285
2025-11-28,SKU079,14,14.7589035,0.7589035034179688
2025-11-29,SKU079,17,15.148034,1.8519659042358398
2025-11-30,SKU079,22,14.76389,7.236109733581543
2025-12-01,SKU079,9,12.613043,3.6130428314208984
2025-12-02,SKU079,12,13.255076,1.2550764083862305
2025-12-03,SKU079,16,13.192638,2.807361602783203
2025-12-04,SKU079,10,12.237702,2.2377023696899414
2025-12-05,SKU079,14,13.044677,0.9553232192993164
2025-12-06,SKU079,6,11.5506735,5.550673484802246
2025-12-07,SKU079,11,10.59167,0.40832996368408203
2025-12-08,SKU079,9,8.744227,0.25577259063720703
2025-12-09,SKU079,13,8.841287,4.158713340759277
2025-12-10,SKU079,4,8.594565,4.594565391540527
2025-12-11,SKU079,7,8.656498,1.6564979553222656
2025-12-12,SKU079,8,9.322555,1.322554588317871
2025-12-13,SKU079,11,10.133513,0.8664865493774414
2025-12-14,SKU079,12,10.4063425,1.5936574935913086
2025-12-15,SKU079,5,8.657264,3.65726375579834
2025-12-16,SKU079,5,8.692601,3.692601203918457
2025-12-17,SKU079,9,8.568158,0.4318418502807617
2025-12-18,SKU079,19,8.67276,10.327239990234375
2025-12-19,SKU079,9,9.762196,0.7621955871582031
2025-12-20,SKU079,14,10.975492,3.024508476257324
2025-12-21,SKU079,9,11.36083,2.360830307006836
2025-12-22,SKU079,5,9.065369,4.06536865234375
2025-12-23,SKU079,10,9.127487,0.8725128173828125
2025-12-24,SKU079,9,9.234602,0.2346019744873047
2025-12-25,SKU079,9,9.193862,0.1938619613647461
2025-12-26,SKU079,9,9.776666,0.7766656875610352
2025-12-27,SKU079,11,10.735841,0.2641592025756836
2025-12-28,SKU079,9,11.142705,2.142704963684082
2025-12-29,SKU079,9,8.9670725,0.032927513122558594
2025-12-30,SKU079,8,8.885263,0.8852634429931641
2025-12-31,SKU079,8,8.645834,0.6458339691162109
2025-09-20,SKU080,9,9.690963,0.6909627914428711
2025-09-21,SKU080,6,9.916575,3.9165754318237305
2025-09-22,SKU080,7,7.839678,0.8396778106689453
2025-09-23,SKU080,8,7.8401055,0.15989446640014648
2025-09-24,SKU080,7,7.522899,0.5228991508483887
2025-09-25,SKU080,9,7.712069,1.287930965423584
2025-09-26,SKU080,7,8.715423,1.7154226303100586
2025-09-27,SKU080,10,9.845469,0.15453052520751953
2025-09-28,SKU080,13,10.102733,2.8972673416137695
2025-09-29,SKU080,5,8.152427,3.1524267196655273
2025-09-30,SKU080,7,8.164644,1.1646442413330078
2025-10-01,SKU080,10,7.7890234,2.2109766006469727
2025-10-02,SKU080,8,8.093341,0.09334087371826172
2025-10-03,SKU080,8,9.045962,1.0459623336791992
2025-10-04,SKU080,11,10.421408,0.5785923004150391
2025-10-05,SKU080,14,10.976006,3.0239944458007812
2025-10-06,SKU080,9,8.805232,0.19476795196533203
2025-10-07,SKU080,9,8.926302,0.07369804382324219
2025-10-08,SKU080,9,8.578782,0.4212179183959961
2025-10-09,SKU080,10,8.767458,1.2325420379638672
2025-10-10,SKU080,9,9.842972,0.8429718017578125
2025-10-11,SKU080,11,11.3823595,0.38235950469970703
2025-10-12,SKU080,13,12.103143,0.8968572616577148
2025-10-13,SKU080,11,9.559077,1.440922737121582
2025-10-14,SKU080,8,9.680373,1.680373191833496
2025-10-15,SKU080,7,9.332002,2.3320016860961914
2025-10-16,SKU080,11,9.391154,1.6088457107543945
2025-10-17,SKU080,9,10.44006,1.4400596618652344
2025-10-18,SKU080,13,11.978871,1.0211286544799805
2025-10-19,SKU080,11,12.826436,1.8264360427856445
2025-10-20,SKU080,11,10.007642,0.9923582077026367
2025-10-21,SKU080,14,12.242459,1.7575407028198242
2025-10-22,SKU080,15,12.939756,2.060243606567383
2025-10-23,SKU080,10,13.518727,3.5187273025512695
2025-10-24,SKU080,14,16.364796,2.364795684814453
2025-10-25,SKU080,17,16.104263,0.8957366943359375
2025-10-26,SKU080,22,16.335733,5.664266586303711
2025-10-27,SKU080,8,13.603087,5.603087425231934
2025-10-28,SKU080,14,14.188455,0.18845462799072266
2025-10-29,SKU080,12,13.093143,1.0931434631347656
2025-10-30,SKU080,14,11.407628,2.592371940612793
2025-10-31,SKU080,14,14.124352,0.12435245513916016
2025-11-01,SKU080,21,13.113363,7.886636734008789
2025-11-02,SKU080,15,15.508103,0.5081033706665039
2025-11-03,SKU080,19,13.351014,5.648985862731934
2025-11-04,SKU080,12,13.223359,1.2233591079711914
2025-11-05,SKU080,9,10.597869,1.5978689193725586
2025-11-06,SKU080,8,10.242595,2.2425947189331055
2025-11-07,SKU080,10,10.075519,0.07551860809326172
2025-11-08,SKU080,13,10.804795,2.195204734802246
2025-11-09,SKU080,11,11.537283,0.5372829437255859
2025-11-10,SKU080,19,9.543183,9.456816673278809
2025-11-11,SKU080,9,9.868796,0.8687963485717773
2025-11-12,SKU080,13,9.490761,3.5092391967773438
2025-11-13,SKU080,9,9.7082205,0.7082204818725586
2025-11-14,SKU080,11,11.06971,0.06970977783203125
2025-11-15,SKU080,12,12.31162,0.31161975860595703
2025-11-16,SKU080,14,12.519996,1.4800043106079102
2025-11-17,SKU080,7,10.40684,3.4068403244018555
2025-11-18,SKU080,9,10.5429945,1.542994499206543
2025-11-19,SKU080,10,10.7762575,0.7762575149536133
2025-11-20,SKU080,16,10.866942,5.133057594299316
2025-11-21,SKU080,10,15.952471,5.952470779418945
2025-11-22,SKU080,16,16.437761,0.4377613067626953
2025-11-23,SKU080,19,17.39936,1.6006393432617188
2025-11-24,SKU080,11,14.178522,3.1785221099853516
2025-11-25,SKU080,15,14.267976,0.7320241928100586
2025-11-26,SKU080,13,15.297912,2.2979116439819336
2025-11-27,SKU080,13,15.018102,2.018101692199707
2025-11-28,SKU080,18,16.618748,1.3812522888183594
2025-11-29,SKU080,8,17.395376,9.395376205444336
2025-11-30,SKU080,14,16.58396,2.5839595794677734
2025-12-01,SKU080,13,13.6088085,0.6088085174560547
2025-12-02,SKU080,14,14.485143,0.48514270782470703
2025-12-03,SKU080,15,14.597921,0.40207862854003906
2025-12-04,SKU080,12,13.453804,1.4538040161132812
2025-12-05,SKU080,14,14.5997095,0.5997095108032227
2025-12-06,SKU080,14,12.642389,1.3576107025146484
2025-12-07,SKU080,6,11.794881,5.7948808670043945
2025-12-08,SKU080,8,9.975158,1.9751577377319336
2025-12-09,SKU080,8,9.913449,1.9134492874145508
2025-12-10,SKU080,8,9.317714,1.317713737487793
2025-12-11,SKU080,9,9.106135,0.10613536834716797
2025-12-12,SKU080,12,10.016317,1.983682632446289
2025-12-13,SKU080,10,11.034904,1.0349035263061523
2025-12-14,SKU080,12,11.383814,0.6161861419677734
2025-12-15,SKU080,7,9.355254,2.3552541732788086
2025-12-16,SKU080,11,9.529145,1.4708547592163086
2025-12-17,SKU080,11,9.485576,1.5144243240356445
2025-12-18,SKU080,10,9.755675,0.2443246841430664
2025-12-19,SKU080,10,10.731442,0.7314424514770508
2025-12-20,SKU080,12,11.82885,0.17115020751953125
2025-12-21,SKU080,11,11.952113,0.952113151550293
2025-12-22,SKU080,11,9.793904,1.2060956954956055
2025-12-23,SKU080,7,10.062107,3.0621070861816406
2025-12-24,SKU080,8,10.130716,2.130716323852539
2025-12-25,SKU080,12,10.034032,1.965968132019043
2025-12-26,SKU080,10,10.7116785,0.7116785049438477
2025-12-27,SKU080,11,11.632828,0.6328277587890625
2025-12-28,SKU080,10,11.826662,1.8266620635986328
2025-12-29,SKU080,8,9.411157,1.4111566543579102
2025-12-30,SKU080,9,9.472414,0.4724140167236328
2025-12-31,SKU080,13,9.523066,3.4769344329833984
2025-09-20,SKU081,23,15.414407,7.585593223571777
2025-09-21,SKU081,14,17.035858,3.035858154296875
2025-09-22,SKU081,10,12.918052,2.9180517196655273
2025-09-23,SKU081,7,12.694158,5.694157600402832
2025-09-24,SKU081,9,12.219293,3.219292640686035
2025-09-25,SKU081,15,12.205179,2.794820785522461
2025-09-26,SKU081,12,13.556499,1.5564985275268555
2025-09-27,SKU081,14,15.399911,1.3999109268188477
2025-09-28,SKU081,30,16.299608,13.70039176940918
2025-09-29,SKU081,12,13.099019,1.0990190505981445
2025-09-30,SKU081,14,13.05553,0.9444704055786133
2025-10-01,SKU081,18,12.873403,5.1265974044799805
2025-10-02,SKU081,15,13.532918,1.4670820236206055
2025-10-03,SKU081,18,15.280446,2.7195539474487305
2025-10-04,SKU081,16,18.441008,2.441007614135742
2025-10-05,SKU081,19,20.027246,1.0272464752197266
2025-10-06,SKU081,17,14.62132,2.3786802291870117
2025-10-07,SKU081,14,14.661214,0.6612138748168945
2025-10-08,SKU081,15,14.689652,0.3103475570678711
2025-10-09,SKU081,9,15.066068,6.066067695617676
2025-10-10,SKU081,17,16.496899,0.5031013488769531
2025-10-11,SKU081,20,19.96005,0.03994941711425781
2025-10-12,SKU081,20,22.10888,2.1088790893554688
2025-10-13,SKU081,15,15.8629875,0.8629875183105469
2025-10-14,SKU081,14,15.551614,1.5516138076782227
2025-10-15,SKU081,14,15.54345,1.5434503555297852
2025-10-16,SKU081,21,15.67434,5.32565975189209
2025-10-17,SKU081,14,17.716454,3.7164535522460938
2025-10-18,SKU081,20,20.341007,0.3410072326660156
2025-10-19,SKU081,11,23.088188,12.088188171386719
2025-10-20,SKU081,25,16.1699,8.830099105834961
2025-10-21,SKU081,27,18.381836,8.6181640625
2025-10-22,SKU081,19,20.552267,1.552267074584961
2025-10-23,SKU081,21,21.008453,0.008453369140625
2025-10-24,SKU081,24,27.449947,3.4499473571777344
2025-10-25,SKU081,16,26.32612,10.326120376586914
2025-10-26,SKU081,17,27.72891,10.728910446166992
2025-10-27,SKU081,26,22.139557,3.860443115234375
2025-10-28,SKU081,17,23.64475,6.644750595092773
2025-10-29,SKU081,19,17.60519,1.3948097229003906
2025-10-30,SKU081,23,18.608318,4.391681671142578
2025-10-31,SKU081,24,19.277775,4.722225189208984
2025-11-01,SKU081,23,19.02966,3.9703407287597656
2025-11-02,SKU081,36,23.342297,12.657703399658203
2025-11-03,SKU081,16,20.375587,4.375587463378906
2025-11-04,SKU081,13,18.715446,5.715446472167969
2025-11-05,SKU081,17,14.121596,2.878403663635254
2025-11-06,SKU081,17,15.458453,1.5415468215942383
2025-11-07,SKU081,23,14.370212,8.629788398742676
2025-11-08,SKU081,16,15.094287,0.9057130813598633
2025-11-09,SKU081,21,16.863071,4.136928558349609
2025-11-10,SKU081,15,14.055499,0.9445009231567383
2025-11-11,SKU081,11,13.961165,2.961165428161621
2025-11-12,SKU081,17,13.59386,3.4061403274536133
2025-11-13,SKU081,9,13.962041,4.962040901184082
2025-11-14,SKU081,15,15.597915,0.5979146957397461
2025-11-15,SKU081,13,17.141804,4.141803741455078
2025-11-16,SKU081,21,17.047241,3.9527587890625
2025-11-17,SKU081,18,14.336873,3.6631269454956055
2025-11-18,SKU081,12,14.659266,2.659266471862793
2025-11-19,SKU081,22,14.865423,7.134576797485352
2025-11-20,SKU081,18,15.226039,2.773961067199707
2025-11-21,SKU081,25,22.078468,2.9215316772460938
2025-11-22,SKU081,27,25.374601,1.6253986358642578
2025-11-23,SKU081,30,28.216461,1.783538818359375
2025-11-24,SKU081,17,21.784763,4.784763336181641
2025-11-25,SKU081,19,20.973312,1.9733123779296875
2025-11-26,SKU081,25,22.673088,2.3269119262695312
2025-11-27,SKU081,19,22.991066,3.9910659790039062
2025-11-28,SKU081,32,26.366009,5.633991241455078
2025-11-29,SKU081,61,28.595745,32.40425491333008
2025-11-30,SKU081,25,27.641354,2.6413536071777344
2025-12-01,SKU081,23,25.78778,2.78778076171875
2025-12-02,SKU081,14,24.661674,10.661674499511719
2025-12-03,SKU081,21,20.828522,0.171478271484375
2025-12-04,SKU081,22,22.806755,0.8067550659179688
2025-12-05,SKU081,21,23.407898,2.40789794921875
2025-12-06,SKU081,22,21.923492,0.076507568359375
2025-12-07,SKU081,26,19.81031,6.189689636230469
2025-12-08,SKU081,13,16.52112,3.521120071411133
2025-12-09,SKU081,13,16.104822,3.1048221588134766
2025-12-10,SKU081,10,14.91798,4.917980194091797
2025-12-11,SKU081,14,14.723123,0.7231225967407227
2025-12-12,SKU081,18,16.233984,1.7660160064697266
2025-12-13,SKU081,13,17.700838,4.700838088989258
2025-12-14,SKU081,14,17.927452,3.9274520874023438
2025-12-15,SKU081,19,14.699388,4.300612449645996
2025-12-16,SKU081,19,15.148696,3.851304054260254
2025-12-17,SKU081,12,15.424198,3.4241981506347656
2025-12-18,SKU081,15,15.481519,0.4815187454223633
2025-12-19,SKU081,16,16.802809,0.8028087615966797
2025-12-20,SKU081,16,17.688602,1.6886024475097656
2025-12-21,SKU081,16,17.662775,1.6627750396728516
2025-12-22,SKU081,19,14.793338,4.206662178039551
2025-12-23,SKU081,14,15.223166,1.2231664657592773
2025-12-24,SKU081,9,15.614284,6.614283561706543
2025-12-25,SKU081,15,15.338263,0.33826255798339844
2025-12-26,SKU081,14,16.212273,2.2122726440429688
2025-12-27,SKU081,15,17.034195,2.0341949462890625
2025-12-28,SKU081,21,17.250446,3.749553680419922
2025-12-29,SKU081,15,14.634572,0.36542797088623047
2025-12-30,SKU081,12,14.324555,2.3245553970336914
2025-12-31,SKU081,14,14.226113,0.22611331939697266
2025-09-20,SKU082,12,19.893108,7.893108367919922
2025-09-21,SKU082,15,21.674425,6.67442512512207
2025-09-22,SKU082,13,15.170512,2.1705121994018555
2025-09-23,SKU082,10,14.94292,4.942919731140137
2025-09-24,SKU082,11,14.384891,3.384890556335449
2025-09-25,SKU082,8,14.126665,6.126665115356445
2025-09-26,SKU082,17,15.234182,1.765817642211914
2025-09-27,SKU082,19,18.250755,0.7492446899414062
2025-09-28,SKU082,24,19.925257,4.074743270874023
2025-09-29,SKU082,13,14.772174,1.7721738815307617
2025-09-30,SKU082,15,14.785489,0.21451091766357422
2025-10-01,SKU082,15,14.6189165,0.38108348846435547
2025-10-02,SKU082,14,14.651292,0.6512918472290039
2025-10-03,SKU082,14,16.325928,2.325927734375
2025-10-04,SKU082,24,20.124542,3.875457763671875
2025-10-05,SKU082,19,23.41995,4.419950485229492
2025-10-06,SKU082,19,16.733908,2.266092300415039
2025-10-07,SKU082,21,16.709497,4.290502548217773
2025-10-08,SKU082,19,16.750547,2.249452590942383
2025-10-09,SKU082,19,16.463665,2.536334991455078
2025-10-10,SKU082,24,18.372784,5.627216339111328
2025-10-11,SKU082,18,23.987171,5.987171173095703
2025-10-12,SKU082,25,28.088118,3.0881175994873047
2025-10-13,SKU082,13,18.939667,5.939666748046875
2025-10-14,SKU082,17,18.647207,1.647207260131836
2025-10-15,SKU082,19,18.351826,0.6481742858886719
2025-10-16,SKU082,15,17.58187,2.581869125366211
2025-10-17,SKU082,25,19.10545,5.894550323486328
2025-10-18,SKU082,24,25.252327,1.2523269653320312
2025-10-19,SKU082,24,30.47356,6.473560333251953
2025-10-20,SKU082,37,20.37804,16.621959686279297
2025-10-21,SKU082,28,23.77987,4.220130920410156
2025-10-22,SKU082,21,23.516466,2.5164661407470703
2025-10-23,SKU082,16,26.952534,10.952533721923828
2025-10-24,SKU082,19,33.190876,14.190876007080078
2025-10-25,SKU082,23,32.770233,9.770233154296875
2025-10-26,SKU082,32,33.04573,1.0457305908203125
2025-10-27,SKU082,23,27.782038,4.782037734985352
2025-10-28,SKU082,21,29.721466,8.721466064453125
2025-10-29,SKU082,22,22.90733,0.9073295593261719
2025-10-30,SKU082,25,24.265978,0.7340221405029297
2025-10-31,SKU082,31,25.950247,5.049753189086914
2025-11-01,SKU082,31,23.99746,7.002540588378906
2025-11-02,SKU082,31,29.303656,1.6963443756103516
2025-11-03,SKU082,27,25.616365,1.3836345672607422
2025-11-04,SKU082,24,24.186983,0.1869831085205078
2025-11-05,SKU082,31,17.420916,13.579084396362305
2025-11-06,SKU082,15,21.478342,6.478342056274414
2025-11-07,SKU082,18,17.736156,0.2638435363769531
2025-11-08,SKU082,19,18.179604,0.8203964233398438
2025-11-09,SKU082,25,20.55899,4.441009521484375
2025-11-10,SKU082,17,16.80443,0.1955699920654297
2025-11-11,SKU082,14,17.422401,3.4224014282226562
2025-11-12,SKU082,22,17.147785,4.852214813232422
2025-11-13,SKU082,15,16.905375,1.905374526977539
2025-11-14,SKU082,23,19.135834,3.864166259765625
2025-11-15,SKU082,21,21.473646,0.4736461639404297
2025-11-16,SKU082,25,22.836103,2.1638965606689453
2025-11-17,SKU082,19,17.911356,1.088644027709961
2025-11-18,SKU082,13,18.04261,5.042610168457031
2025-11-19,SKU082,15,17.854637,2.8546371459960938
2025-11-20,SKU082,20,17.351166,2.648834228515625
2025-11-21,SKU082,31,24.27507,6.7249298095703125
2025-11-22,SKU082,34,29.393028,4.606971740722656
2025-11-23,SKU082,40,34.694004,5.305995941162109
2025-11-24,SKU082,27,27.759974,0.7599735260009766
2025-11-25,SKU082,26,28.292402,2.2924022674560547
2025-11-26,SKU082,31,26.630108,4.369892120361328
2025-11-27,SKU082,23,25.954342,2.9543418884277344
2025-11-28,SKU082,23,31.710445,8.710445404052734
2025-11-29,SKU082,31,31.96156,0.9615592956542969
2025-11-30,SKU082,32,33.24102,1.2410202026367188
2025-12-01,SKU082,29,28.999655,0.0003452301025390625
2025-12-02,SKU082,26,29.694645,3.6946449279785156
2025-12-03,SKU082,20,23.14064,3.1406402587890625
2025-12-04,SKU082,20,27.266644,7.266643524169922
2025-12-05,SKU082,34,25.559856,8.440143585205078
2025-12-06,SKU082,22,24.763416,2.763416290283203
2025-12-07,SKU082,18,22.698685,4.6986846923828125
2025-12-08,SKU082,19,18.28363,0.71636962890625
2025-12-09,SKU082,19,18.158564,0.8414363861083984
2025-12-10,SKU082,22,16.796394,5.203605651855469
2025-12-11,SKU082,17,16.88479,0.11520957946777344
2025-12-12,SKU082,36,19.810146,16.18985366821289
2025-12-13,SKU082,16,21.580635,5.580635070800781
2025-12-14,SKU082,24,23.821644,0.17835617065429688
2025-12-15,SKU082,9,17.702078,8.702077865600586
2025-12-16,SKU082,17,17.64373,0.6437301635742188
2025-12-17,SKU082,15,17.542639,2.5426387786865234
2025-12-18,SKU082,17,16.98129,0.018709182739257812
2025-12-19,SKU082,16,17.952938,1.9529380798339844
2025-12-20,SKU082,26,19.421528,6.578472137451172
2025-12-21,SKU082,18,20.601748,2.601747512817383
2025-12-22,SKU082,22,17.158945,4.841054916381836
2025-12-23,SKU082,13,17.150133,4.15013313293457
2025-12-24,SKU082,17,17.126526,0.12652587890625
2025-12-25,SKU082,19,16.85175,2.1482505798339844
2025-12-26,SKU082,23,17.919353,5.080646514892578
2025-12-27,SKU082,22,19.66437,2.335630416870117
2025-12-28,SKU082,26,21.24952,4.750480651855469
2025-12-29,SKU082,19,17.36961,1.6303901672363281
2025-12-30,SKU082,22,17.491478,4.508522033691406
2025-12-31,SKU082,13,17.368353,4.368352890014648
2025-09-20,SKU083,5,4.7682695,0.23173046112060547
2025-09-21,SKU083,5,4.81304,0.18696022033691406
2025-09-22,SKU083,3,3.9754062,0.9754061698913574
2025-09-23,SKU083,3,3.8071046,0.8071045875549316
2025-09-24,SKU083,3,3.5230336,0.523033618927002
2025-09-25,SKU083,3,3.6986942,0.6986942291259766
2025-09-26,SKU083,4,4.1256185,0.12561845779418945
2025-09-27,SKU083,3,4.7835965,1.7835965156555176
2025-09-28,SKU083,4,4.822467,0.8224668502807617
2025-09-29,SKU083,3,3.9421492,0.9421491622924805
2025-09-30,SKU083,3,3.741026,0.7410259246826172
2025-10-01,SKU083,3,3.4758482,0.4758481979370117
2025-10-02,SKU083,5,3.6640005,1.3359994888305664
2025-10-03,SKU083,5,4.173687,0.8263130187988281
2025-10-04,SKU083,5,4.959271,0.04072904586791992
2025-10-05,SKU083,6,5.066395,0.9336051940917969
2025-10-06,SKU083,5,4.2137427,0.786257266998291
2025-10-07,SKU083,3,4.034192,1.0341920852661133
2025-10-08,SKU083,4,3.695047,0.30495309829711914
2025-10-09,SKU083,3,3.968758,0.9687581062316895
2025-10-10,SKU083,5,4.5423436,0.4576563835144043
2025-10-11,SKU083,4,5.441528,1.4415278434753418
2025-10-12,SKU083,5,5.6445103,0.6445102691650391
2025-10-13,SKU083,2,4.706661,2.7066612243652344
2025-10-14,SKU083,5,4.4120164,0.5879836082458496
2025-10-15,SKU083,5,4.0453753,0.9546246528625488
2025-10-16,SKU083,3,4.37364,1.3736400604248047
2025-10-17,SKU083,4,4.8899026,0.8899025917053223
2025-10-18,SKU083,4,5.7719264,1.7719264030456543
2025-10-19,SKU083,5,5.840592,0.8405919075012207
2025-10-20,SKU083,7,4.792748,2.207252025604248
2025-10-21,SKU083,8,5.91849,2.081510066986084
2025-10-22,SKU083,5,5.859045,0.8590450286865234
2025-10-23,SKU083,6,6.138832,0.13883209228515625
2025-10-24,SKU083,9,8.194807,0.8051929473876953
2025-10-25,SKU083,8,8.121442,0.12144184112548828
2025-10-26,SKU083,4,8.182624,4.182623863220215
2025-10-27,SKU083,6,6.72013,0.7201299667358398
2025-10-28,SKU083,8,6.8375087,1.1624913215637207
2025-10-29,SKU083,5,6.323429,1.3234291076660156
2025-10-30,SKU083,3,5.5175767,2.5175766944885254
2025-10-31,SKU083,5,6.4041314,1.4041314125061035
2025-11-01,SKU083,7,6.2353864,0.7646136283874512
2025-11-02,SKU083,6,6.3136015,0.3136014938354492
2025-11-03,SKU083,4,5.3346314,1.3346314430236816
2025-11-04,SKU083,5,5.106462,0.10646200180053711
2025-11-05,SKU083,6,4.6074953,1.3925046920776367
2025-11-06,SKU083,3,4.399282,1.3992819786071777
2025-11-07,SKU083,5,4.2335157,0.766484260559082
2025-11-08,SKU083,4,4.5338664,0.5338664054870605
2025-11-09,SKU083,3,4.436857,1.4368572235107422
2025-11-10,SKU083,3,3.6909108,0.690910816192627
2025-11-11,SKU083,4,3.5148315,0.48516845703125
2025-11-12,SKU083,4,3.4486165,0.5513834953308105
2025-11-13,SKU083,4,3.5560136,0.4439864158630371
2025-11-14,SKU083,4,3.8142524,0.18574762344360352
2025-11-15,SKU083,5,4.2274384,0.7725615501403809
2025-11-16,SKU083,4,4.2798667,0.27986669540405273
2025-11-17,SKU083,3,3.570211,0.5702109336853027
2025-11-18,SKU083,4,3.555521,0.44447898864746094
2025-11-19,SKU083,4,3.6041293,0.3958706855773926
2025-11-20,SKU083,6,3.7094464,2.290553569793701
2025-11-21,SKU083,5,5.472412,0.472412109375
2025-11-22,SKU083,5,6.872636,1.872635841369629
2025-11-23,SKU083,8,7.7192874,0.2807126045227051
2025-11-24,SKU083,5,6.070088,1.0700879096984863
2025-11-25,SKU083,4,5.7642436,1.7642436027526855
2025-11-26,SKU083,6,5.7555647,0.24443531036376953
2025-11-27,SKU083,4,5.42888,1.428880214691162
2025-11-28,SKU083,7,6.000528,0.9994721412658691
2025-11-29,SKU083,9,6.544907,2.4550929069519043
2025-11-30,SKU083,8,6.7145658,1.2854342460632324
2025-12-01,SKU083,5,5.578893,0.5788931846618652
2025-12-02,SKU083,6,5.2518754,0.7481245994567871
2025-12-03,SKU083,4,4.8567176,0.856717586517334
2025-12-04,SKU083,8,4.6252723,3.374727725982666
2025-12-05,SKU083,5,5.1239266,0.12392663955688477
2025-12-06,SKU083,6,5.3339353,0.6660647392272949
2025-12-07,SKU083,6,4.844137,1.155862808227539
2025-12-08,SKU083,3,4.1205106,1.1205105781555176
2025-12-09,SKU083,3,3.7248468,0.7248468399047852
2025-12-10,SKU083,4,3.505929,0.49407100677490234
2025-12-11,SKU083,4,3.624824,0.37517595291137695
2025-12-12,SKU083,5,3.9420104,1.0579895973205566
2025-12-13,SKU083,5,4.331713,0.6682868003845215
2025-12-14,SKU083,4,4.440431,0.4404311180114746
2025-12-15,SKU083,4,3.8686724,0.13132762908935547
2025-12-16,SKU083,4,3.7373314,0.2626686096191406
2025-12-17,SKU083,4,3.6530223,0.34697771072387695
2025-12-18,SKU083,4,3.8013382,0.19866180419921875
2025-12-19,SKU083,4,4.067889,0.06788921356201172
2025-12-20,SKU083,5,4.6101103,0.3898897171020508
2025-12-21,SKU083,4,4.968651,0.9686508178710938
2025-12-22,SKU083,5,4.2211003,0.7788996696472168
2025-12-23,SKU083,4,3.8892035,0.11079645156860352
2025-12-24,SKU083,4,3.8632402,0.13675975799560547
2025-12-25,SKU083,4,3.9330153,0.06698465347290039
2025-12-26,SKU083,5,4.2425756,0.7574243545532227
2025-12-27,SKU083,5,5.02802,0.02801990509033203
2025-12-28,SKU083,3,5.6035986,2.6035985946655273
2025-12-29,SKU083,6,4.669438,1.3305621147155762
2025-12-30,SKU083,4,4.0898027,0.08980274200439453
2025-12-31,SKU083,4,3.7734823,0.2265176773071289
2025-09-20,SKU084,10,15.20639,5.206390380859375
2025-09-21,SKU084,15,15.38177,0.38177013397216797
2025-09-22,SKU084,8,11.850798,3.850797653198242
2025-09-23,SKU084,7,11.841897,4.841897010803223
2025-09-24,SKU084,14,11.360663,2.639336585998535
2025-09-25,SKU084,8,11.5959425,3.595942497253418
2025-09-26,SKU084,18,12.356004,5.643996238708496
2025-09-27,SKU084,14,14.668057,0.6680574417114258
2025-09-28,SKU084,9,14.999309,5.9993085861206055
2025-09-29,SKU084,13,11.431746,1.5682544708251953
2025-09-30,SKU084,13,11.665616,1.3343839645385742
2025-10-01,SKU084,11,11.570488,0.5704879760742188
2025-10-02,SKU084,17,11.753669,5.246331214904785
2025-10-03,SKU084,22,13.545966,8.454033851623535
2025-10-04,SKU084,22,16.725763,5.274236679077148
2025-10-05,SKU084,19,18.537798,0.4622020721435547
2025-10-06,SKU084,16,13.667594,2.3324060440063477
2025-10-07,SKU084,17,13.995244,3.004755973815918
2025-10-08,SKU084,13,14.311179,1.3111791610717773
2025-10-09,SKU084,16,14.391446,1.6085538864135742
2025-10-10,SKU084,21,16.122349,4.877651214599609
2025-10-11,SKU084,15,20.070438,5.070438385009766
2025-10-12,SKU084,22,22.102055,0.10205459594726562
2025-10-13,SKU084,9,15.563921,6.563920974731445
2025-10-14,SKU084,12,15.490462,3.490462303161621
2025-10-15,SKU084,16,15.274013,0.725987434387207
2025-10-16,SKU084,15,15.265473,0.2654733657836914
2025-10-17,SKU084,15,16.398748,1.3987483978271484
2025-10-18,SKU084,15,19.256205,4.256204605102539
2025-10-19,SKU084,17,21.22334,4.223339080810547
2025-10-20,SKU084,27,15.197874,11.802125930786133
2025-10-21,SKU084,14,18.796432,4.7964324951171875
2025-10-22,SKU084,16,19.322819,3.3228187561035156
2025-10-23,SKU084,20,21.329165,1.3291645050048828
2025-10-24,SKU084,19,26.911467,7.911466598510742
2025-10-25,SKU084,26,26.36282,0.3628196716308594
2025-10-26,SKU084,24,24.84619,0.8461894989013672
2025-10-27,SKU084,20,19.874573,0.12542724609375
2025-10-28,SKU084,18,22.145638,4.145637512207031
2025-10-29,SKU084,18,20.635635,2.6356353759765625
2025-10-30,SKU084,22,18.364925,3.6350746154785156
2025-10-31,SKU084,16,22.7141,6.714099884033203
2025-11-01,SKU084,34,24.109203,9.890796661376953
2025-11-02,SKU084,20,24.127308,4.127307891845703
2025-11-03,SKU084,21,21.234844,0.23484420776367188
2025-11-04,SKU084,23,19.288307,3.7116928100585938
2025-11-05,SKU084,20,14.085328,5.914671897888184
2025-11-06,SKU084,17,14.728176,2.2718238830566406
2025-11-07,SKU084,17,14.277504,2.7224960327148438
2025-11-08,SKU084,23,15.361411,7.638588905334473
2025-11-09,SKU084,19,16.968008,2.031991958618164
2025-11-10,SKU084,12,13.827794,1.827794075012207
2025-11-11,SKU084,22,14.024154,7.975846290588379
2025-11-12,SKU084,10,13.7448,3.7447996139526367
2025-11-13,SKU084,12,13.897035,1.8970346450805664
2025-11-14,SKU084,14,16.077845,2.0778446197509766
2025-11-15,SKU084,18,17.39545,0.6045494079589844
2025-11-16,SKU084,17,17.404905,0.4049053192138672
2025-11-17,SKU084,14,14.472451,0.47245121002197266
2025-11-18,SKU084,14,14.682561,0.682560920715332
2025-11-19,SKU084,12,14.903522,2.9035215377807617
2025-11-20,SKU084,15,14.877697,0.12230300903320312
2025-11-21,SKU084,20,20.957222,0.9572219848632812
2025-11-22,SKU084,21,23.024118,2.024118423461914
2025-11-23,SKU084,22,25.77133,3.771329879760742
2025-11-24,SKU084,19,19.864445,0.8644447326660156
2025-11-25,SKU084,19,19.883804,0.8838043212890625
2025-11-26,SKU084,19,20.971264,1.9712638854980469
2025-11-27,SKU084,24,21.15263,2.847370147705078
2025-11-28,SKU084,20,25.808262,5.808261871337891
2025-11-29,SKU084,21,26.331749,5.331748962402344
2025-11-30,SKU084,18,25.186037,7.186037063598633
2025-12-01,SKU084,21,20.213684,0.78631591796875
2025-12-02,SKU084,18,22.078165,4.078165054321289
2025-12-03,SKU084,24,21.591019,2.4089813232421875
2025-12-04,SKU084,20,21.376652,1.3766517639160156
2025-12-05,SKU084,23,23.05584,0.05583953857421875
2025-12-06,SKU084,18,20.60521,2.6052093505859375
2025-12-07,SKU084,18,18.1965,0.1965007781982422
2025-12-08,SKU084,15,14.995028,0.0049724578857421875
2025-12-09,SKU084,11,14.339974,3.3399744033813477
2025-12-10,SKU084,12,12.899624,0.8996238708496094
2025-12-11,SKU084,15,12.90267,2.097330093383789
2025-12-12,SKU084,13,14.449987,1.4499874114990234
2025-12-13,SKU084,17,16.02272,0.9772796630859375
2025-12-14,SKU084,19,16.44357,2.5564308166503906
2025-12-15,SKU084,12,14.028981,2.0289812088012695
2025-12-16,SKU084,17,14.147984,2.8520164489746094
2025-12-17,SKU084,15,14.306617,0.6933832168579102
2025-12-18,SKU084,14,14.542094,0.5420942306518555
2025-12-19,SKU084,16,15.945246,0.05475425720214844
2025-12-20,SKU084,17,17.203196,0.20319557189941406
2025-12-21,SKU084,21,17.24873,3.751270294189453
2025-12-22,SKU084,18,14.559449,3.4405508041381836
2025-12-23,SKU084,15,14.874566,0.12543392181396484
2025-12-24,SKU084,16,15.068881,0.9311189651489258
2025-12-25,SKU084,17,15.151376,1.8486242294311523
2025-12-26,SKU084,14,16.51161,2.5116100311279297
2025-12-27,SKU084,36,17.585056,18.41494369506836
2025-12-28,SKU084,16,18.556614,2.5566139221191406
2025-12-29,SKU084,10,15.182057,5.1820573806762695
2025-12-30,SKU084,14,14.553326,0.5533256530761719
2025-12-31,SKU084,14,14.717732,0.7177324295043945
2025-09-20,SKU085,6,6.206836,0.20683622360229492
2025-09-21,SKU085,6,6.187528,0.18752813339233398
2025-09-22,SKU085,4,5.0220222,1.0220222473144531
2025-09-23,SKU085,4,4.96638,0.9663801193237305
2025-09-24,SKU085,4,4.717771,0.717771053314209
2025-09-25,SKU085,5,4.880464,0.11953592300415039
2025-09-26,SKU085,5,5.3500996,0.3500995635986328
2025-09-27,SKU085,5,6.292616,1.2926158905029297
2025-09-28,SKU085,7,6.2351813,0.7648186683654785
2025-09-29,SKU085,5,5.0343814,0.03438138961791992
2025-09-30,SKU085,6,4.9907513,1.0092487335205078
2025-10-01,SKU085,6,4.739579,1.260420799255371
2025-10-02,SKU085,6,5.023747,0.9762530326843262
2025-10-03,SKU085,7,5.7905793,1.2094206809997559
2025-10-04,SKU085,4,6.9435,2.94350004196167
2025-10-05,SKU085,8,6.972073,1.0279269218444824
2025-10-06,SKU085,6,5.562653,0.4373469352722168
2025-10-07,SKU085,6,5.5277553,0.4722447395324707
2025-10-08,SKU085,5,5.2931128,0.29311275482177734
2025-10-09,SKU085,5,5.6064544,0.6064543724060059
2025-10-10,SKU085,7,6.3826766,0.6173233985900879
2025-10-11,SKU085,8,7.553824,0.44617605209350586
2025-10-12,SKU085,6,7.790705,1.7907052040100098
2025-10-13,SKU085,6,6.1902514,0.19025135040283203
2025-10-14,SKU085,6,6.1080623,0.1080622673034668
2025-10-15,SKU085,5,5.8149467,0.8149466514587402
2025-10-16,SKU085,5,6.0360894,1.0360894203186035
2025-10-17,SKU085,6,6.7290497,0.7290496826171875
2025-10-18,SKU085,6,7.878852,1.8788518905639648
2025-10-19,SKU085,5,7.9717097,2.971709728240967
2025-10-20,SKU085,9,6.230705,2.7692952156066895
2025-10-21,SKU085,8,8.278346,0.27834606170654297
2025-10-22,SKU085,10,8.234491,1.7655086517333984
2025-10-23,SKU085,10,8.755995,1.2440052032470703
2025-10-24,SKU085,12,10.835893,1.164107322692871
2025-10-25,SKU085,16,10.653201,5.346798896789551
2025-10-26,SKU085,9,11.135907,2.1359071731567383
2025-10-27,SKU085,6,9.108897,3.1088972091674805
2025-10-28,SKU085,10,9.113995,0.8860054016113281
2025-10-29,SKU085,9,8.364029,0.6359710693359375
2025-10-30,SKU085,10,7.4498286,2.550171375274658
2025-10-31,SKU085,9,8.912181,0.08781909942626953
2025-11-01,SKU085,6,8.771709,2.771709442138672
2025-11-02,SKU085,10,9.468875,0.5311250686645508
2025-11-03,SKU085,8,7.8587866,0.14121341705322266
2025-11-04,SKU085,8,7.5049663,0.49503374099731445
2025-11-05,SKU085,10,6.534558,3.465442180633545
2025-11-06,SKU085,7,6.201714,0.798285961151123
2025-11-07,SKU085,7,6.2413354,0.758664608001709
2025-11-08,SKU085,8,6.945843,1.05415678024292
2025-11-09,SKU085,9,7.2992473,1.7007527351379395
2025-11-10,SKU085,7,6.0743136,0.9256863594055176
2025-11-11,SKU085,5,6.0840325,1.0840325355529785
2025-11-12,SKU085,5,5.9007173,0.9007172584533691
2025-11-13,SKU085,6,6.1158195,0.11581945419311523
2025-11-14,SKU085,9,6.8677115,2.1322884559631348
2025-11-15,SKU085,6,7.897928,1.897928237915039
2025-11-16,SKU085,7,7.9191947,0.9191946983337402
2025-11-17,SKU085,6,6.3210726,0.3210725784301758
2025-11-18,SKU085,6,6.3982687,0.3982686996459961
2025-11-19,SKU085,6,6.7125835,0.7125835418701172
2025-11-20,SKU085,6,6.6949973,0.6949973106384277
2025-11-21,SKU085,11,10.179087,0.8209133148193359
2025-11-22,SKU085,10,11.277818,1.277817726135254
2025-11-23,SKU085,8,11.7866955,3.7866954803466797
2025-11-24,SKU085,10,9.095059,0.9049406051635742
2025-11-25,SKU085,15,9.4441,5.555899620056152
2025-11-26,SKU085,7,10.605817,3.6058168411254883
2025-11-27,SKU085,12,9.695788,2.3042116165161133
2025-11-28,SKU085,6,11.326602,5.326601982116699
2025-11-29,SKU085,11,11.318645,0.31864452362060547
2025-11-30,SKU085,13,10.948119,2.0518808364868164
2025-12-01,SKU085,10,9.155569,0.8444309234619141
2025-12-02,SKU085,10,9.372466,0.6275339126586914
2025-12-03,SKU085,10,8.919965,1.0800352096557617
2025-12-04,SKU085,9,7.8699164,1.1300835609436035
2025-12-05,SKU085,9,8.733332,0.26666831970214844
2025-12-06,SKU085,6,8.981428,2.9814281463623047
2025-12-07,SKU085,7,8.058052,1.0580520629882812
2025-12-08,SKU085,7,6.5487285,0.45127153396606445
2025-12-09,SKU085,3,6.2870073,3.2870073318481445
2025-12-10,SKU085,5,5.7994194,0.7994194030761719
2025-12-11,SKU085,5,6.013325,1.0133252143859863
2025-12-12,SKU085,7,6.6550984,0.34490156173706055
2025-12-13,SKU085,9,7.5038085,1.4961915016174316
2025-12-14,SKU085,4,7.6660857,3.666085720062256
2025-12-15,SKU085,6,6.1150312,0.11503124237060547
2025-12-16,SKU085,7,6.0856156,0.9143843650817871
2025-12-17,SKU085,6,6.0030947,0.0030946731567382812
2025-12-18,SKU085,4,6.1799564,2.1799564361572266
2025-12-19,SKU085,5,6.684232,1.684232234954834
2025-12-20,SKU085,6,7.4715886,1.4715886116027832
2025-12-21,SKU085,8,7.4233108,0.5766892433166504
2025-12-22,SKU085,6,5.7495275,0.2504725456237793
2025-12-23,SKU085,5,5.759075,0.7590751647949219
2025-12-24,SKU085,8,6.0160747,1.9839253425598145
2025-12-25,SKU085,8,6.0199704,1.980029582977295
2025-12-26,SKU085,5,6.4522343,1.4522342681884766
2025-12-27,SKU085,10,7.392756,2.6072440147399902
2025-12-28,SKU085,7,7.944027,0.9440269470214844
2025-12-29,SKU085,8,6.1979704,1.8020296096801758
2025-12-30,SKU085,6,6.0205197,0.020519733428955078
2025-12-31,SKU085,4,5.9213223,1.9213223457336426
2025-09-20,SKU086,16,16.62805,0.6280498504638672
2025-09-21,SKU086,15,17.451221,2.451221466064453
2025-09-22,SKU086,11,13.2354765,2.235476493835449
2025-09-23,SKU086,9,13.153368,4.15336799621582
2025-09-24,SKU086,12,12.743576,0.7435760498046875
2025-09-25,SKU086,15,12.781618,2.218381881713867
2025-09-26,SKU086,15,14.172416,0.8275842666625977
2025-09-27,SKU086,15,16.355337,1.355337142944336
2025-09-28,SKU086,17,17.15018,0.15018081665039062
2025-09-29,SKU086,14,13.130407,0.8695926666259766
2025-09-30,SKU086,13,13.300149,0.30014896392822266
2025-10-01,SKU086,13,13.180755,0.1807546615600586
2025-10-02,SKU086,17,13.422915,3.577084541320801
2025-10-03,SKU086,19,15.300921,3.6990785598754883
2025-10-04,SKU086,19,18.366606,0.6333942413330078
2025-10-05,SKU086,19,20.114237,1.114236831665039
2025-10-06,SKU086,19,14.709842,4.290158271789551
2025-10-07,SKU086,14,14.924462,0.9244623184204102
2025-10-08,SKU086,11,15.02375,4.023750305175781
2025-10-09,SKU086,8,14.934382,6.934382438659668
2025-10-10,SKU086,19,15.87417,3.1258296966552734
2025-10-11,SKU086,21,19.04132,1.95867919921875
2025-10-12,SKU086,14,21.013025,7.013025283813477
2025-10-13,SKU086,17,15.126765,1.873234748840332
2025-10-14,SKU086,15,14.973666,0.02633380889892578
2025-10-15,SKU086,13,15.08854,2.0885400772094727
2025-10-16,SKU086,12,15.063906,3.063905715942383
2025-10-17,SKU086,14,16.325842,2.3258419036865234
2025-10-18,SKU086,16,19.038052,3.0380516052246094
2025-10-19,SKU086,14,20.721918,6.721918106079102
2025-10-20,SKU086,25,14.955796,10.044203758239746
2025-10-21,SKU086,24,18.165232,5.834768295288086
2025-10-22,SKU086,22,19.690723,2.309276580810547
2025-10-23,SKU086,22,20.985485,1.0145149230957031
2025-10-24,SKU086,27,27.510395,0.5103950500488281
2025-10-25,SKU086,28,27.153036,0.8469638824462891
2025-10-26,SKU086,22,26.806599,4.806598663330078
2025-10-27,SKU086,22,20.779198,1.2208023071289062
2025-10-28,SKU086,23,22.882729,0.11727142333984375
2025-10-29,SKU086,26,19.6878,6.312200546264648
2025-10-30,SKU086,20,17.800346,2.1996536254882812
2025-10-31,SKU086,27,21.916306,5.0836944580078125
2025-11-01,SKU086,20,20.37741,0.377410888671875
2025-11-02,SKU086,27,24.616365,2.383634567260742
2025-11-03,SKU086,29,20.726503,8.273496627807617
2025-11-04,SKU086,21,19.629845,1.3701553344726562
2025-11-05,SKU086,23,14.348098,8.651902198791504
2025-11-06,SKU086,16,16.00319,0.0031890869140625
2025-11-07,SKU086,17,15.030147,1.969853401184082
2025-11-08,SKU086,26,15.828804,10.171195983886719
2025-11-09,SKU086,15,17.43075,2.4307498931884766
2025-11-10,SKU086,13,14.402001,1.4020013809204102
2025-11-11,SKU086,16,14.307704,1.692296028137207
2025-11-12,SKU086,14,14.496744,0.49674415588378906
2025-11-13,SKU086,14,14.771152,0.7711515426635742
2025-11-14,SKU086,17,16.88494,0.11506080627441406
2025-11-15,SKU086,27,18.634027,8.365972518920898
2025-11-16,SKU086,16,19.185362,3.185361862182617
2025-11-17,SKU086,19,15.853687,3.146312713623047
2025-11-18,SKU086,12,15.724927,3.7249269485473633
2025-11-19,SKU086,13,16.128574,3.1285743713378906
2025-11-20,SKU086,28,16.112358,11.887641906738281
2025-11-21,SKU086,21,23.06717,2.067169189453125
2025-11-22,SKU086,32,26.517529,5.482471466064453
2025-11-23,SKU086,25,30.105906,5.105905532836914
2025-11-24,SKU086,36,22.622469,13.377531051635742
2025-11-25,SKU086,30,21.91819,8.081809997558594
2025-11-26,SKU086,24,23.552946,0.4470539093017578
2025-11-27,SKU086,16,24.261248,8.261247634887695
2025-11-28,SKU086,29,30.743423,1.7434234619140625
2025-11-29,SKU086,33,31.869837,1.1301631927490234
2025-11-30,SKU086,23,30.768375,7.768375396728516
2025-12-01,SKU086,25,23.567211,1.4327888488769531
2025-12-02,SKU086,17,25.835897,8.835897445678711
2025-12-03,SKU086,22,24.066847,2.0668468475341797
2025-12-04,SKU086,28,23.977577,4.022422790527344
2025-12-05,SKU086,19,26.218882,7.218881607055664
2025-12-06,SKU086,19,23.086704,4.086704254150391
2025-12-07,SKU086,18,20.78547,2.7854690551757812
2025-12-08,SKU086,13,17.145533,4.145532608032227
2025-12-09,SKU086,16,15.924515,0.0754852294921875
2025-12-10,SKU086,16,14.461356,1.5386438369750977
2025-12-11,SKU086,19,14.575189,4.424811363220215
2025-12-12,SKU086,24,16.70434,7.295660018920898
2025-12-13,SKU086,20,18.71201,1.2879905700683594
2025-12-14,SKU086,12,19.245182,7.245182037353516
2025-12-15,SKU086,17,15.447335,1.5526647567749023
2025-12-16,SKU086,13,15.387584,2.3875837326049805
2025-12-17,SKU086,14,15.698159,1.6981592178344727
2025-12-18,SKU086,16,15.815818,0.18418216705322266
2025-12-19,SKU086,17,17.191065,0.19106483459472656
2025-12-20,SKU086,17,18.434345,1.4343452453613281
2025-12-21,SKU086,20,18.284851,1.71514892578125
2025-12-22,SKU086,14,15.430501,1.4305009841918945
2025-12-23,SKU086,13,15.480321,2.480320930480957
2025-12-24,SKU086,16,15.780898,0.2191019058227539
2025-12-25,SKU086,16,15.713029,0.2869710922241211
2025-12-26,SKU086,13,16.703453,3.7034530639648438
2025-12-27,SKU086,19,17.576153,1.4238471984863281
2025-12-28,SKU086,18,17.826609,0.17339134216308594
2025-12-29,SKU086,11,14.810872,3.8108720779418945
2025-12-30,SKU086,13,14.44139,1.441390037536621
2025-12-31,SKU086,8,14.550719,6.550719261169434
2025-09-20,SKU087,18,16.762379,1.2376213073730469
2025-09-21,SKU087,18,18.345846,0.34584617614746094
2025-09-22,SKU087,9,13.4768095,4.476809501647949
2025-09-23,SKU087,12,13.462061,1.4620609283447266
2025-09-24,SKU087,12,13.393027,1.3930273056030273
2025-09-25,SKU087,14,13.182606,0.8173942565917969
2025-09-26,SKU087,13,14.341176,1.3411760330200195
2025-09-27,SKU087,11,16.820763,5.820762634277344
2025-09-28,SKU087,14,17.992142,3.9921417236328125
2025-09-29,SKU087,13,13.106122,0.10612201690673828
2025-09-30,SKU087,26,13.238614,12.761385917663574
2025-10-01,SKU087,20,13.740235,6.259764671325684
2025-10-02,SKU087,20,13.813531,6.186469078063965
2025-10-03,SKU087,22,15.725938,6.274062156677246
2025-10-04,SKU087,15,20.244469,5.244468688964844
2025-10-05,SKU087,14,22.907593,8.9075927734375
2025-10-06,SKU087,13,15.314618,2.3146181106567383
2025-10-07,SKU087,18,15.378621,2.6213788986206055
2025-10-08,SKU087,17,15.728452,1.2715482711791992
2025-10-09,SKU087,16,15.469456,0.5305442810058594
2025-10-10,SKU087,19,16.811052,2.1889476776123047
2025-10-11,SKU087,17,21.610546,4.610546112060547
2025-10-12,SKU087,21,25.950539,4.950538635253906
2025-10-13,SKU087,9,17.351036,8.351036071777344
2025-10-14,SKU087,18,16.85653,1.1434707641601562
2025-10-15,SKU087,20,17.310017,2.689983367919922
2025-10-16,SKU087,20,17.072744,2.927255630493164
2025-10-17,SKU087,11,18.192053,7.192052841186523
2025-10-18,SKU087,25,21.66882,3.3311805725097656
2025-10-19,SKU087,17,27.232218,10.232217788696289
2025-10-20,SKU087,17,18.19682,1.1968193054199219
2025-10-21,SKU087,29,20.628338,8.371662139892578
2025-10-22,SKU087,17,23.366524,6.366523742675781
2025-10-23,SKU087,25,23.254185,1.7458152770996094
2025-10-24,SKU087,30,31.977135,1.9771347045898438
2025-10-25,SKU087,39,31.414927,7.585073471069336
2025-10-26,SKU087,25,32.687973,7.6879730224609375
2025-10-27,SKU087,29,24.521362,4.4786376953125
2025-10-28,SKU087,23,26.855587,3.8555870056152344
2025-10-29,SKU087,20,23.520004,3.5200042724609375
2025-10-30,SKU087,18,22.630642,4.630641937255859
2025-10-31,SKU087,28,25.711227,2.2887725830078125
2025-11-01,SKU087,25,23.229038,1.7709617614746094
2025-11-02,SKU087,28,27.263863,0.7361373901367188
2025-11-03,SKU087,17,22.522678,5.522678375244141
2025-11-04,SKU087,23,21.109802,1.89019775390625
2025-11-05,SKU087,29,15.943988,13.056012153625488
2025-11-06,SKU087,12,17.313831,5.313831329345703
2025-11-07,SKU087,17,16.23595,0.7640495300292969
2025-11-08,SKU087,14,17.222403,3.222402572631836
2025-11-09,SKU087,18,18.673813,0.6738128662109375
2025-11-10,SKU087,11,15.162228,4.162227630615234
2025-11-11,SKU087,12,15.193227,3.1932268142700195
2025-11-12,SKU087,16,14.653062,1.346938133239746
2025-11-13,SKU087,15,14.837162,0.16283798217773438
2025-11-14,SKU087,15,16.654758,1.6547584533691406
2025-11-15,SKU087,15,18.123774,3.1237735748291016
2025-11-16,SKU087,19,18.075275,0.9247245788574219
2025-11-17,SKU087,12,15.060181,3.0601806640625
2025-11-18,SKU087,16,15.187888,0.8121118545532227
2025-11-19,SKU087,22,15.315101,6.68489933013916
2025-11-20,SKU087,18,15.675253,2.324747085571289
2025-11-21,SKU087,28,22.345797,5.654203414916992
2025-11-22,SKU087,34,25.323587,8.676412582397461
2025-11-23,SKU087,34,29.711187,4.288812637329102
2025-11-24,SKU087,27,23.48701,3.512990951538086
2025-11-25,SKU087,21,23.246319,2.246318817138672
2025-11-26,SKU087,22,23.351063,1.3510627746582031
2025-11-27,SKU087,21,23.7402,2.7402000427246094
2025-11-28,SKU087,14,29.847809,15.847808837890625
2025-11-29,SKU087,26,29.891827,3.891826629638672
2025-11-30,SKU087,20,29.620497,9.62049674987793
2025-12-01,SKU087,23,23.940903,0.9409027099609375
2025-12-02,SKU087,25,25.851772,0.8517723083496094
2025-12-03,SKU087,25,24.372154,0.6278457641601562
2025-12-04,SKU087,28,24.331179,3.668821334838867
2025-12-05,SKU087,29,26.194551,2.805448532104492
2025-12-06,SKU087,15,19.383236,4.383235931396484
2025-12-07,SKU087,26,20.195023,5.8049774169921875
2025-12-08,SKU087,16,16.737524,0.7375240325927734
2025-12-09,SKU087,18,16.596123,1.4038772583007812
2025-12-10,SKU087,19,15.022552,3.9774484634399414
2025-12-11,SKU087,15,14.88021,0.11979007720947266
2025-12-12,SKU087,19,17.574574,1.4254264831542969
2025-12-13,SKU087,20,19.669407,0.3305931091308594
2025-12-14,SKU087,18,19.859383,1.8593826293945312
2025-12-15,SKU087,34,16.27127,17.728729248046875
2025-12-16,SKU087,11,17.011236,6.011236190795898
2025-12-17,SKU087,17,16.59737,0.4026298522949219
2025-12-18,SKU087,14,16.851866,2.851865768432617
2025-12-19,SKU087,19,18.508709,0.4912910461425781
2025-12-20,SKU087,18,19.771046,1.7710456848144531
2025-12-21,SKU087,24,19.691837,4.308162689208984
2025-12-22,SKU087,16,16.756876,0.7568759918212891
2025-12-23,SKU087,16,16.924944,0.9249439239501953
2025-12-24,SKU087,19,16.936413,2.063587188720703
2025-12-25,SKU087,16,16.875834,0.8758335113525391
2025-12-26,SKU087,23,18.082561,4.917438507080078
2025-12-27,SKU087,16,19.831234,3.8312339782714844
2025-12-28,SKU087,15,20.040771,5.040771484375
2025-12-29,SKU087,17,16.031214,0.9687862396240234
2025-12-30,SKU087,10,16.249544,6.249544143676758
2025-12-31,SKU087,14,16.273619,2.273618698120117
2025-09-20,SKU088,8,16.86178,8.861780166625977
2025-09-21,SKU088,14,17.39433,3.394329071044922
2025-09-22,SKU088,11,12.615048,1.6150484085083008
2025-09-23,SKU088,17,12.821859,4.178140640258789
2025-09-24,SKU088,7,13.1643095,6.164309501647949
2025-09-25,SKU088,10,12.53363,2.53363037109375
2025-09-26,SKU088,15,13.4074335,1.5925664901733398
2025-09-27,SKU088,20,16.042961,3.9570388793945312
2025-09-28,SKU088,15,17.632431,2.6324310302734375
2025-09-29,SKU088,11,12.845716,1.8457164764404297
2025-09-30,SKU088,9,12.979243,3.979243278503418
2025-10-01,SKU088,17,12.911338,4.088662147521973
2025-10-02,SKU088,17,13.109947,3.8900527954101562
2025-10-03,SKU088,15,14.503417,0.4965829849243164
2025-10-04,SKU088,18,17.882217,0.1177825927734375
2025-10-05,SKU088,17,20.331408,3.3314075469970703
2025-10-06,SKU088,14,14.192952,0.19295215606689453
2025-10-07,SKU088,14,14.413634,0.4136343002319336
2025-10-08,SKU088,15,14.734253,0.2657470703125
2025-10-09,SKU088,19,14.479926,4.520073890686035
2025-10-10,SKU088,25,15.818996,9.18100357055664
2025-10-11,SKU088,22,20.270037,1.7299633026123047
2025-10-12,SKU088,21,24.11599,3.1159896850585938
2025-10-13,SKU088,18,16.315987,1.6840133666992188
2025-10-14,SKU088,12,16.951736,4.9517364501953125
2025-10-15,SKU088,15,17.110916,2.1109161376953125
2025-10-16,SKU088,20,16.379118,3.620882034301758
2025-10-17,SKU088,12,17.660587,5.660587310791016
2025-10-18,SKU088,23,21.857607,1.1423931121826172
2025-10-19,SKU088,20,27.74612,7.746120452880859
2025-10-20,SKU088,25,18.63631,6.363689422607422
2025-10-21,SKU088,20,22.233334,2.2333335876464844
2025-10-22,SKU088,33,23.326565,9.67343521118164
2025-10-23,SKU088,18,26.096481,8.096481323242188
2025-10-24,SKU088,33,32.526527,0.47347259521484375
2025-10-25,SKU088,25,34.536533,9.53653335571289
2025-10-26,SKU088,26,31.646978,5.646978378295898
2025-10-27,SKU088,20,23.75427,3.754270553588867
2025-10-28,SKU088,22,26.906466,4.906465530395508
2025-10-29,SKU088,23,25.902092,2.9020919799804688
2025-10-30,SKU088,20,23.70507,3.7050704956054688
2025-10-31,SKU088,22,28.061317,6.061317443847656
2025-11-01,SKU088,41,27.830294,13.169706344604492
2025-11-02,SKU088,32,28.186659,3.8133411407470703
2025-11-03,SKU088,21,25.082859,4.082859039306641
2025-11-04,SKU088,21,22.690155,1.690155029296875
2025-11-05,SKU088,27,16.443016,10.556983947753906
2025-11-06,SKU088,17,17.929468,0.9294681549072266
2025-11-07,SKU088,24,17.195953,6.804046630859375
2025-11-08,SKU088,21,18.872704,2.1272964477539062
2025-11-09,SKU088,20,20.21241,0.21240997314453125
2025-11-10,SKU088,20,16.094082,3.9059181213378906
2025-11-11,SKU088,25,16.552738,8.447261810302734
2025-11-12,SKU088,16,15.770864,0.22913646697998047
2025-11-13,SKU088,12,15.882798,3.882798194885254
2025-11-14,SKU088,17,19.368565,2.3685646057128906
2025-11-15,SKU088,21,21.254162,0.2541618347167969
2025-11-16,SKU088,14,20.80901,6.809009552001953
2025-11-17,SKU088,17,16.713106,0.2868938446044922
2025-11-18,SKU088,15,16.87966,1.879659652709961
2025-11-19,SKU088,16,16.927248,0.9272480010986328
2025-11-20,SKU088,25,16.834324,8.16567611694336
2025-11-21,SKU088,29,24.490013,4.509986877441406
2025-11-22,SKU088,19,27.501568,8.501567840576172
2025-11-23,SKU088,28,31.827415,3.8274154663085938
2025-11-24,SKU088,18,23.659588,5.659587860107422
2025-11-25,SKU088,28,24.156443,3.843557357788086
2025-11-26,SKU088,27,24.96013,2.0398693084716797
2025-11-27,SKU088,21,25.729855,4.729854583740234
2025-11-28,SKU088,32,32.894054,0.8940544128417969
2025-11-29,SKU088,35,33.612686,1.3873138427734375
2025-11-30,SKU088,31,34.504463,3.5044631958007812
2025-12-01,SKU088,20,25.260475,5.260475158691406
2025-12-02,SKU088,31,27.239506,3.7604942321777344
2025-12-03,SKU088,21,26.836311,5.836311340332031
2025-12-04,SKU088,25,26.266052,1.26605224609375
2025-12-05,SKU088,24,31.498892,7.498891830444336
2025-12-06,SKU088,20,29.17177,9.171770095825195
2025-12-07,SKU088,17,24.436811,7.436811447143555
2025-12-08,SKU088,16,18.565437,2.5654373168945312
2025-12-09,SKU088,9,18.979395,9.979394912719727
2025-12-10,SKU088,12,16.574057,4.574056625366211
2025-12-11,SKU088,22,16.064434,5.935565948486328
2025-12-12,SKU088,15,18.330671,3.3306713104248047
2025-12-13,SKU088,18,20.044542,2.0445423126220703
2025-12-14,SKU088,21,20.216948,0.7830524444580078
2025-12-15,SKU088,15,16.70377,1.7037696838378906
2025-12-16,SKU088,16,16.868013,0.8680133819580078
2025-12-17,SKU088,15,16.677412,1.6774120330810547
2025-12-18,SKU088,13,16.499819,3.499818801879883
2025-12-19,SKU088,24,17.766045,6.233955383300781
2025-12-20,SKU088,21,19.44029,1.5597095489501953
2025-12-21,SKU088,12,19.864466,7.864465713500977
2025-12-22,SKU088,12,15.795131,3.795130729675293
2025-12-23,SKU088,26,15.738365,10.261634826660156
2025-12-24,SKU088,15,16.623352,1.62335205078125
2025-12-25,SKU088,22,16.35492,5.64508056640625
2025-12-26,SKU088,17,18.182808,1.1828079223632812
2025-12-27,SKU088,20,19.542362,0.4576377868652344
2025-12-28,SKU088,20,19.555506,0.44449424743652344
2025-12-29,SKU088,14,16.071005,2.071004867553711
2025-12-30,SKU088,15,16.17987,1.17987060546875
2025-12-31,SKU088,13,16.186188,3.186187744140625
2025-09-20,SKU089,23,15.436568,7.563431739807129
2025-09-21,SKU089,13,16.79453,3.7945308685302734
2025-09-22,SKU089,10,12.521712,2.521712303161621
2025-09-23,SKU089,11,12.54041,1.540410041809082
2025-09-24,SKU089,13,12.410632,0.5893678665161133
2025-09-25,SKU089,10,12.480097,2.4800968170166016
2025-09-26,SKU089,12,13.472831,1.4728307723999023
2025-09-27,SKU089,16,15.694632,0.30536842346191406
2025-09-28,SKU089,14,16.683168,2.683168411254883
2025-09-29,SKU089,13,12.594929,0.4050712585449219
2025-09-30,SKU089,12,12.706193,0.7061929702758789
2025-10-01,SKU089,12,12.561844,0.5618438720703125
2025-10-02,SKU089,16,12.62708,3.372920036315918
2025-10-03,SKU089,13,14.282374,1.282374382019043
2025-10-04,SKU089,22,16.768194,5.231805801391602
2025-10-05,SKU089,13,18.737719,5.73771858215332
2025-10-06,SKU089,17,13.578346,3.4216537475585938
2025-10-07,SKU089,14,13.678624,0.32137584686279297
2025-10-08,SKU089,12,13.859759,1.8597593307495117
2025-10-09,SKU089,14,13.773076,0.22692394256591797
2025-10-10,SKU089,10,15.134429,5.134428977966309
2025-10-11,SKU089,20,17.565617,2.4343833923339844
2025-10-12,SKU089,18,19.698488,1.6984882354736328
2025-10-13,SKU089,14,14.411675,0.41167545318603516
2025-10-14,SKU089,9,14.325185,5.3251848220825195
2025-10-15,SKU089,15,14.077132,0.9228677749633789
2025-10-16,SKU089,10,14.104973,4.104972839355469
2025-10-17,SKU089,17,14.794442,2.2055578231811523
2025-10-18,SKU089,17,17.672977,0.6729774475097656
2025-10-19,SKU089,13,19.164562,6.164562225341797
2025-10-20,SKU089,12,13.833589,1.8335886001586914
2025-10-21,SKU089,14,16.62977,2.629770278930664
2025-10-22,SKU089,25,17.723492,7.276508331298828
2025-10-23,SKU089,19,18.48964,0.5103607177734375
2025-10-24,SKU089,26,23.536875,2.463125228881836
2025-10-25,SKU089,23,24.25014,1.2501392364501953
2025-10-26,SKU089,32,22.420498,9.57950210571289
2025-10-27,SKU089,21,18.43003,2.5699691772460938
2025-10-28,SKU089,26,20.434383,5.565616607666016
2025-10-29,SKU089,17,18.645351,1.6453514099121094
2025-10-30,SKU089,21,16.202785,4.797214508056641
2025-10-31,SKU089,23,20.837868,2.1621322631835938
2025-11-01,SKU089,26,20.07885,5.921150207519531
2025-11-02,SKU089,31,22.524567,8.475433349609375
2025-11-03,SKU089,16,19.677757,3.6777572631835938
2025-11-04,SKU089,17,18.92575,1.925750732421875
2025-11-05,SKU089,18,14.698121,3.3018789291381836
2025-11-06,SKU089,15,14.308059,0.6919412612915039
2025-11-07,SKU089,17,14.344146,2.6558542251586914
2025-11-08,SKU089,22,15.520946,6.4790544509887695
2025-11-09,SKU089,23,16.664896,6.335103988647461
2025-11-10,SKU089,13,14.095237,1.0952367782592773
2025-11-11,SKU089,13,14.26488,1.2648801803588867
2025-11-12,SKU089,11,13.8807745,2.88077449798584
2025-11-13,SKU089,11,13.917258,2.9172582626342773
2025-11-14,SKU089,19,15.852776,3.1472244262695312
2025-11-15,SKU089,20,17.504269,2.4957313537597656
2025-11-16,SKU089,13,17.722368,4.722368240356445
2025-11-17,SKU089,9,14.318358,5.318358421325684
2025-11-18,SKU089,15,14.299108,0.700892448425293
2025-11-19,SKU089,14,14.603162,0.6031618118286133
2025-11-20,SKU089,24,14.93182,9.068180084228516
2025-11-21,SKU089,34,21.70301,12.296989440917969
2025-11-22,SKU089,27,24.379673,2.6203269958496094
2025-11-23,SKU089,26,28.781935,2.7819347381591797
2025-11-24,SKU089,27,21.290295,5.709705352783203
2025-11-25,SKU089,28,21.322533,6.677467346191406
2025-11-26,SKU089,18,22.404966,4.404966354370117
2025-11-27,SKU089,26,22.506931,3.4930686950683594
2025-11-28,SKU089,29,29.309624,0.30962371826171875
2025-11-29,SKU089,30,29.209637,0.7903633117675781
2025-11-30,SKU089,25,28.498184,3.4981842041015625
2025-12-01,SKU089,17,21.293446,4.293445587158203
2025-12-02,SKU089,21,23.521584,2.5215835571289062
2025-12-03,SKU089,25,23.258133,1.7418670654296875
2025-12-04,SKU089,20,21.720701,1.7207012176513672
2025-12-05,SKU089,23,23.56528,0.5652809143066406
2025-12-06,SKU089,17,22.363646,5.363645553588867
2025-12-07,SKU089,15,20.15686,5.1568603515625
2025-12-08,SKU089,13,16.367624,3.367624282836914
2025-12-09,SKU089,11,15.694061,4.694061279296875
2025-12-10,SKU089,15,14.233958,0.7660417556762695
2025-12-11,SKU089,13,14.175541,1.1755409240722656
2025-12-12,SKU089,16,16.045977,0.04597663879394531
2025-12-13,SKU089,19,17.705116,1.2948837280273438
2025-12-14,SKU089,22,18.042068,3.9579315185546875
2025-12-15,SKU089,13,15.319655,2.319655418395996
2025-12-16,SKU089,16,15.354473,0.6455268859863281
2025-12-17,SKU089,13,15.402325,2.402324676513672
2025-12-18,SKU089,7,15.631265,8.631264686584473
2025-12-19,SKU089,14,16.527443,2.5274429321289062
2025-12-20,SKU089,24,17.451624,6.548376083374023
2025-12-21,SKU089,13,17.992899,4.992898941040039
2025-12-22,SKU089,14,14.715514,0.7155141830444336
2025-12-23,SKU089,13,14.729689,1.7296886444091797
2025-12-24,SKU089,9,15.0638,6.063799858093262
2025-12-25,SKU089,19,14.766189,4.233811378479004
2025-12-26,SKU089,17,16.083122,0.9168777465820312
2025-12-27,SKU089,14,17.288229,3.288228988647461
2025-12-28,SKU089,18,17.058544,0.9414558410644531
2025-12-29,SKU089,15,13.947515,1.052485466003418
2025-12-30,SKU089,18,14.129228,3.870772361755371
2025-12-31,SKU089,17,14.333311,2.666688919067383
2025-09-20,SKU090,15,17.401184,2.40118408203125
2025-09-21,SKU090,15,19.273752,4.273752212524414
2025-09-22,SKU090,18,13.69129,4.308710098266602
2025-09-23,SKU090,15,14.06227,0.9377298355102539
2025-09-24,SKU090,9,14.171447,5.171446800231934
2025-09-25,SKU090,15,13.55535,1.4446496963500977
2025-09-26,SKU090,14,14.9367895,0.9367895126342773
2025-09-27,SKU090,12,18.033585,6.0335845947265625
2025-09-28,SKU090,11,19.802698,8.802698135375977
2025-09-29,SKU090,13,13.704045,0.704045295715332
2025-09-30,SKU090,12,13.699893,1.6998929977416992
2025-10-01,SKU090,10,13.671413,3.6714134216308594
2025-10-02,SKU090,20,13.30355,6.696450233459473
2025-10-03,SKU090,16,14.886375,1.1136245727539062
2025-10-04,SKU090,23,17.949112,5.0508880615234375
2025-10-05,SKU090,28,21.039185,6.9608154296875
2025-10-06,SKU090,17,15.267248,1.7327518463134766
2025-10-07,SKU090,16,15.911105,0.08889484405517578
2025-10-08,SKU090,19,16.173319,2.826681137084961
2025-10-09,SKU090,10,15.864663,5.864663124084473
2025-10-10,SKU090,13,16.673603,3.673603057861328
2025-10-11,SKU090,23,21.858047,1.1419525146484375
2025-10-12,SKU090,20,27.531862,7.531862258911133
2025-10-13,SKU090,18,18.270508,0.2705078125
2025-10-14,SKU090,7,17.875317,10.875316619873047
2025-10-15,SKU090,18,17.657568,0.34243202209472656
2025-10-16,SKU090,15,17.245739,2.245738983154297
2025-10-17,SKU090,22,18.01264,3.9873600006103516
2025-10-18,SKU090,24,23.020042,0.9799575805664062
2025-10-19,SKU090,17,28.139471,11.139471054077148
2025-10-20,SKU090,27,18.301352,8.698648452758789
2025-10-21,SKU090,19,21.69577,2.695770263671875
2025-10-22,SKU090,23,22.719519,0.28048133850097656
2025-10-23,SKU090,30,24.755314,5.244686126708984
2025-10-24,SKU090,28,32.356937,4.356937408447266
2025-10-25,SKU090,33,31.946815,1.0531845092773438
2025-10-26,SKU090,38,31.501556,6.498443603515625
2025-10-27,SKU090,35,25.064209,9.935791015625
2025-10-28,SKU090,33,27.466743,5.533256530761719
2025-10-29,SKU090,25,20.957489,4.042510986328125
2025-10-30,SKU090,27,20.376442,6.623558044433594
2025-10-31,SKU090,30,25.903389,4.096611022949219
2025-11-01,SKU090,32,25.375935,6.624065399169922
2025-11-02,SKU090,25,30.045078,5.045078277587891
2025-11-03,SKU090,24,24.9747,0.974700927734375
2025-11-04,SKU090,28,24.2221,3.7779006958007812
2025-11-05,SKU090,20,18.99686,1.0031394958496094
2025-11-06,SKU090,12,19.570034,7.570034027099609
2025-11-07,SKU090,22,20.423737,1.576263427734375
2025-11-08,SKU090,25,21.738033,3.2619667053222656
2025-11-09,SKU090,26,22.681973,3.3180274963378906
2025-11-10,SKU090,21,18.134737,2.865262985229492
2025-11-11,SKU090,18,19.011747,1.0117473602294922
2025-11-12,SKU090,13,18.328777,5.328777313232422
2025-11-13,SKU090,12,17.604988,5.604988098144531
2025-11-14,SKU090,16,19.859655,3.8596553802490234
2025-11-15,SKU090,24,21.119656,2.8803443908691406
2025-11-16,SKU090,21,21.217384,0.21738433837890625
2025-11-17,SKU090,15,17.765404,2.7654037475585938
2025-11-18,SKU090,18,17.731207,0.26879310607910156
2025-11-19,SKU090,18,17.598537,0.4014625549316406
2025-11-20,SKU090,25,17.231834,7.768165588378906
2025-11-21,SKU090,31,24.960323,6.039676666259766
2025-11-22,SKU090,32,28.990467,3.009532928466797
2025-11-23,SKU090,32,34.42728,2.4272804260253906
2025-11-24,SKU090,26,26.42952,0.4295196533203125
2025-11-25,SKU090,24,26.22638,2.22637939453125
2025-11-26,SKU090,25,26.49242,1.4924201965332031
2025-11-27,SKU090,21,27.470871,6.4708709716796875
2025-11-28,SKU090,25,34.294872,9.294872283935547
2025-11-29,SKU090,20,33.8221,13.822101593017578
2025-11-30,SKU090,29,32.78113,3.7811317443847656
2025-12-01,SKU090,34,26.681068,7.318931579589844
2025-12-02,SKU090,19,29.819397,10.81939697265625
2025-12-03,SKU090,27,26.224724,0.7752761840820312
2025-12-04,SKU090,34,27.875847,6.124153137207031
2025-12-05,SKU090,39,29.83815,9.161849975585938
2025-12-06,SKU090,23,27.629719,4.629718780517578
2025-12-07,SKU090,19,23.825989,4.82598876953125
2025-12-08,SKU090,19,18.707788,0.29221153259277344
2025-12-09,SKU090,14,19.062359,5.062358856201172
2025-12-10,SKU090,17,17.494595,0.4945945739746094
2025-12-11,SKU090,14,16.802088,2.8020877838134766
2025-12-12,SKU090,16,19.916784,3.9167842864990234
2025-12-13,SKU090,27,21.918499,5.081501007080078
2025-12-14,SKU090,21,21.870535,0.8705348968505859
2025-12-15,SKU090,16,18.008371,2.008371353149414
2025-12-16,SKU090,16,17.803083,1.8030834197998047
2025-12-17,SKU090,17,17.411701,0.4117012023925781
2025-12-18,SKU090,18,17.061548,0.9384517669677734
2025-12-19,SKU090,16,18.33313,2.3331298828125
2025-12-20,SKU090,20,19.899277,0.1007232666015625
2025-12-21,SKU090,24,20.28054,3.7194595336914062
2025-12-22,SKU090,15,17.160072,2.1600723266601562
2025-12-23,SKU090,15,17.232304,2.2323036193847656
2025-12-24,SKU090,19,17.140427,1.8595733642578125
2025-12-25,SKU090,15,16.967585,1.9675846099853516
2025-12-26,SKU090,22,18.04943,3.9505691528320312
2025-12-27,SKU090,24,19.78482,4.215179443359375
2025-12-28,SKU090,16,20.75473,4.754730224609375
2025-12-29,SKU090,24,16.634449,7.365550994873047
2025-12-30,SKU090,11,16.927052,5.927051544189453
2025-12-31,SKU090,17,16.727184,0.2728157043457031
2025-09-20,SKU091,11,10.040301,0.9596986770629883
2025-09-21,SKU091,9,10.08469,1.0846900939941406
2025-09-22,SKU091,8,8.211274,0.2112741470336914
2025-09-23,SKU091,10,8.422917,1.577082633972168
2025-09-24,SKU091,9,8.20663,0.793370246887207
2025-09-25,SKU091,9,8.421191,0.5788087844848633
2025-09-26,SKU091,8,9.381222,1.3812217712402344
2025-09-27,SKU091,12,10.541207,1.4587926864624023
2025-09-28,SKU091,7,10.663935,3.6639347076416016
2025-09-29,SKU091,9,8.569813,0.4301872253417969
2025-09-30,SKU091,6,8.761794,2.761794090270996
2025-10-01,SKU091,8,8.406379,0.40637874603271484
2025-10-02,SKU091,11,8.600037,2.39996337890625
2025-10-03,SKU091,12,9.698762,2.3012380599975586
2025-10-04,SKU091,10,11.144301,1.144301414489746
2025-10-05,SKU091,12,11.261451,0.7385492324829102
2025-10-06,SKU091,8,9.125493,1.125493049621582
2025-10-07,SKU091,10,9.322526,0.6774740219116211
2025-10-08,SKU091,9,9.070369,0.07036876678466797
2025-10-09,SKU091,10,9.245541,0.7544593811035156
2025-10-10,SKU091,12,10.310733,1.6892671585083008
2025-10-11,SKU091,12,11.96895,0.031049728393554688
2025-10-12,SKU091,11,12.312525,1.3125247955322266
2025-10-13,SKU091,10,9.7825775,0.2174224853515625
2025-10-14,SKU091,10,9.930175,0.0698251724243164
2025-10-15,SKU091,10,9.640288,0.3597116470336914
2025-10-16,SKU091,10,9.860407,0.13959312438964844
2025-10-17,SKU091,7,10.891759,3.891758918762207
2025-10-18,SKU091,9,12.168095,3.1680946350097656
2025-10-19,SKU091,12,12.400401,0.40040111541748047
2025-10-20,SKU091,16,9.979226,6.020773887634277
2025-10-21,SKU091,10,13.170964,3.170964241027832
2025-10-22,SKU091,12,13.106206,1.106205940246582
2025-10-23,SKU091,13,13.9584,0.958399772644043
2025-10-24,SKU091,18,16.757364,1.242635726928711
2025-10-25,SKU091,17,16.425978,0.5740222930908203
2025-10-26,SKU091,23,16.117308,6.882692337036133
2025-10-27,SKU091,9,13.741631,4.741630554199219
2025-10-28,SKU091,15,14.41068,0.589320182800293
2025-10-29,SKU091,16,13.886716,2.113284111022949
2025-10-30,SKU091,13,12.729037,0.2709627151489258
2025-10-31,SKU091,14,15.577643,1.5776433944702148
2025-11-01,SKU091,18,15.259934,2.740065574645996
2025-11-02,SKU091,15,16.336752,1.336751937866211
2025-11-03,SKU091,13,13.75502,0.7550201416015625
2025-11-04,SKU091,17,13.648656,3.351344108581543
2025-11-05,SKU091,19,10.872181,8.127819061279297
2025-11-06,SKU091,9,10.146214,1.1462135314941406
2025-11-07,SKU091,16,10.0630665,5.936933517456055
2025-11-08,SKU091,13,11.123219,1.8767814636230469
2025-11-09,SKU091,15,11.814506,3.1854944229125977
2025-11-10,SKU091,12,9.88421,2.115790367126465
2025-11-11,SKU091,9,10.070975,1.0709753036499023
2025-11-12,SKU091,11,9.707393,1.292607307434082
2025-11-13,SKU091,6,9.931697,3.931696891784668
2025-11-14,SKU091,13,11.172232,1.827768325805664
2025-11-15,SKU091,11,12.45949,1.4594898223876953
2025-11-16,SKU091,12,12.500961,0.5009613037109375
2025-11-17,SKU091,10,10.481984,0.48198413848876953
2025-11-18,SKU091,9,10.77752,1.7775201797485352
2025-11-19,SKU091,11,11.058819,0.058818817138671875
2025-11-20,SKU091,14,11.1761465,2.8238534927368164
2025-11-21,SKU091,14,16.502176,2.502176284790039
2025-11-22,SKU091,21,17.55383,3.4461708068847656
2025-11-23,SKU091,24,18.910173,5.089826583862305
2025-11-24,SKU091,18,14.984362,3.0156383514404297
2025-11-25,SKU091,17,15.135602,1.8643980026245117
2025-11-26,SKU091,11,15.979146,4.9791460037231445
2025-11-27,SKU091,11,15.506092,4.506092071533203
2025-11-28,SKU091,16,17.704193,1.704193115234375
2025-11-29,SKU091,20,18.151836,1.8481636047363281
2025-11-30,SKU091,25,17.631325,7.368675231933594
2025-12-01,SKU091,17,15.545952,1.4540481567382812
2025-12-02,SKU091,15,16.329939,1.3299388885498047
2025-12-03,SKU091,16,16.03357,0.0335693359375
2025-12-04,SKU091,8,15.386327,7.386326789855957
2025-12-05,SKU091,13,16.77758,3.7775802612304688
2025-12-06,SKU091,11,14.9969225,3.996922492980957
2025-12-07,SKU091,11,13.462738,2.462738037109375
2025-12-08,SKU091,9,11.016733,2.016733169555664
2025-12-09,SKU091,7,10.829061,3.8290605545043945
2025-12-10,SKU091,13,9.77497,3.225029945373535
2025-12-11,SKU091,11,9.677716,1.3222837448120117
2025-12-12,SKU091,13,10.754888,2.245112419128418
2025-12-13,SKU091,13,12.109436,0.89056396484375
2025-12-14,SKU091,15,12.543158,2.4568424224853516
2025-12-15,SKU091,10,10.540615,0.5406150817871094
2025-12-16,SKU091,7,10.775491,3.7754907608032227
2025-12-17,SKU091,5,10.818862,5.818861961364746
2025-12-18,SKU091,11,10.791149,0.20885086059570312
2025-12-19,SKU091,13,11.864212,1.1357879638671875
2025-12-20,SKU091,11,13.006637,2.006636619567871
2025-12-21,SKU091,13,12.905151,0.0948486328125
2025-12-22,SKU091,14,10.539794,3.4602060317993164
2025-12-23,SKU091,8,10.92763,2.9276304244995117
2025-12-24,SKU091,10,11.083463,1.0834627151489258
2025-12-25,SKU091,9,10.9249735,1.924973487854004
2025-12-26,SKU091,11,11.503922,0.5039224624633789
2025-12-27,SKU091,10,12.53805,2.5380496978759766
2025-12-28,SKU091,15,12.474038,2.5259618759155273
2025-12-29,SKU091,12,10.119548,1.8804521560668945
2025-12-30,SKU091,8,10.238518,2.2385177612304688
2025-12-31,SKU091,9,10.177548,1.1775484085083008
2025-09-20,SKU092,9,8.304903,0.6950969696044922
2025-09-21,SKU092,10,8.419099,1.5809011459350586
2025-09-22,SKU092,6,6.755876,0.7558760643005371
2025-09-23,SKU092,7,6.764323,0.23567676544189453
2025-09-24,SKU092,6,6.488262,0.4882621765136719
2025-09-25,SKU092,7,6.7354608,0.2645392417907715
2025-09-26,SKU092,8,7.6229405,0.3770594596862793
2025-09-27,SKU092,8,8.729467,0.7294673919677734
2025-09-28,SKU092,8,8.824389,0.8243894577026367
2025-09-29,SKU092,5,6.96675,1.966750144958496
2025-09-30,SKU092,7,6.8406377,0.1593623161315918
2025-10-01,SKU092,7,6.476331,0.5236687660217285
2025-10-02,SKU092,6,6.8206153,0.820615291595459
2025-10-03,SKU092,10,7.7672334,2.232766628265381
2025-10-04,SKU092,11,9.0922,1.9077997207641602
2025-10-05,SKU092,12,9.549651,2.4503488540649414
2025-10-06,SKU092,8,7.693023,0.3069767951965332
2025-10-07,SKU092,6,7.7881374,1.788137435913086
2025-10-08,SKU092,9,7.3839374,1.6160626411437988
2025-10-09,SKU092,4,7.685343,3.685342788696289
2025-10-10,SKU092,9,8.467189,0.532811164855957
2025-10-11,SKU092,7,9.72979,2.7297897338867188
2025-10-12,SKU092,10,9.978948,0.02105236053466797
2025-10-13,SKU092,7,7.857309,0.8573088645935059
2025-10-14,SKU092,6,7.8246164,1.8246164321899414
2025-10-15,SKU092,9,7.4065795,1.5934205055236816
2025-10-16,SKU092,6,7.679707,1.6797070503234863
2025-10-17,SKU092,10,8.512247,1.487752914428711
2025-10-18,SKU092,11,9.874545,1.1254549026489258
2025-10-19,SKU092,6,10.411961,4.411960601806641
2025-10-20,SKU092,12,8.147296,3.8527040481567383
2025-10-21,SKU092,16,10.259791,5.740208625793457
2025-10-22,SKU092,12,10.799046,1.2009544372558594
2025-10-23,SKU092,11,11.295842,0.29584217071533203
2025-10-24,SKU092,17,13.777343,3.2226572036743164
2025-10-25,SKU092,16,13.59032,2.4096803665161133
2025-10-26,SKU092,19,14.55391,4.446089744567871
2025-10-27,SKU092,14,11.788331,2.2116689682006836
2025-10-28,SKU092,7,12.170712,5.170712471008301
2025-10-29,SKU092,14,10.691939,3.308060646057129
2025-10-30,SKU092,9,9.936677,0.9366769790649414
2025-10-31,SKU092,15,11.549127,3.450873374938965
2025-11-01,SKU092,22,11.433195,10.566804885864258
2025-11-02,SKU092,14,13.789118,0.21088218688964844
2025-11-03,SKU092,13,11.760264,1.2397356033325195
2025-11-04,SKU092,12,11.26702,0.7329797744750977
2025-11-05,SKU092,10,9.302308,0.6976919174194336
2025-11-06,SKU092,5,9.033413,4.033412933349609
2025-11-07,SKU092,7,8.941514,1.941514015197754
2025-11-08,SKU092,10,9.614557,0.38544273376464844
2025-11-09,SKU092,8,10.269566,2.2695655822753906
2025-11-10,SKU092,8,8.404067,0.4040670394897461
2025-11-11,SKU092,8,8.481884,0.4818840026855469
2025-11-12,SKU092,8,8.212535,0.21253490447998047
2025-11-13,SKU092,9,8.507099,0.4929008483886719
2025-11-14,SKU092,9,9.566734,0.5667343139648438
2025-11-15,SKU092,8,10.468335,2.4683351516723633
2025-11-16,SKU092,12,10.643716,1.3562841415405273
2025-11-17,SKU092,7,8.740565,1.740565299987793
2025-11-18,SKU092,10,9.013112,0.9868879318237305
2025-11-19,SKU092,7,9.600691,2.6006908416748047
2025-11-20,SKU092,15,9.595329,5.404670715332031
2025-11-21,SKU092,6,14.166034,8.166033744812012
2025-11-22,SKU092,11,14.3185835,3.3185834884643555
2025-11-23,SKU092,15,14.4047365,0.5952634811401367
2025-11-24,SKU092,7,11.854779,4.854779243469238
2025-11-25,SKU092,25,12.076755,12.923245429992676
2025-11-26,SKU092,13,13.615535,0.615534782409668
2025-11-27,SKU092,13,12.670527,0.32947254180908203
2025-11-28,SKU092,11,15.045308,4.0453081130981445
2025-11-29,SKU092,15,14.934269,0.06573104858398438
2025-11-30,SKU092,17,15.182624,1.8173761367797852
2025-12-01,SKU092,9,12.396363,3.3963632583618164
2025-12-02,SKU092,13,12.411269,0.5887308120727539
2025-12-03,SKU092,12,12.067562,0.06756210327148438
2025-12-04,SKU092,17,10.726571,6.273428916931152
2025-12-05,SKU092,15,11.77364,3.226360321044922
2025-12-06,SKU092,7,11.246514,4.246514320373535
2025-12-07,SKU092,10,10.671609,0.6716089248657227
2025-12-08,SKU092,10,8.760912,1.2390880584716797
2025-12-09,SKU092,6,8.703573,2.703573226928711
2025-12-10,SKU092,9,8.238847,0.7611532211303711
2025-12-11,SKU092,7,8.404222,1.404221534729004
2025-12-12,SKU092,8,9.207537,1.2075366973876953
2025-12-13,SKU092,11,10.162089,0.8379106521606445
2025-12-14,SKU092,15,10.469665,4.530335426330566
2025-12-15,SKU092,8,8.747343,0.7473430633544922
2025-12-16,SKU092,6,9.106209,3.1062088012695312
2025-12-17,SKU092,8,8.968625,0.9686250686645508
2025-12-18,SKU092,9,9.078917,0.07891654968261719
2025-12-19,SKU092,13,9.783565,3.216435432434082
2025-12-20,SKU092,10,11.011205,1.011204719543457
2025-12-21,SKU092,12,11.132052,0.8679475784301758
2025-12-22,SKU092,7,9.115861,2.115860939025879
2025-12-23,SKU092,8,9.428194,1.4281940460205078
2025-12-24,SKU092,8,9.593066,1.5930662155151367
2025-12-25,SKU092,5,9.618569,4.618569374084473
2025-12-26,SKU092,9,9.719262,0.7192621231079102
2025-12-27,SKU092,11,10.435724,0.5642757415771484
2025-12-28,SKU092,7,10.641725,3.6417245864868164
2025-12-29,SKU092,10,8.632432,1.367568016052246
2025-12-30,SKU092,10,8.720206,1.2797937393188477
2025-12-31,SKU092,7,8.679544,1.679544448852539
2025-09-20,SKU093,9,16.969923,7.96992301940918
2025-09-21,SKU093,13,17.459517,4.459516525268555
2025-09-22,SKU093,12,12.94062,0.9406204223632812
2025-09-23,SKU093,19,12.964957,6.035042762756348
2025-09-24,SKU093,14,12.976781,1.023219108581543
2025-09-25,SKU093,10,12.932132,2.932131767272949
2025-09-26,SKU093,9,14.158946,5.1589460372924805
2025-09-27,SKU093,19,16.369907,2.6300926208496094
2025-09-28,SKU093,24,17.850452,6.149547576904297
2025-09-29,SKU093,15,13.584586,1.4154138565063477
2025-09-30,SKU093,14,13.719182,0.28081798553466797
2025-10-01,SKU093,18,13.650449,4.349551200866699
2025-10-02,SKU093,18,14.06627,3.933730125427246
2025-10-03,SKU093,22,15.855983,6.144017219543457
2025-10-04,SKU093,17,19.643305,2.6433048248291016
2025-10-05,SKU093,31,22.005894,8.99410629272461
2025-10-06,SKU093,22,16.067633,5.932367324829102
2025-10-07,SKU093,14,16.704166,2.7041664123535156
2025-10-08,SKU093,13,16.78224,3.7822399139404297
2025-10-09,SKU093,19,16.40393,2.5960693359375
2025-10-10,SKU093,20,18.17223,1.8277702331542969
2025-10-11,SKU093,16,22.91679,6.916790008544922
2025-10-12,SKU093,24,27.495243,3.4952430725097656
2025-10-13,SKU093,12,18.175312,6.175312042236328
2025-10-14,SKU093,16,17.827782,1.8277816772460938
2025-10-15,SKU093,15,18.06535,3.065349578857422
2025-10-16,SKU093,22,17.608654,4.391345977783203
2025-10-17,SKU093,18,19.344826,1.3448257446289062
2025-10-18,SKU093,19,23.448788,4.448787689208984
2025-10-19,SKU093,22,28.787546,6.787546157836914
2025-10-20,SKU093,35,18.854637,16.145362854003906
2025-10-21,SKU093,25,22.528221,2.4717788696289062
2025-10-22,SKU093,14,23.987484,9.987483978271484
2025-10-23,SKU093,24,26.400711,2.4007110595703125
2025-10-24,SKU093,26,33.94284,7.942840576171875
2025-10-25,SKU093,18,32.43419,14.434188842773438
2025-10-26,SKU093,30,33.38065,3.3806495666503906
2025-10-27,SKU093,39,26.10493,12.895069122314453
2025-10-28,SKU093,29,30.020956,1.020956039428711
2025-10-29,SKU093,26,21.863136,4.136863708496094
2025-10-30,SKU093,19,26.870354,7.870353698730469
2025-10-31,SKU093,16,26.708485,10.708484649658203
2025-11-01,SKU093,28,27.966465,0.033535003662109375
2025-11-02,SKU093,29,28.41361,0.5863895416259766
2025-11-03,SKU093,23,25.909363,2.90936279296875
2025-11-04,SKU093,26,23.46381,2.5361900329589844
2025-11-05,SKU093,28,15.6462965,12.353703498840332
2025-11-06,SKU093,13,17.54654,4.546539306640625
2025-11-07,SKU093,30,16.319366,13.680633544921875
2025-11-08,SKU093,19,17.430454,1.5695457458496094
2025-11-09,SKU093,19,18.324589,0.6754112243652344
2025-11-10,SKU093,16,15.240058,0.7599420547485352
2025-11-11,SKU093,13,15.509231,2.509230613708496
2025-11-12,SKU093,16,15.536021,0.46397876739501953
2025-11-13,SKU093,20,15.930077,4.069923400878906
2025-11-14,SKU093,19,18.60028,0.39971923828125
2025-11-15,SKU093,27,21.133303,5.866697311401367
2025-11-16,SKU093,13,21.927498,8.927497863769531
2025-11-17,SKU093,13,17.433065,4.433065414428711
2025-11-18,SKU093,17,16.63726,0.36273956298828125
2025-11-19,SKU093,14,17.16779,3.1677894592285156
2025-11-20,SKU093,25,16.80804,8.191959381103516
2025-11-21,SKU093,41,23.83214,17.16786003112793
2025-11-22,SKU093,23,28.844128,5.844127655029297
2025-11-23,SKU093,22,33.442333,11.442333221435547
2025-11-24,SKU093,19,24.241076,5.24107551574707
2025-11-25,SKU093,27,23.40672,3.593280792236328
2025-11-26,SKU093,24,25.890038,1.8900375366210938
2025-11-27,SKU093,19,25.394104,6.39410400390625
2025-11-28,SKU093,34,31.801308,2.1986923217773438
2025-11-29,SKU093,31,33.931183,2.931182861328125
2025-11-30,SKU093,32,33.50504,1.5050392150878906
2025-12-01,SKU093,30,26.49556,3.5044403076171875
2025-12-02,SKU093,26,29.112118,3.1121177673339844
2025-12-03,SKU093,31,24.75624,6.2437591552734375
2025-12-04,SKU093,34,27.030746,6.9692535400390625
2025-12-05,SKU093,38,28.697458,9.302541732788086
2025-12-06,SKU093,18,26.418259,8.418258666992188
2025-12-07,SKU093,25,23.790054,1.2099456787109375
2025-12-08,SKU093,11,17.965324,6.965324401855469
2025-12-09,SKU093,20,17.782322,2.2176780700683594
2025-12-10,SKU093,14,16.97202,2.9720191955566406
2025-12-11,SKU093,15,16.75774,1.7577400207519531
2025-12-12,SKU093,17,19.440998,2.440998077392578
2025-12-13,SKU093,19,21.46441,2.4644107818603516
2025-12-14,SKU093,30,21.277622,8.72237777709961
2025-12-15,SKU093,13,18.034904,5.034904479980469
2025-12-16,SKU093,15,18.022669,3.0226688385009766
2025-12-17,SKU093,12,17.832045,5.83204460144043
2025-12-18,SKU093,19,17.610394,1.3896064758300781
2025-12-19,SKU093,15,18.637945,3.6379451751708984
2025-12-20,SKU093,28,19.829924,8.170076370239258
2025-12-21,SKU093,18,20.574516,2.5745162963867188
2025-12-22,SKU093,23,17.337646,5.662353515625
2025-12-23,SKU093,20,17.154337,2.845663070678711
2025-12-24,SKU093,16,17.628159,1.6281585693359375
2025-12-25,SKU093,20,17.52201,2.4779891967773438
2025-12-26,SKU093,16,18.940948,2.940948486328125
2025-12-27,SKU093,21,20.222252,0.7777481079101562
2025-12-28,SKU093,26,20.327713,5.6722869873046875
2025-12-29,SKU093,16,17.322412,1.3224124908447266
2025-12-30,SKU093,18,17.08645,0.9135494232177734
2025-12-31,SKU093,14,17.065767,3.065767288208008
2025-09-20,SKU094,4,3.99052,0.009479999542236328
2025-09-21,SKU094,5,4.288564,0.7114357948303223
2025-09-22,SKU094,3,3.4850883,0.4850883483886719
2025-09-23,SKU094,2,3.3997412,1.3997411727905273
2025-09-24,SKU094,2,3.1046035,1.1046035289764404
2025-09-25,SKU094,2,3.2373238,1.2373237609863281
2025-09-26,SKU094,4,3.511578,0.4884219169616699
2025-09-27,SKU094,3,4.1585126,1.1585125923156738
2025-09-28,SKU094,3,4.4044504,1.4044504165649414
2025-09-29,SKU094,2,3.5617208,1.561720848083496
2025-09-30,SKU094,3,3.3883104,0.38831043243408203
2025-10-01,SKU094,4,3.1016083,0.8983917236328125
2025-10-02,SKU094,3,3.253447,0.2534470558166504
2025-10-03,SKU094,3,3.5458317,0.5458316802978516
2025-10-04,SKU094,5,4.1756835,0.8243165016174316
2025-10-05,SKU094,5,4.44499,0.5550098419189453
2025-10-06,SKU094,3,3.6193876,0.6193876266479492
2025-10-07,SKU094,4,3.4800835,0.5199165344238281
2025-10-08,SKU094,4,3.1758738,0.8241262435913086
2025-10-09,SKU094,4,3.333726,0.6662740707397461
2025-10-10,SKU094,4,3.6265936,0.37340641021728516
2025-10-11,SKU094,5,4.468471,0.5315289497375488
2025-10-12,SKU094,4,4.973138,0.9731378555297852
2025-10-13,SKU094,3,4.0621657,1.0621657371520996
2025-10-14,SKU094,3,3.7197137,0.7197136878967285
2025-10-15,SKU094,4,3.3456845,0.6543154716491699
2025-10-16,SKU094,3,3.524929,0.5249290466308594
2025-10-17,SKU094,3,4.0088043,1.0088043212890625
2025-10-18,SKU094,5,4.9173036,0.08269643783569336
2025-10-19,SKU094,7,5.223415,1.7765851020812988
2025-10-20,SKU094,7,4.243386,2.7566142082214355
2025-10-21,SKU094,5,5.1025205,0.10252046585083008
2025-10-22,SKU094,5,4.801298,0.1987018585205078
2025-10-23,SKU094,7,5.2528768,1.7471232414245605
2025-10-24,SKU094,6,7.209419,1.209418773651123
2025-10-25,SKU094,8,7.4571567,0.5428433418273926
2025-10-26,SKU094,7,7.4431834,0.44318342208862305
2025-10-27,SKU094,4,5.9867706,1.9867706298828125
2025-10-28,SKU094,6,5.838598,0.16140222549438477
2025-10-29,SKU094,4,5.5486283,1.548628330230713
2025-10-30,SKU094,6,5.191402,0.8085980415344238
2025-10-31,SKU094,6,5.641044,0.35895586013793945
2025-11-01,SKU094,4,5.724565,1.724565029144287
2025-11-02,SKU094,8,5.7006154,2.299384593963623
2025-11-03,SKU094,6,4.9445815,1.0554184913635254
2025-11-04,SKU094,4,4.797438,0.7974381446838379
2025-11-05,SKU094,4,4.5276694,0.5276694297790527
2025-11-06,SKU094,3,4.3410873,1.3410873413085938
2025-11-07,SKU094,3,4.1055045,1.1055045127868652
2025-11-08,SKU094,3,4.3422656,1.3422656059265137
2025-11-09,SKU094,4,4.3547034,0.354703426361084
2025-11-10,SKU094,3,3.6180005,0.6180005073547363
2025-11-11,SKU094,4,3.557529,0.4424710273742676
2025-11-12,SKU094,3,3.5250793,0.5250792503356934
2025-11-13,SKU094,5,3.615283,1.3847169876098633
2025-11-14,SKU094,5,3.8560367,1.14396333694458
2025-11-15,SKU094,4,4.2668877,0.2668876647949219
2025-11-16,SKU094,4,4.3267937,0.3267936706542969
2025-11-17,SKU094,3,3.5880742,0.5880742073059082
2025-11-18,SKU094,3,3.6473746,0.6473746299743652
2025-11-19,SKU094,4,3.7775812,0.22241878509521484
2025-11-20,SKU094,5,3.8209758,1.1790242195129395
2025-11-21,SKU094,8,5.126927,2.873073101043701
2025-11-22,SKU094,10,6.400142,3.599857807159424
2025-11-23,SKU094,6,7.2299714,1.2299714088439941
2025-11-24,SKU094,5,5.5741897,0.5741896629333496
2025-11-25,SKU094,4,5.7806764,1.7806763648986816
2025-11-26,SKU094,7,6.4736595,0.5263404846191406
2025-11-27,SKU094,6,6.3734255,0.3734254837036133
2025-11-28,SKU094,4,6.841137,2.841136932373047
2025-11-29,SKU094,5,7.3256726,2.3256726264953613
2025-11-30,SKU094,7,6.8966885,0.10331153869628906
2025-12-01,SKU094,5,5.5137506,0.5137505531311035
2025-12-02,SKU094,5,5.5405145,0.5405144691467285
2025-12-03,SKU094,6,5.487128,0.5128722190856934
2025-12-04,SKU094,6,5.1424885,0.8575115203857422
2025-12-05,SKU094,6,5.2868834,0.7131166458129883
2025-12-06,SKU094,5,5.423358,0.4233579635620117
2025-12-07,SKU094,4,4.8965507,0.8965506553649902
2025-12-08,SKU094,3,4.147915,1.1479148864746094
2025-12-09,SKU094,3,3.8803997,0.8803997039794922
2025-12-10,SKU094,2,3.6747947,1.6747946739196777
2025-12-11,SKU094,3,3.8229876,0.8229875564575195
2025-12-12,SKU094,3,4.0693016,1.0693016052246094
2025-12-13,SKU094,4,4.376787,0.3767871856689453
2025-12-14,SKU094,5,4.4539337,0.5460662841796875
2025-12-15,SKU094,4,3.8673801,0.13261985778808594
2025-12-16,SKU094,4,3.8671217,0.13287830352783203
2025-12-17,SKU094,3,3.899314,0.8993139266967773
2025-12-18,SKU094,3,4.030707,1.0307068824768066
2025-12-19,SKU094,6,4.210027,1.7899727821350098
2025-12-20,SKU094,5,4.4459276,0.554072380065918
2025-12-21,SKU094,4,4.4993486,0.49934864044189453
2025-12-22,SKU094,3,3.7143145,0.7143144607543945
2025-12-23,SKU094,3,3.7363052,0.7363052368164062
2025-12-24,SKU094,4,3.9075851,0.09241485595703125
2025-12-25,SKU094,5,3.925972,1.0740280151367188
2025-12-26,SKU094,4,4.066207,0.0662069320678711
2025-12-27,SKU094,6,4.344482,1.6555180549621582
2025-12-28,SKU094,5,4.55526,0.44473981857299805
2025-12-29,SKU094,3,3.886149,0.8861489295959473
2025-12-30,SKU094,3,3.6990857,0.6990857124328613
2025-12-31,SKU094,3,3.6554713,0.6554713249206543
2025-09-20,SKU095,8,8.479212,0.47921180725097656
2025-09-21,SKU095,9,8.540676,0.4593238830566406
2025-09-22,SKU095,5,6.866709,1.8667092323303223
2025-09-23,SKU095,6,6.8397965,0.8397965431213379
2025-09-24,SKU095,5,6.547267,1.547266960144043
2025-09-25,SKU095,6,6.641823,0.6418228149414062
2025-09-26,SKU095,8,7.393186,0.606813907623291
2025-09-27,SKU095,7,8.493376,1.4933757781982422
2025-09-28,SKU095,7,8.497576,1.4975757598876953
2025-09-29,SKU095,5,6.7730937,1.7730937004089355
2025-09-30,SKU095,6,6.6814094,0.6814093589782715
2025-10-01,SKU095,6,6.3451233,0.345123291015625
2025-10-02,SKU095,10,6.551783,3.4482169151306152
2025-10-03,SKU095,7,7.6210465,0.6210465431213379
2025-10-04,SKU095,10,8.863501,1.1364994049072266
2025-10-05,SKU095,9,9.234437,0.2344369888305664
2025-10-06,SKU095,7,7.472749,0.4727492332458496
2025-10-07,SKU095,7,7.4465947,0.4465947151184082
2025-10-08,SKU095,4,7.1607146,3.160714626312256
2025-10-09,SKU095,8,7.1520944,0.8479056358337402
2025-10-10,SKU095,7,8.0524235,1.0524234771728516
2025-10-11,SKU095,10,9.340791,0.6592092514038086
2025-10-12,SKU095,8,9.724395,1.7243947982788086
2025-10-13,SKU095,9,7.7709513,1.229048728942871
2025-10-14,SKU095,5,7.772302,2.7723021507263184
2025-10-15,SKU095,8,7.354338,0.6456618309020996
2025-10-16,SKU095,8,7.4604006,0.5395994186401367
2025-10-17,SKU095,12,8.324041,3.6759586334228516
2025-10-18,SKU095,7,9.972325,2.972325325012207
2025-10-19,SKU095,12,10.193877,1.8061227798461914
2025-10-20,SKU095,17,8.189499,8.810501098632812
2025-10-21,SKU095,12,11.059121,0.9408788681030273
2025-10-22,SKU095,7,10.762771,3.762770652770996
2025-10-23,SKU095,11,11.343764,0.3437643051147461
2025-10-24,SKU095,9,14.520933,5.520933151245117
2025-10-25,SKU095,14,13.475962,0.5240383148193359
2025-10-26,SKU095,12,12.973204,0.9732036590576172
2025-10-27,SKU095,11,11.050914,0.05091381072998047
2025-10-28,SKU095,16,11.813046,4.186953544616699
2025-10-29,SKU095,8,11.66095,3.66094970703125
2025-10-30,SKU095,12,10.102777,1.8972234725952148
2025-10-31,SKU095,15,12.543797,2.4562034606933594
2025-11-01,SKU095,15,12.055779,2.944220542907715
2025-11-02,SKU095,13,12.734609,0.26539134979248047
2025-11-03,SKU095,10,10.923636,0.9236364364624023
2025-11-04,SKU095,12,10.849778,1.150221824645996
2025-11-05,SKU095,10,9.078304,0.9216957092285156
2025-11-06,SKU095,10,8.204648,1.7953519821166992
2025-11-07,SKU095,9,8.488442,0.5115575790405273
2025-11-08,SKU095,12,9.520899,2.4791011810302734
2025-11-09,SKU095,9,9.823251,0.8232507705688477
2025-11-10,SKU095,5,8.198519,3.198518753051758
2025-11-11,SKU095,8,8.185902,0.18590164184570312
2025-11-12,SKU095,6,7.861992,1.8619918823242188
2025-11-13,SKU095,8,7.871366,0.12863397598266602
2025-11-14,SKU095,14,8.911581,5.088418960571289
2025-11-15,SKU095,8,10.023901,2.0239009857177734
2025-11-16,SKU095,6,9.944905,3.9449052810668945
2025-11-17,SKU095,7,7.9827204,0.9827203750610352
2025-11-18,SKU095,10,8.185315,1.8146848678588867
2025-11-19,SKU095,6,8.539732,2.539731979370117
2025-11-20,SKU095,11,8.229162,2.7708377838134766
2025-11-21,SKU095,11,12.36044,1.3604402542114258
2025-11-22,SKU095,10,13.202073,3.202073097229004
2025-11-23,SKU095,21,14.245163,6.7548370361328125
2025-11-24,SKU095,11,11.762153,0.7621526718139648
2025-11-25,SKU095,11,12.019633,1.0196332931518555
2025-11-26,SKU095,13,12.679764,0.3202362060546875
2025-11-27,SKU095,11,12.1639385,1.1639385223388672
2025-11-28,SKU095,12,13.775298,1.7752981185913086
2025-11-29,SKU095,18,14.213523,3.7864770889282227
2025-11-30,SKU095,9,13.507784,4.507783889770508
2025-12-01,SKU095,8,11.225337,3.225337028503418
2025-12-02,SKU095,11,11.542126,0.5421257019042969
2025-12-03,SKU095,13,12.055445,0.9445552825927734
2025-12-04,SKU095,11,10.87436,0.1256399154663086
2025-12-05,SKU095,13,11.77723,1.2227697372436523
2025-12-06,SKU095,10,11.897862,1.897862434387207
2025-12-07,SKU095,10,10.482488,0.48248767852783203
2025-12-08,SKU095,9,8.699797,0.3002033233642578
2025-12-09,SKU095,5,8.480702,3.4807024002075195
2025-12-10,SKU095,8,7.7557683,0.2442317008972168
2025-12-11,SKU095,9,7.88998,1.1100201606750488
2025-12-12,SKU095,8,8.674685,0.6746845245361328
2025-12-13,SKU095,11,9.635522,1.3644781112670898
2025-12-14,SKU095,11,9.744943,1.2550573348999023
2025-12-15,SKU095,7,7.9411664,0.9411664009094238
2025-12-16,SKU095,7,8.044284,1.0442838668823242
2025-12-17,SKU095,7,8.069893,1.0698928833007812
2025-12-18,SKU095,9,8.1169405,0.8830595016479492
2025-12-19,SKU095,9,8.858366,0.1416339874267578
2025-12-20,SKU095,8,10.084578,2.0845775604248047
2025-12-21,SKU095,13,10.01735,2.982649803161621
2025-12-22,SKU095,7,8.077356,1.0773563385009766
2025-12-23,SKU095,6,8.2368555,2.2368555068969727
2025-12-24,SKU095,11,8.291501,2.708498954772949
2025-12-25,SKU095,7,8.314932,1.314931869506836
2025-12-26,SKU095,9,8.837006,0.162994384765625
2025-12-27,SKU095,9,10.043286,1.0432863235473633
2025-12-28,SKU095,10,10.403756,0.40375614166259766
2025-12-29,SKU095,9,8.304258,0.6957416534423828
2025-12-30,SKU095,10,8.20678,1.7932195663452148
2025-12-31,SKU095,6,8.31377,2.313770294189453
2025-09-20,SKU096,6,6.982366,0.9823660850524902
2025-09-21,SKU096,3,6.8353095,3.8353095054626465
2025-09-22,SKU096,3,5.4735084,2.473508358001709
2025-09-23,SKU096,7,5.303004,1.6969962120056152
2025-09-24,SKU096,5,5.1315637,0.13156366348266602
2025-09-25,SKU096,6,5.245629,0.754371166229248
2025-09-26,SKU096,7,6.0104074,0.9895925521850586
2025-09-27,SKU096,5,6.987497,1.9874968528747559
2025-09-28,SKU096,8,6.8103294,1.1896705627441406
2025-09-29,SKU096,4,5.5269585,1.5269584655761719
2025-09-30,SKU096,6,5.441515,0.5584850311279297
2025-10-01,SKU096,6,5.2414923,0.7585077285766602
2025-10-02,SKU096,8,5.5975795,2.4024205207824707
2025-10-03,SKU096,6,6.5317435,0.5317435264587402
2025-10-04,SKU096,7,7.583661,0.5836610794067383
2025-10-05,SKU096,7,7.489451,0.48945093154907227
2025-10-06,SKU096,4,6.093945,2.093945026397705
2025-10-07,SKU096,6,6.070998,0.0709981918334961
2025-10-08,SKU096,6,5.871067,0.12893295288085938
2025-10-09,SKU096,8,6.102727,1.897273063659668
2025-10-10,SKU096,8,7.0171576,0.9828424453735352
2025-10-11,SKU096,7,8.229949,1.2299489974975586
2025-10-12,SKU096,6,8.114545,2.1145448684692383
2025-10-13,SKU096,6,6.520761,0.5207610130310059
2025-10-14,SKU096,8,6.4973984,1.5026016235351562
2025-10-15,SKU096,6,6.356149,0.35614919662475586
2025-10-16,SKU096,6,6.5697875,0.5697875022888184
2025-10-17,SKU096,5,7.422813,2.4228129386901855
2025-10-18,SKU096,5,8.455037,3.4550371170043945
2025-10-19,SKU096,5,8.370897,3.3708972930908203
2025-10-20,SKU096,12,6.695882,5.3041181564331055
2025-10-21,SKU096,11,9.606055,1.3939447402954102
2025-10-22,SKU096,9,9.250218,0.25021839141845703
2025-10-23,SKU096,9,9.743634,0.7436342239379883
2025-10-24,SKU096,13,12.133923,0.8660774230957031
2025-10-25,SKU096,10,11.601547,1.6015472412109375
2025-10-26,SKU096,13,11.476234,1.5237655639648438
2025-10-27,SKU096,10,9.667315,0.3326854705810547
2025-10-28,SKU096,11,10.30339,0.6966104507446289
2025-10-29,SKU096,10,9.408166,0.5918340682983398
2025-10-30,SKU096,11,8.187935,2.8120651245117188
2025-10-31,SKU096,12,10.552584,1.4474163055419922
2025-11-01,SKU096,8,10.00311,2.003109931945801
2025-11-02,SKU096,12,10.904286,1.0957136154174805
2025-11-03,SKU096,11,9.244748,1.7552518844604492
2025-11-04,SKU096,11,9.2159395,1.7840604782104492
2025-11-05,SKU096,8,7.6418242,0.35817575454711914
2025-11-06,SKU096,6,7.0412755,1.0412755012512207
2025-11-07,SKU096,7,7.2227426,0.22274255752563477
2025-11-08,SKU096,5,7.959187,2.9591870307922363
2025-11-09,SKU096,5,7.9637656,2.9637656211853027
2025-11-10,SKU096,6,6.42888,0.4288802146911621
2025-11-11,SKU096,8,6.356198,1.6438021659851074
2025-11-12,SKU096,4,6.169305,2.169304847717285
2025-11-13,SKU096,6,6.270921,0.2709212303161621
2025-11-14,SKU096,6,7.06035,1.060349941253662
2025-11-15,SKU096,7,7.9794574,0.9794573783874512
2025-11-16,SKU096,10,7.9129596,2.087040424346924
2025-11-17,SKU096,7,6.5172462,0.4827537536621094
2025-11-18,SKU096,5,6.7870855,1.7870855331420898
2025-11-19,SKU096,7,7.302515,0.30251502990722656
2025-11-20,SKU096,9,7.1460605,1.8539395332336426
2025-11-21,SKU096,11,11.070687,0.07068729400634766
2025-11-22,SKU096,9,11.981032,2.981032371520996
2025-11-23,SKU096,11,12.65613,1.6561298370361328
2025-11-24,SKU096,9,9.760171,0.7601709365844727
2025-11-25,SKU096,10,10.102218,0.1022176742553711
2025-11-26,SKU096,10,10.734361,0.7343606948852539
2025-11-27,SKU096,6,9.931391,3.9313907623291016
2025-11-28,SKU096,11,11.258868,0.2588682174682617
2025-11-29,SKU096,12,11.642606,0.3573942184448242
2025-11-30,SKU096,7,11.25225,4.252249717712402
2025-12-01,SKU096,8,9.094615,1.0946149826049805
2025-12-02,SKU096,9,9.15782,0.1578197479248047
2025-12-03,SKU096,10,8.778633,1.2213668823242188
2025-12-04,SKU096,7,7.6005306,0.6005306243896484
2025-12-05,SKU096,7,8.531302,1.5313024520874023
2025-12-06,SKU096,10,8.867698,1.1323022842407227
2025-12-07,SKU096,5,7.7981167,2.798116683959961
2025-12-08,SKU096,6,6.328455,0.32845497131347656
2025-12-09,SKU096,7,5.961242,1.0387578010559082
2025-12-10,SKU096,8,5.443579,2.5564208030700684
2025-12-11,SKU096,7,5.6849427,1.3150572776794434
2025-12-12,SKU096,9,6.4840603,2.515939712524414
2025-12-13,SKU096,9,7.689267,1.3107328414916992
2025-12-14,SKU096,9,7.9642577,1.0357422828674316
2025-12-15,SKU096,6,6.549687,0.5496869087219238
2025-12-16,SKU096,5,6.5958815,1.595881462097168
2025-12-17,SKU096,6,6.4126787,0.41267871856689453
2025-12-18,SKU096,6,6.551291,0.5512909889221191
2025-12-19,SKU096,9,7.434006,1.5659937858581543
2025-12-20,SKU096,8,8.688828,0.6888284683227539
2025-12-21,SKU096,8,8.734487,0.7344865798950195
2025-12-22,SKU096,5,6.787041,1.787041187286377
2025-12-23,SKU096,2,6.5941215,4.59412145614624
2025-12-24,SKU096,4,6.699221,2.699221134185791
2025-12-25,SKU096,5,6.520984,1.520984172821045
2025-12-26,SKU096,9,6.9870696,2.012930393218994
2025-12-27,SKU096,6,8.307818,2.3078184127807617
2025-12-28,SKU096,4,8.473417,4.473417282104492
2025-12-29,SKU096,7,6.5045114,0.49548864364624023
2025-12-30,SKU096,9,6.180942,2.8190579414367676
2025-12-31,SKU096,5,6.3361807,1.3361806869506836
2025-09-20,SKU097,9,9.477618,0.4776182174682617
2025-09-21,SKU097,9,9.575993,0.5759925842285156
2025-09-22,SKU097,7,7.6999683,0.6999683380126953
2025-09-23,SKU097,8,7.84723,0.1527700424194336
2025-09-24,SKU097,6,7.602065,1.602065086364746
2025-09-25,SKU097,9,7.67346,1.3265399932861328
2025-09-26,SKU097,11,8.627345,2.372654914855957
2025-09-27,SKU097,9,9.97779,0.9777898788452148
2025-09-28,SKU097,7,10.076619,3.0766191482543945
2025-09-29,SKU097,8,8.0294485,0.029448509216308594
2025-09-30,SKU097,11,8.134791,2.865208625793457
2025-10-01,SKU097,8,7.9925694,0.007430553436279297
2025-10-02,SKU097,12,8.220192,3.7798080444335938
2025-10-03,SKU097,10,9.493999,0.5060014724731445
2025-10-04,SKU097,12,11.02376,0.9762401580810547
2025-10-05,SKU097,13,11.610148,1.3898515701293945
2025-10-06,SKU097,7,9.270235,2.270235061645508
2025-10-07,SKU097,9,9.24311,0.24310970306396484
2025-10-08,SKU097,7,8.943819,1.9438190460205078
2025-10-09,SKU097,9,9.029736,0.029735565185546875
2025-10-10,SKU097,10,10.009532,0.009531974792480469
2025-10-11,SKU097,15,11.632559,3.367441177368164
2025-10-12,SKU097,10,12.607572,2.607571601867676
2025-10-13,SKU097,8,9.874097,1.8740968704223633
2025-10-14,SKU097,8,9.762658,1.7626581192016602
2025-10-15,SKU097,7,9.422679,2.4226789474487305
2025-10-16,SKU097,11,9.463422,1.5365781784057617
2025-10-17,SKU097,12,10.434787,1.5652132034301758
2025-10-18,SKU097,9,12.08391,3.0839099884033203
2025-10-19,SKU097,12,12.67471,0.6747102737426758
2025-10-20,SKU097,18,9.911683,8.088316917419434
2025-10-21,SKU097,15,12.91729,2.0827102661132812
2025-10-22,SKU097,10,13.043004,3.043004035949707
2025-10-23,SKU097,12,13.813151,1.8131513595581055
2025-10-24,SKU097,11,17.318575,6.318574905395508
2025-10-25,SKU097,17,16.311695,0.6883049011230469
2025-10-26,SKU097,18,15.819003,2.180996894836426
2025-10-27,SKU097,14,13.344203,0.655797004699707
2025-10-28,SKU097,16,14.362853,1.6371469497680664
2025-10-29,SKU097,12,13.839043,1.8390426635742188
2025-10-30,SKU097,14,12.135797,1.8642034530639648
2025-10-31,SKU097,14,15.243407,1.2434072494506836
2025-11-01,SKU097,18,14.161848,3.8381519317626953
2025-11-02,SKU097,14,15.606376,1.6063756942749023
2025-11-03,SKU097,16,13.250232,2.7497682571411133
2025-11-04,SKU097,14,13.251838,0.7481622695922852
2025-11-05,SKU097,15,10.670657,4.329342842102051
2025-11-06,SKU097,11,9.862451,1.1375494003295898
2025-11-07,SKU097,14,10.022683,3.9773168563842773
2025-11-08,SKU097,9,11.105347,2.1053466796875
2025-11-09,SKU097,11,11.729369,0.7293691635131836
2025-11-10,SKU097,7,9.696643,2.6966428756713867
2025-11-11,SKU097,12,9.65356,2.346440315246582
2025-11-12,SKU097,6,9.349889,3.349888801574707
2025-11-13,SKU097,10,9.473544,0.5264558792114258
2025-11-14,SKU097,8,10.818202,2.818202018737793
2025-11-15,SKU097,15,11.757309,3.2426910400390625
2025-11-16,SKU097,14,12.079543,1.920456886291504
2025-11-17,SKU097,7,10.061065,3.0610647201538086
2025-11-18,SKU097,9,10.3019,1.3018999099731445
2025-11-19,SKU097,13,10.502526,2.49747371673584
2025-11-20,SKU097,8,10.515027,2.5150270462036133
2025-11-21,SKU097,10,14.770621,4.770621299743652
2025-11-22,SKU097,11,15.574816,4.57481575012207
2025-11-23,SKU097,23,16.30485,6.695150375366211
2025-11-24,SKU097,11,13.701566,2.701565742492676
2025-11-25,SKU097,9,13.892491,4.892491340637207
2025-11-26,SKU097,16,14.3744135,1.6255865097045898
2025-11-27,SKU097,10,14.302747,4.302746772766113
2025-11-28,SKU097,14,15.44359,1.4435901641845703
2025-11-29,SKU097,18,16.144724,1.855276107788086
2025-11-30,SKU097,14,15.471042,1.4710416793823242
2025-12-01,SKU097,13,13.043114,0.04311370849609375
2025-12-02,SKU097,17,13.7709675,3.229032516479492
2025-12-03,SKU097,16,14.185252,1.8147478103637695
2025-12-04,SKU097,13,12.948728,0.05127239227294922
2025-12-05,SKU097,15,14.2815075,0.7184925079345703
2025-12-06,SKU097,8,13.044213,5.04421329498291
2025-12-07,SKU097,16,11.784251,4.2157487869262695
2025-12-08,SKU097,9,9.759176,0.7591762542724609
2025-12-09,SKU097,10,9.838843,0.16115665435791016
2025-12-10,SKU097,8,9.107327,1.1073274612426758
2025-12-11,SKU097,10,9.145005,0.8549947738647461
2025-12-12,SKU097,13,10.093162,2.9068384170532227
2025-12-13,SKU097,11,11.439893,0.4398927688598633
2025-12-14,SKU097,15,11.712459,3.287541389465332
2025-12-15,SKU097,8,9.792075,1.7920751571655273
2025-12-16,SKU097,10,9.92988,0.07011985778808594
2025-12-17,SKU097,9,9.890973,0.8909730911254883
2025-12-18,SKU097,8,10.021375,2.0213747024536133
2025-12-19,SKU097,7,10.8781,3.8781003952026367
2025-12-20,SKU097,15,11.675962,3.324037551879883
2025-12-21,SKU097,12,12.153401,0.15340137481689453
2025-12-22,SKU097,10,10.003943,0.003943443298339844
2025-12-23,SKU097,5,10.278998,5.278998374938965
2025-12-24,SKU097,10,10.2177,0.21770000457763672
2025-12-25,SKU097,12,10.196498,1.803502082824707
2025-12-26,SKU097,8,11.085437,3.0854368209838867
2025-12-27,SKU097,10,11.914839,1.9148387908935547
2025-12-28,SKU097,10,12.053554,2.053553581237793
2025-12-29,SKU097,10,9.694488,0.3055124282836914
2025-12-30,SKU097,12,9.605996,2.3940038681030273
2025-12-31,SKU097,11,9.925982,1.0740175247192383
2025-09-20,SKU098,18,17.338596,0.6614036560058594
2025-09-21,SKU098,19,19.196062,0.1960620880126953
2025-09-22,SKU098,13,13.864596,0.8645963668823242
2025-09-23,SKU098,11,14.103921,3.1039209365844727
2025-09-24,SKU098,15,13.940179,1.0598211288452148
2025-09-25,SKU098,15,13.832494,1.167506217956543
2025-09-26,SKU098,21,15.106661,5.893339157104492
2025-09-27,SKU098,19,18.841412,0.15858840942382812
2025-09-28,SKU098,16,21.213676,5.213676452636719
2025-09-29,SKU098,10,14.857608,4.857607841491699
2025-09-30,SKU098,13,14.947227,1.9472265243530273
2025-10-01,SKU098,19,14.8712435,4.128756523132324
2025-10-02,SKU098,20,14.886792,5.113207817077637
2025-10-03,SKU098,23,16.636517,6.363483428955078
2025-10-04,SKU098,17,21.632465,4.632465362548828
2025-10-05,SKU098,11,25.574236,14.574235916137695
2025-10-06,SKU098,19,16.726149,2.2738513946533203
2025-10-07,SKU098,16,16.472216,0.4722156524658203
2025-10-08,SKU098,14,16.545074,2.545074462890625
2025-10-09,SKU098,20,16.01998,3.980020523071289
2025-10-10,SKU098,20,17.770275,2.229724884033203
2025-10-11,SKU098,21,22.99973,1.9997291564941406
2025-10-12,SKU098,20,28.624832,8.624832153320312
2025-10-13,SKU098,18,18.471256,0.4712562561035156
2025-10-14,SKU098,8,18.116581,10.116580963134766
2025-10-15,SKU098,15,18.00906,3.0090599060058594
2025-10-16,SKU098,16,17.418919,1.4189186096191406
2025-10-17,SKU098,16,18.22504,2.2250404357910156
2025-10-18,SKU098,21,22.259869,1.2598686218261719
2025-10-19,SKU098,16,27.796375,11.796375274658203
2025-10-20,SKU098,26,18.28255,7.717449188232422
2025-10-21,SKU098,27,21.443981,5.556018829345703
2025-10-22,SKU098,16,22.970875,6.970874786376953
2025-10-23,SKU098,22,24.408918,2.4089183807373047
2025-10-24,SKU098,30,32.541004,2.541004180908203
2025-10-25,SKU098,23,31.367874,8.367874145507812
2025-10-26,SKU098,35,32.3849,2.615100860595703
2025-10-27,SKU098,30,24.954031,5.045969009399414
2025-10-28,SKU098,24,27.87671,3.876710891723633
2025-10-29,SKU098,15,21.729881,6.729881286621094
2025-10-30,SKU098,23,22.481943,0.5180568695068359
2025-10-31,SKU098,25,26.204987,1.204986572265625
2025-11-01,SKU098,34,24.328117,9.671882629394531
2025-11-02,SKU098,31,27.762093,3.2379074096679688
2025-11-03,SKU098,20,23.385344,3.385343551635742
2025-11-04,SKU098,12,21.674587,9.67458724975586
2025-11-05,SKU098,22,16.307896,5.692104339599609
2025-11-06,SKU098,15,17.689438,2.6894378662109375
2025-11-07,SKU098,20,16.420717,3.579282760620117
2025-11-08,SKU098,18,17.75224,0.24776077270507812
2025-11-09,SKU098,22,19.798418,2.2015819549560547
2025-11-10,SKU098,15,15.726377,0.7263765335083008
2025-11-11,SKU098,12,15.730614,3.7306137084960938
2025-11-12,SKU098,14,15.05898,1.0589799880981445
2025-11-13,SKU098,17,14.953681,2.046319007873535
2025-11-14,SKU098,16,17.16885,1.1688499450683594
2025-11-15,SKU098,23,19.082012,3.917987823486328
2025-11-16,SKU098,21,19.817345,1.1826553344726562
2025-11-17,SKU098,19,16.405027,2.594972610473633
2025-11-18,SKU098,14,16.551756,2.551755905151367
2025-11-19,SKU098,13,16.481667,3.4816665649414062
2025-11-20,SKU098,20,16.190144,3.809856414794922
2025-11-21,SKU098,29,23.165714,5.834285736083984
2025-11-22,SKU098,32,26.793076,5.2069244384765625
2025-11-23,SKU098,31,32.0693,1.0693016052246094
2025-11-24,SKU098,16,25.171043,9.171043395996094
2025-11-25,SKU098,23,24.36887,1.3688697814941406
2025-11-26,SKU098,21,25.40754,4.407539367675781
2025-11-27,SKU098,26,25.196312,0.8036880493164062
2025-11-28,SKU098,28,31.849655,3.8496551513671875
2025-11-29,SKU098,31,31.875957,0.8759574890136719
2025-11-30,SKU098,34,32.451622,1.5483779907226562
2025-12-01,SKU098,29,25.982292,3.0177078247070312
2025-12-02,SKU098,26,28.248966,2.2489662170410156
2025-12-03,SKU098,21,24.062222,3.0622215270996094
2025-12-04,SKU098,24,25.23346,1.23345947265625
2025-12-05,SKU098,26,28.13604,2.1360397338867188
2025-12-06,SKU098,11,23.822968,12.822967529296875
2025-12-07,SKU098,17,22.489452,5.489452362060547
2025-12-08,SKU098,11,17.388721,6.388721466064453
2025-12-09,SKU098,14,17.041435,3.0414352416992188
2025-12-10,SKU098,18,15.50566,2.494339942932129
2025-12-11,SKU098,16,15.397252,0.602747917175293
2025-12-12,SKU098,19,17.979027,1.0209732055664062
2025-12-13,SKU098,12,19.640074,7.640073776245117
2025-12-14,SKU098,17,19.435898,2.4358978271484375
2025-12-15,SKU098,16,15.77388,0.2261199951171875
2025-12-16,SKU098,16,16.238474,0.23847389221191406
2025-12-17,SKU098,14,16.137356,2.1373558044433594
2025-12-18,SKU098,18,15.882259,2.1177406311035156
2025-12-19,SKU098,15,17.180916,2.1809158325195312
2025-12-20,SKU098,16,18.443731,2.4437313079833984
2025-12-21,SKU098,22,18.560902,3.439098358154297
2025-12-22,SKU098,14,15.763459,1.7634592056274414
2025-12-23,SKU098,16,16.019154,0.019153594970703125
2025-12-24,SKU098,15,16.051785,1.0517845153808594
2025-12-25,SKU098,13,15.887494,2.8874940872192383
2025-12-26,SKU098,12,16.768864,4.768863677978516
2025-12-27,SKU098,24,17.718494,6.281505584716797
2025-12-28,SKU098,15,18.457792,3.457792282104492
2025-12-29,SKU098,17,15.247362,1.7526378631591797
2025-12-30,SKU098,34,15.397737,18.60226345062256
2025-12-31,SKU098,12,16.028557,4.028556823730469
2025-09-20,SKU099,14,12.248513,1.7514867782592773
2025-09-21,SKU099,12,12.589274,0.5892744064331055
2025-09-22,SKU099,6,9.913016,3.9130163192749023
2025-09-23,SKU099,12,9.920468,2.079531669616699
2025-09-24,SKU099,6,9.786277,3.7862768173217773
2025-09-25,SKU099,8,9.669747,1.6697473526000977
2025-09-26,SKU099,11,10.463875,0.5361251831054688
2025-09-27,SKU099,10,11.978093,1.978093147277832
2025-09-28,SKU099,12,12.216744,0.21674442291259766
2025-09-29,SKU099,8,9.691716,1.691716194152832
2025-09-30,SKU099,12,9.784304,2.215696334838867
2025-10-01,SKU099,10,9.672931,0.3270692825317383
2025-10-02,SKU099,13,9.850585,3.1494150161743164
2025-10-03,SKU099,15,11.084634,3.9153661727905273
2025-10-04,SKU099,10,13.196609,3.196608543395996
2025-10-05,SKU099,18,13.611039,4.388960838317871
2025-10-06,SKU099,11,10.864669,0.1353311538696289
2025-10-07,SKU099,11,11.070077,0.07007694244384766
2025-10-08,SKU099,11,10.832502,0.1674976348876953
2025-10-09,SKU099,13,10.932872,2.0671281814575195
2025-10-10,SKU099,14,12.263234,1.7367658615112305
2025-10-11,SKU099,15,14.581941,0.4180593490600586
2025-10-12,SKU099,10,15.660534,5.660533905029297
2025-10-13,SKU099,13,11.706979,1.2930212020874023
2025-10-14,SKU099,14,11.643273,2.35672664642334
2025-10-15,SKU099,13,11.608418,1.3915815353393555
2025-10-16,SKU099,12,11.762448,0.23755168914794922
2025-10-17,SKU099,6,13.068372,7.068371772766113
2025-10-18,SKU099,16,14.884547,1.115452766418457
2025-10-19,SKU099,12,16.286505,4.286504745483398
2025-10-20,SKU099,10,12.234242,2.2342424392700195
2025-10-21,SKU099,18,14.609336,3.3906641006469727
2025-10-22,SKU099,15,15.857108,0.8571081161499023
2025-10-23,SKU099,30,16.028105,13.971895217895508
2025-10-24,SKU099,28,21.382072,6.617927551269531
2025-10-25,SKU099,22,21.757639,0.24236106872558594
2025-10-26,SKU099,24,21.334099,2.6659011840820312
2025-10-27,SKU099,19,16.815498,2.1845016479492188
2025-10-28,SKU099,13,18.979805,5.979804992675781
2025-10-29,SKU099,19,17.572876,1.4271240234375
2025-10-30,SKU099,13,14.941374,1.9413738250732422
2025-10-31,SKU099,17,18.120518,1.1205177307128906
2025-11-01,SKU099,22,17.715311,4.284688949584961
2025-11-02,SKU099,22,19.663116,2.336883544921875
2025-11-03,SKU099,20,17.365967,2.634033203125
2025-11-04,SKU099,29,17.212227,11.787773132324219
2025-11-05,SKU099,15,13.174656,1.8253440856933594
2025-11-06,SKU099,11,13.345823,2.345823287963867
2025-11-07,SKU099,10,13.17481,3.1748104095458984
2025-11-08,SKU099,12,13.921226,1.9212255477905273
2025-11-09,SKU099,22,14.606669,7.3933305740356445
2025-11-10,SKU099,14,12.334348,1.6656522750854492
2025-11-11,SKU099,12,12.642686,0.6426858901977539
2025-11-12,SKU099,15,12.423286,2.5767135620117188
2025-11-13,SKU099,10,12.675014,2.675013542175293
2025-11-14,SKU099,11,14.397954,3.397953987121582
2025-11-15,SKU099,10,15.576694,5.576693534851074
2025-11-16,SKU099,15,15.223428,0.22342777252197266
2025-11-17,SKU099,12,12.887015,0.8870153427124023
2025-11-18,SKU099,14,13.15536,0.844639778137207
2025-11-19,SKU099,14,13.370553,0.6294469833374023
2025-11-20,SKU099,19,13.683742,5.316258430480957
2025-11-21,SKU099,21,19.887753,1.1122474670410156
2025-11-22,SKU099,20,21.5318,1.53179931640625
2025-11-23,SKU099,21,23.798527,2.7985267639160156
2025-11-24,SKU099,14,17.712389,3.7123889923095703
2025-11-25,SKU099,16,17.788263,1.7882633209228516
2025-11-26,SKU099,21,18.938427,2.061573028564453
2025-11-27,SKU099,11,18.776712,7.776712417602539
2025-11-28,SKU099,16,21.327675,5.327674865722656
2025-11-29,SKU099,20,22.19433,2.1943302154541016
2025-11-30,SKU099,19,20.641415,1.6414146423339844
2025-12-01,SKU099,14,17.410137,3.410137176513672
2025-12-02,SKU099,19,18.251305,0.7486953735351562
2025-12-03,SKU099,12,18.379532,6.3795318603515625
2025-12-04,SKU099,15,17.165184,2.1651840209960938
2025-12-05,SKU099,25,17.594116,7.4058837890625
2025-12-06,SKU099,11,15.534863,4.534863471984863
2025-12-07,SKU099,17,14.882052,2.117947578430176
2025-12-08,SKU099,9,12.827353,3.827352523803711
2025-12-09,SKU099,9,12.812963,3.812962532043457
2025-12-10,SKU099,10,11.39685,1.3968496322631836
2025-12-11,SKU099,10,11.166223,1.1662225723266602
2025-12-12,SKU099,13,12.268477,0.7315225601196289
2025-12-13,SKU099,11,13.512014,2.512014389038086
2025-12-14,SKU099,16,13.733218,2.266781806945801
2025-12-15,SKU099,10,11.749719,1.7497186660766602
2025-12-16,SKU099,11,12.057973,1.0579729080200195
2025-12-17,SKU099,16,12.049787,3.9502134323120117
2025-12-18,SKU099,7,12.41302,5.413020133972168
2025-12-19,SKU099,12,13.291045,1.2910451889038086
2025-12-20,SKU099,10,14.3117075,4.311707496643066
2025-12-21,SKU099,16,13.973557,2.026442527770996
2025-12-22,SKU099,12,11.586253,0.41374683380126953
2025-12-23,SKU099,8,11.875573,3.87557315826416
2025-12-24,SKU099,16,11.914254,4.085745811462402
2025-12-25,SKU099,16,12.117561,3.8824386596679688
2025-12-26,SKU099,11,13.15891,2.158909797668457
2025-12-27,SKU099,12,14.037161,2.037160873413086
2025-12-28,SKU099,12,14.097913,2.0979127883911133
2025-12-29,SKU099,13,11.428578,1.5714216232299805
2025-12-30,SKU099,16,11.431472,4.568528175354004
2025-12-31,SKU099,11,11.8363695,0.836369514465332
2025-09-20,SKU100,3,4.3476734,1.3476734161376953
2025-09-21,SKU100,4,4.44581,0.44580984115600586
2025-09-22,SKU100,2,3.6329913,1.6329913139343262
2025-09-23,SKU100,2,3.5059333,1.5059332847595215
2025-09-24,SKU100,4,3.2100878,0.789912223815918
2025-09-25,SKU100,2,3.3691835,1.3691835403442383
2025-09-26,SKU100,4,3.661831,0.3381690979003906
2025-09-27,SKU100,3,4.2911367,1.2911367416381836
2025-09-28,SKU100,4,4.3419833,0.3419833183288574
2025-09-29,SKU100,3,3.5351806,0.5351805686950684
2025-09-30,SKU100,3,3.4427838,0.44278383255004883
2025-10-01,SKU100,4,3.148956,0.8510439395904541
2025-10-02,SKU100,4,3.3274245,0.6725754737854004
2025-10-03,SKU100,4,3.6765552,0.32344484329223633
2025-10-04,SKU100,5,4.380074,0.6199259757995605
2025-10-05,SKU100,4,4.5757976,0.5757975578308105
2025-10-06,SKU100,4,3.752212,0.2477879524230957
2025-10-07,SKU100,4,3.6172776,0.3827223777770996
2025-10-08,SKU100,3,3.2927823,0.2927823066711426
2025-10-09,SKU100,2,3.4710717,1.471071720123291
2025-10-10,SKU100,4,3.887858,0.11214208602905273
2025-10-11,SKU100,4,4.785491,0.7854909896850586
2025-10-12,SKU100,6,5.0219207,0.9780793190002441
2025-10-13,SKU100,3,4.0859666,1.0859665870666504
2025-10-14,SKU100,3,3.8941088,0.894108772277832
2025-10-15,SKU100,3,3.466065,0.4660649299621582
2025-10-16,SKU100,4,3.668107,0.3318929672241211
2025-10-17,SKU100,4,4.2239747,0.22397470474243164
2025-10-18,SKU100,6,5.084587,0.9154129028320312
2025-10-19,SKU100,4,5.2689395,1.26893949508667
2025-10-20,SKU100,7,4.3460064,2.653993606567383
2025-10-21,SKU100,5,5.4001517,0.40015172958374023
2025-10-22,SKU100,6,5.1260033,0.8739967346191406
2025-10-23,SKU100,8,5.461272,2.5387282371520996
2025-10-24,SKU100,8,7.309424,0.6905760765075684
2025-10-25,SKU100,6,7.531768,1.5317678451538086
2025-10-26,SKU100,8,7.6098533,0.39014673233032227
2025-10-27,SKU100,5,6.0936627,1.0936627388000488
2025-10-28,SKU100,5,6.0014763,1.0014762878417969
2025-10-29,SKU100,4,5.4820385,1.4820384979248047
2025-10-30,SKU100,6,5.106113,0.8938870429992676
2025-10-31,SKU100,7,5.7555304,1.2444696426391602
2025-11-01,SKU100,7,5.7275395,1.2724604606628418
2025-11-02,SKU100,3,6.0499387,3.049938678741455
2025-11-03,SKU100,4,5.142324,1.1423239707946777
2025-11-04,SKU100,5,4.787386,0.2126140594482422
2025-11-05,SKU100,6,4.364855,1.6351451873779297
2025-11-06,SKU100,3,4.2282386,1.228238582611084
2025-11-07,SKU100,4,4.0783725,0.07837247848510742
2025-11-08,SKU100,4,4.3751717,0.3751716613769531
2025-11-09,SKU100,4,4.4463577,0.44635772705078125
2025-11-10,SKU100,4,3.6548347,0.3451652526855469
2025-11-11,SKU100,3,3.5740352,0.5740351676940918
2025-11-12,SKU100,4,3.4912448,0.5087552070617676
2025-11-13,SKU100,4,3.617118,0.38288211822509766
2025-11-14,SKU100,2,3.954803,1.9548029899597168
2025-11-15,SKU100,5,4.3924236,0.6075763702392578
2025-11-16,SKU100,4,4.3940973,0.39409732818603516
2025-11-17,SKU100,5,3.634893,1.3651070594787598
2025-11-18,SKU100,4,3.685319,0.3146810531616211
2025-11-19,SKU100,4,3.8105912,0.1894087791442871
2025-11-20,SKU100,4,3.8908472,0.10915279388427734
2025-11-21,SKU100,8,5.4644384,2.5355615615844727
2025-11-22,SKU100,10,7.0306554,2.9693446159362793
2025-11-23,SKU100,5,7.774302,2.7743020057678223
2025-11-24,SKU100,5,5.9590974,0.9590973854064941
2025-11-25,SKU100,6,5.859349,0.14065122604370117
2025-11-26,SKU100,6,6.4612246,0.4612245559692383
2025-11-27,SKU100,6,6.201506,0.2015061378479004
2025-11-28,SKU100,5,6.8638415,1.8638415336608887
2025-11-29,SKU100,6,7.278828,1.2788281440734863
2025-11-30,SKU100,6,7.0407968,1.0407967567443848
2025-12-01,SKU100,6,5.5949593,0.4050407409667969
2025-12-02,SKU100,7,5.451781,1.5482192039489746
2025-12-03,SKU100,5,5.2075686,0.20756864547729492
2025-12-04,SKU100,7,4.8976912,2.102308750152588
2025-12-05,SKU100,6,5.260824,0.7391757965087891
2025-12-06,SKU100,5,5.3879285,0.38792848587036133
2025-12-07,SKU100,4,4.89369,0.8936901092529297
2025-12-08,SKU100,4,4.090757,0.09075689315795898
2025-12-09,SKU100,4,3.8361554,0.16384458541870117
2025-12-10,SKU100,3,3.6248598,0.6248598098754883
2025-12-11,SKU100,5,3.8068714,1.1931285858154297
2025-12-12,SKU100,5,4.16985,0.8301501274108887
2025-12-13,SKU100,5,4.6473117,0.3526883125305176
2025-12-14,SKU100,4,4.81664,0.8166399002075195
2025-12-15,SKU100,3,4.0993795,1.099379539489746
2025-12-16,SKU100,4,4.0604157,0.06041574478149414
2025-12-17,SKU100,3,3.9924593,0.9924592971801758
2025-12-18,SKU100,3,4.0980005,1.0980005264282227
2025-12-19,SKU100,6,4.3416605,1.658339500427246
2025-12-20,SKU100,6,4.914394,1.0856060981750488
2025-12-21,SKU100,5,5.1254706,0.12547063827514648
2025-12-22,SKU100,4,4.1717305,0.17173051834106445
2025-12-23,SKU100,3,3.9833846,0.9833846092224121
2025-12-24,SKU100,4,4.041871,0.041871070861816406
2025-12-25,SKU100,3,4.066512,1.066512107849121
2025-12-26,SKU100,5,4.2160172,0.7839827537536621
2025-12-27,SKU100,4,4.7236958,0.7236957550048828
2025-12-28,SKU100,3,4.9925904,1.9925904273986816
2025-12-29,SKU100,5,4.180814,0.8191862106323242
2025-12-30,SKU100,4,3.8437915,0.15620851516723633
2025-12-31,SKU100,3,3.6913223,0.6913223266601562
