date,sku_id,on_hand_units,on_order_units,lead_time_days,reorder_point
2024-01-07,SKU001,45,0,3,36
2024-01-14,SKU001,226,0,3,36
2024-01-21,SKU001,163,0,3,36
2024-01-28,SKU001,95,0,3,36
2024-02-04,SKU001,25,108,3,36
2024-02-11,SKU001,0,220,3,36
2024-02-18,SKU001,138,0,3,36
2024-02-25,SKU001,83,0,3,36
2024-03-03,SKU001,235,0,3,36
2024-03-10,SKU001,164,0,3,36
2024-03-17,SKU001,107,0,3,36
2024-03-24,SKU001,44,0,3,36
2024-03-31,SKU001,229,0,3,36
2024-04-07,SKU001,165,0,3,36
2024-04-14,SKU001,95,0,3,36
2024-04-21,SKU001,39,0,3,36
2024-04-28,SKU001,0,234,3,36
2024-05-05,SKU001,0,179,3,36
2024-05-12,SKU001,0,125,3,36
2024-05-19,SKU001,174,0,3,36
2024-05-26,SKU001,115,0,3,36
2024-06-02,SKU001,52,0,3,36
2024-06-09,SKU001,0,237,3,36
2024-06-16,SKU001,123,0,3,36
2024-06-23,SKU001,65,0,3,36
2024-06-30,SKU001,123,0,3,36
2024-07-07,SKU001,55,0,3,36
2024-07-14,SKU001,173,0,3,36
2024-07-21,SKU001,104,0,3,36
2024-07-28,SKU001,40,0,3,36
2024-08-04,SKU001,124,0,3,36
2024-08-11,SKU001,67,0,3,36
2024-08-18,SKU001,220,0,3,36
2024-08-25,SKU001,151,0,3,36
2024-09-01,SKU001,85,0,3,36
2024-09-08,SKU001,175,0,3,36
2024-09-15,SKU001,104,0,3,36
2024-09-22,SKU001,51,0,3,36
2024-09-29,SKU001,211,0,3,36
2024-10-06,SKU001,151,0,3,36
2024-10-13,SKU001,89,0,3,36
2024-10-20,SKU001,136,0,3,36
2024-10-27,SKU001,60,0,3,36
2024-11-03,SKU001,0,194,3,36
2024-11-10,SKU001,104,0,3,36
2024-11-17,SKU001,53,0,3,36
2024-11-24,SKU001,173,0,3,36
2024-12-01,SKU001,81,0,3,36
2024-12-08,SKU001,100,0,3,36
2024-12-15,SKU001,35,135,3,36
2024-12-22,SKU001,0,175,3,36
2024-12-29,SKU001,0,197,3,36
2025-01-05,SKU001,122,0,3,36
2025-01-12,SKU001,63,0,3,36
2025-01-19,SKU001,12,104,3,36
2025-01-26,SKU001,236,0,3,36
2025-02-02,SKU001,185,0,3,36
2025-02-09,SKU001,141,0,3,36
2025-02-16,SKU001,94,0,3,36
2025-02-23,SKU001,28,210,3,36
2025-03-02,SKU001,0,146,3,36
2025-03-09,SKU001,221,0,3,36
2025-03-16,SKU001,155,0,3,36
2025-03-23,SKU001,72,0,3,36
2025-03-30,SKU001,238,0,3,36
2025-04-06,SKU001,175,0,3,36
2025-04-13,SKU001,116,0,3,36
2025-04-20,SKU001,60,0,3,36
2025-04-27,SKU001,2,175,3,36
2025-05-04,SKU001,211,0,3,36
2025-05-11,SKU001,162,0,3,36
2025-05-18,SKU001,114,0,3,36
2025-05-25,SKU001,50,0,3,36
2025-06-01,SKU001,237,0,3,36
2025-06-08,SKU001,179,0,3,36
2025-06-15,SKU001,117,0,3,36
2025-06-22,SKU001,67,0,3,36
2025-06-29,SKU001,25,121,3,36
2025-07-06,SKU001,145,0,3,36
2025-07-13,SKU001,98,0,3,36
2025-07-20,SKU001,37,0,3,36
2025-07-27,SKU001,193,0,3,36
2025-08-03,SKU001,127,0,3,36
2025-08-10,SKU001,63,0,3,36
2025-08-17,SKU001,0,100,3,36
2025-08-24,SKU001,187,0,3,36
2025-08-31,SKU001,134,0,3,36
2025-09-07,SKU001,87,0,3,36
2025-09-14,SKU001,42,0,3,36
2025-09-21,SKU001,0,111,3,36
2025-09-28,SKU001,0,232,3,36
2025-10-05,SKU001,0,168,3,36
2025-10-12,SKU001,121,0,3,36
2025-10-19,SKU001,51,0,3,36
2025-10-26,SKU001,161,0,3,36
2025-11-02,SKU001,42,0,3,36
2025-11-09,SKU001,200,0,3,36
2025-11-16,SKU001,129,0,3,36
2025-11-23,SKU001,52,0,3,36
2025-11-30,SKU001,0,149,3,36
2025-12-07,SKU001,0,124,3,36
2025-12-14,SKU001,200,0,3,36
2025-12-21,SKU001,145,0,3,36
2025-12-28,SKU001,80,0,3,36
2024-01-07,SKU002,124,0,6,97
2024-01-14,SKU002,354,0,6,97
2024-01-21,SKU002,258,0,6,97
2024-01-28,SKU002,165,0,6,97
2024-02-04,SKU002,81,234,6,97
2024-02-11,SKU002,167,0,6,97
2024-02-18,SKU002,288,0,6,97
2024-02-25,SKU002,196,0,6,97
2024-03-03,SKU002,122,0,6,97
2024-03-10,SKU002,302,0,6,97
2024-03-17,SKU002,205,0,6,97
2024-03-24,SKU002,125,0,6,97
2024-03-31,SKU002,247,0,6,97
2024-04-07,SKU002,160,0,6,97
2024-04-14,SKU002,382,0,6,97
2024-04-21,SKU002,304,0,6,97
2024-04-28,SKU002,221,0,6,97
2024-05-05,SKU002,127,0,6,97
2024-05-12,SKU002,194,0,6,97
2024-05-19,SKU002,99,0,6,97
2024-05-26,SKU002,238,0,6,97
2024-06-02,SKU002,153,0,6,97
2024-06-09,SKU002,80,231,6,97
2024-06-16,SKU002,0,188,6,97
2024-06-23,SKU002,0,201,6,97
2024-06-30,SKU002,260,0,6,97
2024-07-07,SKU002,186,0,6,97
2024-07-14,SKU002,96,285,6,97
2024-07-21,SKU002,253,0,6,97
2024-07-28,SKU002,161,0,6,97
2024-08-04,SKU002,127,0,6,97
2024-08-11,SKU002,205,0,6,97
2024-08-18,SKU002,103,0,6,97
2024-08-25,SKU002,237,0,6,97
2024-09-01,SKU002,177,0,6,97
2024-09-08,SKU002,95,300,6,97
2024-09-15,SKU002,233,0,6,97
2024-09-22,SKU002,172,0,6,97
2024-09-29,SKU002,114,0,6,97
2024-10-06,SKU002,33,288,6,97
2024-10-13,SKU002,0,179,6,97
2024-10-20,SKU002,0,226,6,97
2024-10-27,SKU002,288,0,6,97
2024-11-03,SKU002,173,0,6,97
2024-11-10,SKU002,347,0,6,97
2024-11-17,SKU002,265,0,6,97
2024-11-24,SKU002,158,0,6,97
2024-12-01,SKU002,343,0,6,97
2024-12-08,SKU002,240,0,6,97
2024-12-15,SKU002,146,0,6,97
2024-12-22,SKU002,364,0,6,97
2024-12-29,SKU002,273,0,6,97
2025-01-05,SKU002,192,0,6,97
2025-01-12,SKU002,128,0,6,97
2025-01-19,SKU002,45,167,6,97
2025-01-26,SKU002,0,315,6,97
2025-02-02,SKU002,0,296,6,97
2025-02-09,SKU002,306,0,6,97
2025-02-16,SKU002,241,0,6,97
2025-02-23,SKU002,180,0,6,97
2025-03-02,SKU002,103,0,6,97
2025-03-09,SKU002,236,0,6,97
2025-03-16,SKU002,160,0,6,97
2025-03-23,SKU002,31,232,6,97
2025-03-30,SKU002,284,0,6,97
2025-04-06,SKU002,202,0,6,97
2025-04-13,SKU002,136,0,6,97
2025-04-20,SKU002,355,0,6,97
2025-04-27,SKU002,267,0,6,97
2025-05-04,SKU002,200,0,6,97
2025-05-11,SKU002,120,0,6,97
2025-05-18,SKU002,218,0,6,97
2025-05-25,SKU002,156,0,6,97
2025-06-01,SKU002,104,0,6,97
2025-06-08,SKU002,44,190,6,97
2025-06-15,SKU002,294,0,6,97
2025-06-22,SKU002,208,0,6,97
2025-06-29,SKU002,144,0,6,97
2025-07-06,SKU002,399,0,6,97
2025-07-13,SKU002,314,0,6,97
2025-07-20,SKU002,260,0,6,97
2025-07-27,SKU002,205,0,6,97
2025-08-03,SKU002,129,0,6,97
2025-08-10,SKU002,46,208,6,97
2025-08-17,SKU002,0,268,6,97
2025-08-24,SKU002,199,0,6,97
2025-08-31,SKU002,117,0,6,97
2025-09-07,SKU002,58,288,6,97
2025-09-14,SKU002,226,0,6,97
2025-09-21,SKU002,139,0,6,97
2025-09-28,SKU002,355,0,6,97
2025-10-05,SKU002,268,0,6,97
2025-10-12,SKU002,188,0,6,97
2025-10-19,SKU002,84,213,6,97
2025-10-26,SKU002,0,176,6,97
2025-11-02,SKU002,0,284,6,97
2025-11-09,SKU002,132,0,6,97
2025-11-16,SKU002,34,297,6,97
2025-11-23,SKU002,0,139,6,97
2025-11-30,SKU002,0,215,6,97
2025-12-07,SKU002,209,0,6,97
2025-12-14,SKU002,100,0,6,97
2025-12-21,SKU002,168,0,6,97
2025-12-28,SKU002,85,213,6,97
2024-01-07,SKU003,167,0,11,116
2024-01-14,SKU003,304,0,11,116
2024-01-21,SKU003,238,0,11,116
2024-01-28,SKU003,167,0,11,116
2024-02-04,SKU003,95,242,11,116
2024-02-11,SKU003,247,0,11,116
2024-02-18,SKU003,174,0,11,116
2024-02-25,SKU003,103,122,11,116
2024-03-03,SKU003,31,234,11,116
2024-03-10,SKU003,0,173,11,116
2024-03-17,SKU003,217,0,11,116
2024-03-24,SKU003,146,0,11,116
2024-03-31,SKU003,258,0,11,116
2024-04-07,SKU003,194,0,11,116
2024-04-14,SKU003,134,0,11,116
2024-04-21,SKU003,272,0,11,116
2024-04-28,SKU003,212,0,11,116
2024-05-05,SKU003,154,0,11,116
2024-05-12,SKU003,280,0,11,116
2024-05-19,SKU003,211,0,11,116
2024-05-26,SKU003,152,0,11,116
2024-06-02,SKU003,123,0,11,116
2024-06-09,SKU003,66,206,11,116
2024-06-16,SKU003,205,0,11,116
2024-06-23,SKU003,134,0,11,116
2024-06-30,SKU003,266,0,11,116
2024-07-07,SKU003,219,0,11,116
2024-07-14,SKU003,161,0,11,116
2024-07-21,SKU003,115,111,11,116
2024-07-28,SKU003,69,215,11,116
2024-08-04,SKU003,21,113,11,116
2024-08-11,SKU003,0,176,11,116
2024-08-18,SKU003,181,0,11,116
2024-08-25,SKU003,121,0,11,116
2024-09-01,SKU003,63,195,11,116
2024-09-08,SKU003,115,0,11,116
2024-09-15,SKU003,169,0,11,116
2024-09-22,SKU003,122,0,11,116
2024-09-29,SKU003,73,177,11,116
2024-10-06,SKU003,129,0,11,116
2024-10-13,SKU003,247,0,11,116
2024-10-20,SKU003,187,0,11,116
2024-10-27,SKU003,338,0,11,116
2024-11-03,SKU003,247,0,11,116
2024-11-10,SKU003,154,0,11,116
2024-11-17,SKU003,267,0,11,116
2024-11-24,SKU003,174,0,11,116
2024-12-01,SKU003,209,0,11,116
2024-12-08,SKU003,119,0,11,116
2024-12-15,SKU003,47,232,11,116
2024-12-22,SKU003,213,0,11,116
2024-12-29,SKU003,153,0,11,116
2025-01-05,SKU003,312,0,11,116
2025-01-12,SKU003,250,0,11,116
2025-01-19,SKU003,203,0,11,116
2025-01-26,SKU003,151,0,11,116
2025-02-02,SKU003,277,0,11,116
2025-02-09,SKU003,225,0,11,116
2025-02-16,SKU003,171,0,11,116
2025-02-23,SKU003,356,0,11,116
2025-03-02,SKU003,300,0,11,116
2025-03-09,SKU003,237,0,11,116
2025-03-16,SKU003,173,0,11,116
2025-03-23,SKU003,91,163,11,116
2025-03-30,SKU003,164,0,11,116
2025-04-06,SKU003,90,132,11,116
2025-04-13,SKU003,264,0,11,116
2025-04-20,SKU003,203,0,11,116
2025-04-27,SKU003,132,0,11,116
2025-05-04,SKU003,195,0,11,116
2025-05-11,SKU003,138,0,11,116
2025-05-18,SKU003,90,226,11,116
2025-05-25,SKU003,29,201,11,116
2025-06-01,SKU003,183,0,11,116
2025-06-08,SKU003,135,0,11,116
2025-06-15,SKU003,210,0,11,116
2025-06-22,SKU003,135,0,11,116
2025-06-29,SKU003,243,0,11,116
2025-07-06,SKU003,198,0,11,116
2025-07-13,SKU003,150,0,11,116
2025-07-20,SKU003,206,0,11,116
2025-07-27,SKU003,148,0,11,116
2025-08-03,SKU003,102,215,11,116
2025-08-10,SKU003,233,0,11,116
2025-08-17,SKU003,150,0,11,116
2025-08-24,SKU003,102,109,11,116
2025-08-31,SKU003,242,0,11,116
2025-09-07,SKU003,186,0,11,116
2025-09-14,SKU003,128,0,11,116
2025-09-21,SKU003,60,143,11,116
2025-09-28,SKU003,142,0,11,116
2025-10-05,SKU003,69,110,11,116
2025-10-12,SKU003,1,161,11,116
2025-10-19,SKU003,0,126,11,116
2025-10-26,SKU003,0,159,11,116
2025-11-02,SKU003,0,239,11,116
2025-11-09,SKU003,126,0,11,116
2025-11-16,SKU003,240,0,11,116
2025-11-23,SKU003,147,0,11,116
2025-11-30,SKU003,31,131,11,116
2025-12-07,SKU003,0,109,11,116
2025-12-14,SKU003,0,101,11,116
2025-12-21,SKU003,197,0,11,116
2025-12-28,SKU003,132,0,11,116
2024-01-07,SKU004,118,0,10,100
2024-01-14,SKU004,197,0,10,100
2024-01-21,SKU004,139,0,10,100
2024-01-28,SKU004,170,0,10,100
2024-02-04,SKU004,107,0,10,100
2024-02-11,SKU004,189,0,10,100
2024-02-18,SKU004,122,0,10,100
2024-02-25,SKU004,227,0,10,100
2024-03-03,SKU004,165,0,10,100
2024-03-10,SKU004,115,0,10,100
2024-03-17,SKU004,147,0,10,100
2024-03-24,SKU004,96,200,10,100
2024-03-31,SKU004,133,0,10,100
2024-04-07,SKU004,84,187,10,100
2024-04-14,SKU004,232,0,10,100
2024-04-21,SKU004,173,0,10,100
2024-04-28,SKU004,110,0,10,100
2024-05-05,SKU004,144,0,10,100
2024-05-12,SKU004,263,0,10,100
2024-05-19,SKU004,197,0,10,100
2024-05-26,SKU004,142,0,10,100
2024-06-02,SKU004,192,0,10,100
2024-06-09,SKU004,125,0,10,100
2024-06-16,SKU004,61,105,10,100
2024-06-23,SKU004,5,127,10,100
2024-06-30,SKU004,213,0,10,100
2024-07-07,SKU004,157,0,10,100
2024-07-14,SKU004,200,0,10,100
2024-07-21,SKU004,141,0,10,100
2024-07-28,SKU004,171,0,10,100
2024-08-04,SKU004,109,0,10,100
2024-08-11,SKU004,48,104,10,100
2024-08-18,SKU004,143,0,10,100
2024-08-25,SKU004,218,0,10,100
2024-09-01,SKU004,155,0,10,100
2024-09-08,SKU004,97,180,10,100
2024-09-15,SKU004,44,150,10,100
2024-09-22,SKU004,143,0,10,100
2024-09-29,SKU004,309,0,10,100
2024-10-06,SKU004,251,0,10,100
2024-10-13,SKU004,194,0,10,100
2024-10-20,SKU004,176,0,10,100
2024-10-27,SKU004,291,0,10,100
2024-11-03,SKU004,221,0,10,100
2024-11-10,SKU004,150,0,10,100
2024-11-17,SKU004,101,0,10,100
2024-11-24,SKU004,35,188,10,100
2024-12-01,SKU004,114,0,10,100
2024-12-08,SKU004,229,0,10,100
2024-12-15,SKU004,158,0,10,100
2024-12-22,SKU004,108,0,10,100
2024-12-29,SKU004,47,97,10,100
2025-01-05,SKU004,98,0,10,100
2025-01-12,SKU004,268,0,10,100
2025-01-19,SKU004,224,0,10,100
2025-01-26,SKU004,183,0,10,100
2025-02-02,SKU004,141,0,10,100
2025-02-09,SKU004,92,149,10,100
2025-02-16,SKU004,256,0,10,100
2025-02-23,SKU004,216,0,10,100
2025-03-02,SKU004,167,0,10,100
2025-03-09,SKU004,113,0,10,100
2025-03-16,SKU004,57,184,10,100
2025-03-23,SKU004,167,0,10,100
2025-03-30,SKU004,119,0,10,100
2025-04-06,SKU004,79,89,10,100
2025-04-13,SKU004,130,0,10,100
2025-04-20,SKU004,80,116,10,100
2025-04-27,SKU004,32,140,10,100
2025-05-04,SKU004,0,182,10,100
2025-05-11,SKU004,0,104,10,100
2025-05-18,SKU004,0,109,10,100
2025-05-25,SKU004,122,0,10,100
2025-06-01,SKU004,199,0,10,100
2025-06-08,SKU004,142,0,10,100
2025-06-15,SKU004,72,101,10,100
2025-06-22,SKU004,199,0,10,100
2025-06-29,SKU004,162,0,10,100
2025-07-06,SKU004,122,0,10,100
2025-07-13,SKU004,78,119,10,100
2025-07-20,SKU004,164,0,10,100
2025-07-27,SKU004,112,0,10,100
2025-08-03,SKU004,60,144,10,100
2025-08-10,SKU004,0,179,10,100
2025-08-17,SKU004,178,0,10,100
2025-08-24,SKU004,121,0,10,100
2025-08-31,SKU004,80,169,10,100
2025-09-07,SKU004,182,0,10,100
2025-09-14,SKU004,132,0,10,100
2025-09-21,SKU004,74,203,10,100
2025-09-28,SKU004,218,0,10,100
2025-10-05,SKU004,151,0,10,100
2025-10-12,SKU004,292,0,10,100
2025-10-19,SKU004,237,0,10,100
2025-10-26,SKU004,137,0,10,100
2025-11-02,SKU004,43,140,10,100
2025-11-09,SKU004,197,0,10,100
2025-11-16,SKU004,144,0,10,100
2025-11-23,SKU004,203,0,10,100
2025-11-30,SKU004,114,0,10,100
2025-12-07,SKU004,25,129,10,100
2025-12-14,SKU004,114,0,10,100
2025-12-21,SKU004,229,0,10,100
2025-12-28,SKU004,175,0,10,100
2024-01-07,SKU005,163,0,6,58
2024-01-14,SKU005,108,0,6,58
2024-01-21,SKU005,52,115,6,58
2024-01-28,SKU005,2,204,6,58
2024-02-04,SKU005,141,0,6,58
2024-02-11,SKU005,83,0,6,58
2024-02-18,SKU005,191,0,6,58
2024-02-25,SKU005,133,0,6,58
2024-03-03,SKU005,70,0,6,58
2024-03-10,SKU005,189,0,6,58
2024-03-17,SKU005,124,0,6,58
2024-03-24,SKU005,62,0,6,58
2024-03-31,SKU005,0,195,6,58
2024-04-07,SKU005,0,143,6,58
2024-04-14,SKU005,202,0,6,58
2024-04-21,SKU005,140,0,6,58
2024-04-28,SKU005,88,0,6,58
2024-05-05,SKU005,129,0,6,58
2024-05-12,SKU005,72,0,6,58
2024-05-19,SKU005,149,0,6,58
2024-05-26,SKU005,94,0,6,58
2024-06-02,SKU005,139,0,6,58
2024-06-09,SKU005,81,0,6,58
2024-06-16,SKU005,19,166,6,58
2024-06-23,SKU005,0,110,6,58
2024-06-30,SKU005,139,0,6,58
2024-07-07,SKU005,78,0,6,58
2024-07-14,SKU005,168,0,6,58
2024-07-21,SKU005,105,0,6,58
2024-07-28,SKU005,50,201,6,58
2024-08-04,SKU005,100,0,6,58
2024-08-11,SKU005,243,0,6,58
2024-08-18,SKU005,178,0,6,58
2024-08-25,SKU005,121,0,6,58
2024-09-01,SKU005,65,0,6,58
2024-09-08,SKU005,158,0,6,58
2024-09-15,SKU005,107,0,6,58
2024-09-22,SKU005,196,0,6,58
2024-09-29,SKU005,144,0,6,58
2024-10-06,SKU005,94,0,6,58
2024-10-13,SKU005,41,190,6,58
2024-10-20,SKU005,124,0,6,58
2024-10-27,SKU005,76,0,6,58
2024-11-03,SKU005,20,119,6,58
2024-11-10,SKU005,202,0,6,58
2024-11-17,SKU005,148,0,6,58
2024-11-24,SKU005,61,0,6,58
2024-12-01,SKU005,177,0,6,58
2024-12-08,SKU005,111,0,6,58
2024-12-15,SKU005,63,0,6,58
2024-12-22,SKU005,106,0,6,58
2024-12-29,SKU005,51,160,6,58
2025-01-05,SKU005,0,200,6,58
2025-01-12,SKU005,132,0,6,58
2025-01-19,SKU005,78,0,6,58
2025-01-26,SKU005,27,127,6,58
2025-02-02,SKU005,132,0,6,58
2025-02-09,SKU005,91,0,6,58
2025-02-16,SKU005,34,148,6,58
2025-02-23,SKU005,0,198,6,58
2025-03-02,SKU005,0,208,6,58
2025-03-09,SKU005,171,0,6,58
2025-03-16,SKU005,112,0,6,58
2025-03-23,SKU005,229,0,6,58
2025-03-30,SKU005,154,0,6,58
2025-04-06,SKU005,111,0,6,58
2025-04-13,SKU005,67,0,6,58
2025-04-20,SKU005,27,126,6,58
2025-04-27,SKU005,113,0,6,58
2025-05-04,SKU005,60,0,6,58
2025-05-11,SKU005,187,0,6,58
2025-05-18,SKU005,137,0,6,58
2025-05-25,SKU005,91,0,6,58
2025-06-01,SKU005,241,0,6,58
2025-06-08,SKU005,196,0,6,58
2025-06-15,SKU005,140,0,6,58
2025-06-22,SKU005,80,0,6,58
2025-06-29,SKU005,37,124,6,58
2025-07-06,SKU005,0,98,6,58
2025-07-13,SKU005,193,0,6,58
2025-07-20,SKU005,150,0,6,58
2025-07-27,SKU005,100,0,6,58
2025-08-03,SKU005,212,0,6,58
2025-08-10,SKU005,162,0,6,58
2025-08-17,SKU005,78,0,6,58
2025-08-24,SKU005,155,0,6,58
2025-08-31,SKU005,103,0,6,58
2025-09-07,SKU005,64,0,6,58
2025-09-14,SKU005,184,0,6,58
2025-09-21,SKU005,128,0,6,58
2025-09-28,SKU005,76,0,6,58
2025-10-05,SKU005,23,173,6,58
2025-10-12,SKU005,0,211,6,58
2025-10-19,SKU005,0,119,6,58
2025-10-26,SKU005,186,0,6,58
2025-11-02,SKU005,84,0,6,58
2025-11-09,SKU005,17,144,6,58
2025-11-16,SKU005,138,0,6,58
2025-11-23,SKU005,54,110,6,58
2025-11-30,SKU005,0,188,6,58
2025-12-07,SKU005,0,197,6,58
2025-12-14,SKU005,111,0,6,58
2025-12-21,SKU005,245,0,6,58
2025-12-28,SKU005,171,0,6,58
2024-01-07,SKU006,137,0,12,77
2024-01-14,SKU006,92,0,12,77
2024-01-21,SKU006,57,150,12,77
2024-01-28,SKU006,139,0,12,77
2024-02-04,SKU006,98,0,12,77
2024-02-11,SKU006,194,0,12,77
2024-02-18,SKU006,152,0,12,77
2024-02-25,SKU006,116,0,12,77
2024-03-03,SKU006,93,0,12,77
2024-03-10,SKU006,132,0,12,77
2024-03-17,SKU006,83,0,12,77
2024-03-24,SKU006,38,124,12,77
2024-03-31,SKU006,134,0,12,77
2024-04-07,SKU006,111,0,12,77
2024-04-14,SKU006,80,0,12,77
2024-04-21,SKU006,189,0,12,77
2024-04-28,SKU006,149,0,12,77
2024-05-05,SKU006,117,0,12,77
2024-05-12,SKU006,89,0,12,77
2024-05-19,SKU006,146,0,12,77
2024-05-26,SKU006,112,0,12,77
2024-06-02,SKU006,194,0,12,77
2024-06-09,SKU006,166,0,12,77
2024-06-16,SKU006,129,0,12,77
2024-06-23,SKU006,87,0,12,77
2024-06-30,SKU006,56,66,12,77
2024-07-07,SKU006,166,0,12,77
2024-07-14,SKU006,135,0,12,77
2024-07-21,SKU006,102,0,12,77
2024-07-28,SKU006,76,151,12,77
2024-08-04,SKU006,162,0,12,77
2024-08-11,SKU006,128,0,12,77
2024-08-18,SKU006,174,0,12,77
2024-08-25,SKU006,138,0,12,77
2024-09-01,SKU006,110,0,12,77
2024-09-08,SKU006,85,0,12,77
2024-09-15,SKU006,108,0,12,77
2024-09-22,SKU006,79,0,12,77
2024-09-29,SKU006,110,0,12,77
2024-10-06,SKU006,161,0,12,77
2024-10-13,SKU006,113,0,12,77
2024-10-20,SKU006,72,73,12,77
2024-10-27,SKU006,72,0,12,77
2024-11-03,SKU006,128,0,12,77
2024-11-10,SKU006,85,0,12,77
2024-11-17,SKU006,45,113,12,77
2024-11-24,SKU006,136,0,12,77
2024-12-01,SKU006,75,118,12,77
2024-12-08,SKU006,20,119,12,77
2024-12-15,SKU006,0,127,12,77
2024-12-22,SKU006,0,143,12,77
2024-12-29,SKU006,0,85,12,77
2025-01-05,SKU006,0,103,12,77
2025-01-12,SKU006,73,0,12,77
2025-01-19,SKU006,35,145,12,77
2025-01-26,SKU006,111,0,12,77
2025-02-02,SKU006,153,0,12,77
2025-02-09,SKU006,118,0,12,77
2025-02-16,SKU006,85,0,12,77
2025-02-23,SKU006,152,0,12,77
2025-03-02,SKU006,119,0,12,77
2025-03-09,SKU006,87,0,12,77
2025-03-16,SKU006,118,0,12,77
2025-03-23,SKU006,63,108,12,77
2025-03-30,SKU006,13,122,12,77
2025-04-06,SKU006,76,0,12,77
2025-04-13,SKU006,118,0,12,77
2025-04-20,SKU006,78,0,12,77
2025-04-27,SKU006,47,73,12,77
2025-05-04,SKU006,102,0,12,77
2025-05-11,SKU006,187,0,12,77
2025-05-18,SKU006,155,0,12,77
2025-05-25,SKU006,117,0,12,77
2025-06-01,SKU006,88,0,12,77
2025-06-08,SKU006,58,88,12,77
2025-06-15,SKU006,10,99,12,77
2025-06-22,SKU006,0,80,12,77
2025-06-29,SKU006,0,111,12,77
2025-07-06,SKU006,150,0,12,77
2025-07-13,SKU006,114,0,12,77
2025-07-20,SKU006,153,0,12,77
2025-07-27,SKU006,117,0,12,77
2025-08-03,SKU006,86,0,12,77
2025-08-10,SKU006,171,0,12,77
2025-08-17,SKU006,115,0,12,77
2025-08-24,SKU006,70,154,12,77
2025-08-31,SKU006,27,89,12,77
2025-09-07,SKU006,115,0,12,77
2025-09-14,SKU006,72,112,12,77
2025-09-21,SKU006,32,145,12,77
2025-09-28,SKU006,109,0,12,77
2025-10-05,SKU006,67,132,12,77
2025-10-12,SKU006,122,0,12,77
2025-10-19,SKU006,82,0,12,77
2025-10-26,SKU006,161,0,12,77
2025-11-02,SKU006,93,0,12,77
2025-11-09,SKU006,37,128,12,77
2025-11-16,SKU006,91,0,12,77
2025-11-23,SKU006,16,78,12,77
2025-11-30,SKU006,82,0,12,77
2025-12-07,SKU006,7,139,12,77
2025-12-14,SKU006,0,63,12,77
2025-12-21,SKU006,0,76,12,77
2025-12-28,SKU006,89,0,12,77
2024-01-07,SKU007,161,0,8,72
2024-01-14,SKU007,115,0,8,72
2024-01-21,SKU007,64,167,8,72
2024-01-28,SKU007,147,0,8,72
2024-02-04,SKU007,95,0,8,72
2024-02-11,SKU007,175,0,8,72
2024-02-18,SKU007,130,0,8,72
2024-02-25,SKU007,82,0,8,72
2024-03-03,SKU007,38,164,8,72
2024-03-10,SKU007,114,0,8,72
2024-03-17,SKU007,175,0,8,72
2024-03-24,SKU007,130,0,8,72
2024-03-31,SKU007,83,0,8,72
2024-04-07,SKU007,212,0,8,72
2024-04-14,SKU007,170,0,8,72
2024-04-21,SKU007,131,0,8,72
2024-04-28,SKU007,81,0,8,72
2024-05-05,SKU007,132,0,8,72
2024-05-12,SKU007,87,0,8,72
2024-05-19,SKU007,43,113,8,72
2024-05-26,SKU007,108,0,8,72
2024-06-02,SKU007,184,0,8,72
2024-06-09,SKU007,143,0,8,72
2024-06-16,SKU007,104,0,8,72
2024-06-23,SKU007,64,115,8,72
2024-06-30,SKU007,19,143,8,72
2024-07-07,SKU007,71,0,8,72
2024-07-14,SKU007,29,158,8,72
2024-07-21,SKU007,146,0,8,72
2024-07-28,SKU007,101,0,8,72
2024-08-04,SKU007,49,86,8,72
2024-08-11,SKU007,158,0,8,72
2024-08-18,SKU007,107,0,8,72
2024-08-25,SKU007,231,0,8,72
2024-09-01,SKU007,184,0,8,72
2024-09-08,SKU007,143,0,8,72
2024-09-15,SKU007,99,0,8,72
2024-09-22,SKU007,49,100,8,72
2024-09-29,SKU007,32,92,8,72
2024-10-06,SKU007,125,0,8,72
2024-10-13,SKU007,80,0,8,72
2024-10-20,SKU007,32,75,8,72
2024-10-27,SKU007,0,94,8,72
2024-11-03,SKU007,135,0,8,72
2024-11-10,SKU007,82,0,8,72
2024-11-17,SKU007,16,109,8,72
2024-11-24,SKU007,115,0,8,72
2024-12-01,SKU007,47,71,8,72
2024-12-08,SKU007,117,0,8,72
2024-12-15,SKU007,68,85,8,72
2024-12-22,SKU007,27,163,8,72
2024-12-29,SKU007,146,0,8,72
2025-01-05,SKU007,104,0,8,72
2025-01-12,SKU007,71,127,8,72
2025-01-19,SKU007,149,0,8,72
2025-01-26,SKU007,112,0,8,72
2025-02-02,SKU007,78,0,8,72
2025-02-09,SKU007,195,0,8,72
2025-02-16,SKU007,156,0,8,72
2025-02-23,SKU007,117,0,8,72
2025-03-02,SKU007,78,0,8,72
2025-03-09,SKU007,202,0,8,72
2025-03-16,SKU007,158,0,8,72
2025-03-23,SKU007,114,0,8,72
2025-03-30,SKU007,75,0,8,72
2025-04-06,SKU007,37,108,8,72
2025-04-13,SKU007,5,112,8,72
2025-04-20,SKU007,118,0,8,72
2025-04-27,SKU007,83,0,8,72
2025-05-04,SKU007,151,0,8,72
2025-05-11,SKU007,117,0,8,72
2025-05-18,SKU007,85,0,8,72
2025-05-25,SKU007,125,0,8,72
2025-06-01,SKU007,84,0,8,72
2025-06-08,SKU007,166,0,8,72
2025-06-15,SKU007,110,0,8,72
2025-06-22,SKU007,61,78,8,72
2025-06-29,SKU007,157,0,8,72
2025-07-06,SKU007,128,0,8,72
2025-07-13,SKU007,84,0,8,72
2025-07-20,SKU007,205,0,8,72
2025-07-27,SKU007,164,0,8,72
2025-08-03,SKU007,131,0,8,72
2025-08-10,SKU007,93,0,8,72
2025-08-17,SKU007,45,119,8,72
2025-08-24,SKU007,3,135,8,72
2025-08-31,SKU007,129,0,8,72
2025-09-07,SKU007,97,0,8,72
2025-09-14,SKU007,132,0,8,72
2025-09-21,SKU007,96,0,8,72
2025-09-28,SKU007,50,83,8,72
2025-10-05,SKU007,127,0,8,72
2025-10-12,SKU007,77,0,8,72
2025-10-19,SKU007,100,0,8,72
2025-10-26,SKU007,143,0,8,72
2025-11-02,SKU007,75,0,8,72
2025-11-09,SKU007,25,73,8,72
2025-11-16,SKU007,96,0,8,72
2025-11-23,SKU007,31,153,8,72
2025-11-30,SKU007,93,0,8,72
2025-12-07,SKU007,123,0,8,72
2025-12-14,SKU007,86,0,8,72
2025-12-21,SKU007,32,121,8,72
2025-12-28,SKU007,140,0,8,72
2024-01-07,SKU008,126,0,4,30
2024-01-14,SKU008,76,0,4,30
2024-01-21,SKU008,35,0,4,30
2024-01-28,SKU008,109,0,4,30
2024-02-04,SKU008,60,0,4,30
2024-02-11,SKU008,18,87,4,30
2024-02-18,SKU008,126,0,4,30
2024-02-25,SKU008,118,0,4,30
2024-03-03,SKU008,77,0,4,30
2024-03-10,SKU008,36,0,4,30
2024-03-17,SKU008,0,80,4,30
2024-03-24,SKU008,163,0,4,30
2024-03-31,SKU008,122,0,4,30
2024-04-07,SKU008,85,0,4,30
2024-04-14,SKU008,51,0,4,30
2024-04-21,SKU008,135,0,4,30
2024-04-28,SKU008,97,0,4,30
2024-05-05,SKU008,56,0,4,30
2024-05-12,SKU008,19,78,4,30
2024-05-19,SKU008,83,0,4,30
2024-05-26,SKU008,48,0,4,30
2024-06-02,SKU008,88,0,4,30
2024-06-09,SKU008,51,0,4,30
2024-06-16,SKU008,0,145,4,30
2024-06-23,SKU008,0,173,4,30
2024-06-30,SKU008,145,0,4,30
2024-07-07,SKU008,103,0,4,30
2024-07-14,SKU008,72,0,4,30
2024-07-21,SKU008,157,0,4,30
2024-07-28,SKU008,125,0,4,30
2024-08-04,SKU008,84,0,4,30
2024-08-11,SKU008,39,0,4,30
2024-08-18,SKU008,149,0,4,30
2024-08-25,SKU008,112,0,4,30
2024-09-01,SKU008,77,0,4,30
2024-09-08,SKU008,33,0,4,30
2024-09-15,SKU008,0,119,4,30
2024-09-22,SKU008,149,0,4,30
2024-09-29,SKU008,104,0,4,30
2024-10-06,SKU008,67,0,4,30
2024-10-13,SKU008,193,0,4,30
2024-10-20,SKU008,142,0,4,30
2024-10-27,SKU008,73,0,4,30
2024-11-03,SKU008,174,0,4,30
2024-11-10,SKU008,125,0,4,30
2024-11-17,SKU008,80,0,4,30
2024-11-24,SKU008,181,0,4,30
2024-12-01,SKU008,107,0,4,30
2024-12-08,SKU008,46,0,4,30
2024-12-15,SKU008,80,0,4,30
2024-12-22,SKU008,32,0,4,30
2024-12-29,SKU008,85,0,4,30
2025-01-05,SKU008,42,0,4,30
2025-01-12,SKU008,1,115,4,30
2025-01-19,SKU008,0,125,4,30
2025-01-26,SKU008,111,0,4,30
2025-02-02,SKU008,66,0,4,30
2025-02-09,SKU008,190,0,4,30
2025-02-16,SKU008,155,0,4,30
2025-02-23,SKU008,118,0,4,30
2025-03-02,SKU008,78,0,4,30
2025-03-09,SKU008,37,0,4,30
2025-03-16,SKU008,120,0,4,30
2025-03-23,SKU008,63,0,4,30
2025-03-30,SKU008,163,0,4,30
2025-04-06,SKU008,115,0,4,30
2025-04-13,SKU008,73,0,4,30
2025-04-20,SKU008,25,78,4,30
2025-04-27,SKU008,152,0,4,30
2025-05-04,SKU008,110,0,4,30
2025-05-11,SKU008,72,0,4,30
2025-05-18,SKU008,34,0,4,30
2025-05-25,SKU008,0,84,4,30
2025-06-01,SKU008,127,0,4,30
2025-06-08,SKU008,92,0,4,30
2025-06-15,SKU008,47,0,4,30
2025-06-22,SKU008,134,0,4,30
2025-06-29,SKU008,97,0,4,30
2025-07-06,SKU008,59,0,4,30
2025-07-13,SKU008,172,0,4,30
2025-07-20,SKU008,141,0,4,30
2025-07-27,SKU008,94,0,4,30
2025-08-03,SKU008,58,0,4,30
2025-08-10,SKU008,85,0,4,30
2025-08-17,SKU008,23,78,4,30
2025-08-24,SKU008,154,0,4,30
2025-08-31,SKU008,116,0,4,30
2025-09-07,SKU008,83,0,4,30
2025-09-14,SKU008,45,0,4,30
2025-09-21,SKU008,6,137,4,30
2025-09-28,SKU008,121,0,4,30
2025-10-05,SKU008,80,0,4,30
2025-10-12,SKU008,38,0,4,30
2025-10-19,SKU008,0,127,4,30
2025-10-26,SKU008,0,134,4,30
2025-11-02,SKU008,163,0,4,30
2025-11-09,SKU008,85,0,4,30
2025-11-16,SKU008,38,0,4,30
2025-11-23,SKU008,0,121,4,30
2025-11-30,SKU008,0,139,4,30
2025-12-07,SKU008,132,0,4,30
2025-12-14,SKU008,87,0,4,30
2025-12-21,SKU008,42,0,4,30
2025-12-28,SKU008,94,0,4,30
2024-01-07,SKU009,313,0,7,98
2024-01-14,SKU009,217,0,7,98
2024-01-21,SKU009,143,0,7,98
2024-01-28,SKU009,306,0,7,98
2024-02-04,SKU009,225,0,7,98
2024-02-11,SKU009,147,0,7,98
2024-02-18,SKU009,349,0,7,98
2024-02-25,SKU009,277,0,7,98
2024-03-03,SKU009,198,0,7,98
2024-03-10,SKU009,108,0,7,98
2024-03-17,SKU009,260,0,7,98
2024-03-24,SKU009,188,0,7,98
2024-03-31,SKU009,109,0,7,98
2024-04-07,SKU009,243,0,7,98
2024-04-14,SKU009,166,0,7,98
2024-04-21,SKU009,94,206,7,98
2024-04-28,SKU009,201,0,7,98
2024-05-05,SKU009,116,0,7,98
2024-05-12,SKU009,32,198,7,98
2024-05-19,SKU009,299,0,7,98
2024-05-26,SKU009,253,0,7,98
2024-06-02,SKU009,195,0,7,98
2024-06-09,SKU009,132,0,7,98
2024-06-16,SKU009,339,0,7,98
2024-06-23,SKU009,269,0,7,98
2024-06-30,SKU009,206,0,7,98
2024-07-07,SKU009,144,0,7,98
2024-07-14,SKU009,303,0,7,98
2024-07-21,SKU009,240,0,7,98
2024-07-28,SKU009,184,0,7,98
2024-08-04,SKU009,132,0,7,98
2024-08-11,SKU009,58,131,7,98
2024-08-18,SKU009,0,178,7,98
2024-08-25,SKU009,303,0,7,98
2024-09-01,SKU009,247,0,7,98
2024-09-08,SKU009,181,0,7,98
2024-09-15,SKU009,110,0,7,98
2024-09-22,SKU009,53,188,7,98
2024-09-29,SKU009,0,168,7,98
2024-10-06,SKU009,0,151,7,98
2024-10-13,SKU009,281,0,7,98
2024-10-20,SKU009,179,0,7,98
2024-10-27,SKU009,200,0,7,98
2024-11-03,SKU009,68,276,7,98
2024-11-10,SKU009,0,162,7,98
2024-11-17,SKU009,167,0,7,98
2024-11-24,SKU009,70,256,7,98
2024-12-01,SKU009,307,0,7,98
2024-12-08,SKU009,197,0,7,98
2024-12-15,SKU009,116,0,7,98
2024-12-22,SKU009,297,0,7,98
2024-12-29,SKU009,203,0,7,98
2025-01-05,SKU009,141,0,7,98
2025-01-12,SKU009,218,0,7,98
2025-01-19,SKU009,153,0,7,98
2025-01-26,SKU009,295,0,7,98
2025-02-02,SKU009,239,0,7,98
2025-02-09,SKU009,181,0,7,98
2025-02-16,SKU009,116,0,7,98
2025-02-23,SKU009,57,268,7,98
2025-03-02,SKU009,132,0,7,98
2025-03-09,SKU009,368,0,7,98
2025-03-16,SKU009,295,0,7,98
2025-03-23,SKU009,188,0,7,98
2025-03-30,SKU009,97,199,7,98
2025-04-06,SKU009,185,0,7,98
2025-04-13,SKU009,105,0,7,98
2025-04-20,SKU009,16,176,7,98
2025-04-27,SKU009,286,0,7,98
2025-05-04,SKU009,205,0,7,98
2025-05-11,SKU009,116,0,7,98
2025-05-18,SKU009,44,131,7,98
2025-05-25,SKU009,304,0,7,98
2025-06-01,SKU009,238,0,7,98
2025-06-08,SKU009,160,0,7,98
2025-06-15,SKU009,241,0,7,98
2025-06-22,SKU009,147,0,7,98
2025-06-29,SKU009,269,0,7,98
2025-07-06,SKU009,195,0,7,98
2025-07-13,SKU009,132,0,7,98
2025-07-20,SKU009,58,144,7,98
2025-07-27,SKU009,199,0,7,98
2025-08-03,SKU009,105,0,7,98
2025-08-10,SKU009,19,171,7,98
2025-08-17,SKU009,0,160,7,98
2025-08-24,SKU009,206,0,7,98
2025-08-31,SKU009,126,0,7,98
2025-09-07,SKU009,277,0,7,98
2025-09-14,SKU009,199,0,7,98
2025-09-21,SKU009,120,0,7,98
2025-09-28,SKU009,45,126,7,98
2025-10-05,SKU009,254,0,7,98
2025-10-12,SKU009,148,0,7,98
2025-10-19,SKU009,51,279,7,98
2025-10-26,SKU009,311,0,7,98
2025-11-02,SKU009,182,0,7,98
2025-11-09,SKU009,78,286,7,98
2025-11-16,SKU009,193,0,7,98
2025-11-23,SKU009,376,0,7,98
2025-11-30,SKU009,264,0,7,98
2025-12-07,SKU009,155,0,7,98
2025-12-14,SKU009,220,0,7,98
2025-12-21,SKU009,130,0,7,98
2025-12-28,SKU009,159,0,7,98
2024-01-07,SKU010,285,0,14,181
2024-01-14,SKU010,205,0,14,181
2024-01-21,SKU010,402,0,14,181
2024-01-28,SKU010,321,0,14,181
2024-02-04,SKU010,239,0,14,181
2024-02-11,SKU010,165,270,14,181
2024-02-18,SKU010,289,0,14,181
2024-02-25,SKU010,210,0,14,181
2024-03-03,SKU010,382,0,14,181
2024-03-10,SKU010,294,0,14,181
2024-03-17,SKU010,213,0,14,181
2024-03-24,SKU010,422,0,14,181
2024-03-31,SKU010,343,0,14,181
2024-04-07,SKU010,257,0,14,181
2024-04-14,SKU010,174,215,14,181
2024-04-21,SKU010,307,0,14,181
2024-04-28,SKU010,217,0,14,181
2024-05-05,SKU010,432,0,14,181
2024-05-12,SKU010,348,0,14,181
2024-05-19,SKU010,263,0,14,181
2024-05-26,SKU010,190,0,14,181
2024-06-02,SKU010,254,0,14,181
2024-06-09,SKU010,419,0,14,181
2024-06-16,SKU010,328,0,14,181
2024-06-23,SKU010,244,0,14,181
2024-06-30,SKU010,316,0,14,181
2024-07-07,SKU010,245,0,14,181
2024-07-14,SKU010,331,0,14,181
2024-07-21,SKU010,249,0,14,181
2024-07-28,SKU010,309,0,14,181
2024-08-04,SKU010,237,0,14,181
2024-08-11,SKU010,439,0,14,181
2024-08-18,SKU010,361,0,14,181
2024-08-25,SKU010,290,0,14,181
2024-09-01,SKU010,210,0,14,181
2024-09-08,SKU010,312,0,14,181
2024-09-15,SKU010,217,0,14,181
2024-09-22,SKU010,366,0,14,181
2024-09-29,SKU010,279,0,14,181
2024-10-06,SKU010,209,0,14,181
2024-10-13,SKU010,135,192,14,181
2024-10-20,SKU010,47,289,14,181
2024-10-27,SKU010,302,0,14,181
2024-11-03,SKU010,217,0,14,181
2024-11-10,SKU010,272,0,14,181
2024-11-17,SKU010,198,0,14,181
2024-11-24,SKU010,271,0,14,181
2024-12-01,SKU010,292,0,14,181
2024-12-08,SKU010,185,0,14,181
2024-12-15,SKU010,93,185,14,181
2024-12-22,SKU010,11,278,14,181
2024-12-29,SKU010,163,0,14,181
2025-01-05,SKU010,86,264,14,181
2025-01-12,SKU010,154,0,14,181
2025-01-19,SKU010,291,0,14,181
2025-01-26,SKU010,218,0,14,181
2025-02-02,SKU010,418,0,14,181
2025-02-09,SKU010,362,0,14,181
2025-02-16,SKU010,272,0,14,181
2025-02-23,SKU010,207,0,14,181
2025-03-02,SKU010,408,0,14,181
2025-03-09,SKU010,331,0,14,181
2025-03-16,SKU010,241,0,14,181
2025-03-23,SKU010,99,268,14,181
2025-03-30,SKU010,197,0,14,181
2025-04-06,SKU010,239,0,14,181
2025-04-13,SKU010,421,0,14,181
2025-04-20,SKU010,343,0,14,181
2025-04-27,SKU010,274,0,14,181
2025-05-04,SKU010,209,0,14,181
2025-05-11,SKU010,148,243,14,181
2025-05-18,SKU010,379,0,14,181
2025-05-25,SKU010,312,0,14,181
2025-06-01,SKU010,243,0,14,181
2025-06-08,SKU010,188,0,14,181
2025-06-15,SKU010,405,0,14,181
2025-06-22,SKU010,298,0,14,181
2025-06-29,SKU010,228,0,14,181
2025-07-06,SKU010,295,0,14,181
2025-07-13,SKU010,226,0,14,181
2025-07-20,SKU010,344,0,14,181
2025-07-27,SKU010,284,0,14,181
2025-08-03,SKU010,213,0,14,181
2025-08-10,SKU010,146,242,14,181
2025-08-17,SKU010,267,0,14,181
2025-08-24,SKU010,197,0,14,181
2025-08-31,SKU010,420,0,14,181
2025-09-07,SKU010,351,0,14,181
2025-09-14,SKU010,276,0,14,181
2025-09-21,SKU010,200,0,14,181
2025-09-28,SKU010,133,295,14,181
2025-10-05,SKU010,45,270,14,181
2025-10-12,SKU010,219,0,14,181
2025-10-19,SKU010,142,229,14,181
2025-10-26,SKU010,313,0,14,181
2025-11-02,SKU010,193,0,14,181
2025-11-09,SKU010,104,254,14,181
2025-11-16,SKU010,161,0,14,181
2025-11-23,SKU010,272,0,14,181
2025-11-30,SKU010,141,127,14,181
2025-12-07,SKU010,25,144,14,181
2025-12-14,SKU010,132,0,14,181
2025-12-21,SKU010,289,0,14,181
2025-12-28,SKU010,182,0,14,181
2024-01-07,SKU011,147,0,4,85
2024-01-14,SKU011,29,272,4,85
2024-01-21,SKU011,231,0,4,85
2024-01-28,SKU011,120,0,4,85
2024-02-04,SKU011,23,322,4,85
2024-02-11,SKU011,232,0,4,85
2024-02-18,SKU011,131,0,4,85
2024-02-25,SKU011,361,0,4,85
2024-03-03,SKU011,260,0,4,85
2024-03-10,SKU011,162,0,4,85
2024-03-17,SKU011,460,0,4,85
2024-03-24,SKU011,360,0,4,85
2024-03-31,SKU011,237,0,4,85
2024-04-07,SKU011,133,0,4,85
2024-04-14,SKU011,454,0,4,85
2024-04-21,SKU011,348,0,4,85
2024-04-28,SKU011,247,0,4,85
2024-05-05,SKU011,119,0,4,85
2024-05-12,SKU011,356,0,4,85
2024-05-19,SKU011,238,0,4,85
2024-05-26,SKU011,126,0,4,85
2024-06-02,SKU011,15,297,4,85
2024-06-09,SKU011,317,0,4,85
2024-06-16,SKU011,210,0,4,85
2024-06-23,SKU011,96,0,4,85
2024-06-30,SKU011,203,0,4,85
2024-07-07,SKU011,105,0,4,85
2024-07-14,SKU011,0,358,4,85
2024-07-21,SKU011,302,0,4,85
2024-07-28,SKU011,206,0,4,85
2024-08-04,SKU011,109,0,4,85
2024-08-11,SKU011,189,0,4,85
2024-08-18,SKU011,69,293,4,85
2024-08-25,SKU011,414,0,4,85
2024-09-01,SKU011,305,0,4,85
2024-09-08,SKU011,188,0,4,85
2024-09-15,SKU011,241,0,4,85
2024-09-22,SKU011,131,0,4,85
2024-09-29,SKU011,29,354,4,85
2024-10-06,SKU011,272,0,4,85
2024-10-13,SKU011,173,0,4,85
2024-10-20,SKU011,419,0,4,85
2024-10-27,SKU011,312,0,4,85
2024-11-03,SKU011,203,0,4,85
2024-11-10,SKU011,275,0,4,85
2024-11-17,SKU011,158,0,4,85
2024-11-24,SKU011,30,359,4,85
2024-12-01,SKU011,251,0,4,85
2024-12-08,SKU011,165,0,4,85
2024-12-15,SKU011,75,274,4,85
2024-12-22,SKU011,0,407,4,85
2024-12-29,SKU011,306,0,4,85
2025-01-05,SKU011,215,0,4,85
2025-01-12,SKU011,120,0,4,85
2025-01-19,SKU011,31,281,4,85
2025-01-26,SKU011,292,0,4,85
2025-02-02,SKU011,197,0,4,85
2025-02-09,SKU011,112,0,4,85
2025-02-16,SKU011,25,190,4,85
2025-02-23,SKU011,0,325,4,85
2025-03-02,SKU011,0,248,4,85
2025-03-09,SKU011,0,379,4,85
2025-03-16,SKU011,315,0,4,85
2025-03-23,SKU011,144,0,4,85
2025-03-30,SKU011,388,0,4,85
2025-04-06,SKU011,271,0,4,85
2025-04-13,SKU011,183,0,4,85
2025-04-20,SKU011,82,182,4,85
2025-04-27,SKU011,371,0,4,85
2025-05-04,SKU011,283,0,4,85
2025-05-11,SKU011,194,0,4,85
2025-05-18,SKU011,108,0,4,85
2025-05-25,SKU011,193,0,4,85
2025-06-01,SKU011,99,0,4,85
2025-06-08,SKU011,0,333,4,85
2025-06-15,SKU011,262,0,4,85
2025-06-22,SKU011,125,0,4,85
2025-06-29,SKU011,375,0,4,85
2025-07-06,SKU011,289,0,4,85
2025-07-13,SKU011,206,0,4,85
2025-07-20,SKU011,126,0,4,85
2025-07-27,SKU011,286,0,4,85
2025-08-03,SKU011,174,0,4,85
2025-08-10,SKU011,390,0,4,85
2025-08-17,SKU011,257,0,4,85
2025-08-24,SKU011,152,0,4,85
2025-08-31,SKU011,411,0,4,85
2025-09-07,SKU011,318,0,4,85
2025-09-14,SKU011,225,0,4,85
2025-09-21,SKU011,124,0,4,85
2025-09-28,SKU011,259,0,4,85
2025-10-05,SKU011,137,0,4,85
2025-10-12,SKU011,359,0,4,85
2025-10-19,SKU011,239,0,4,85
2025-10-26,SKU011,47,206,4,85
2025-11-02,SKU011,392,0,4,85
2025-11-09,SKU011,227,0,4,85
2025-11-16,SKU011,112,0,4,85
2025-11-23,SKU011,0,249,4,85
2025-11-30,SKU011,402,0,4,85
2025-12-07,SKU011,232,0,4,85
2025-12-14,SKU011,123,0,4,85
2025-12-21,SKU011,18,273,4,85
2025-12-28,SKU011,0,287,4,85
2024-01-07,SKU012,50,0,3,17
2024-01-14,SKU012,95,0,3,17
2024-01-21,SKU012,56,0,3,17
2024-01-28,SKU012,24,0,3,17
2024-02-04,SKU012,0,79,3,17
2024-02-11,SKU012,70,0,3,17
2024-02-18,SKU012,34,0,3,17
2024-02-25,SKU012,0,57,3,17
2024-03-03,SKU012,92,0,3,17
2024-03-10,SKU012,57,0,3,17
2024-03-17,SKU012,22,0,3,17
2024-03-24,SKU012,127,0,3,17
2024-03-31,SKU012,95,0,3,17
2024-04-07,SKU012,66,0,3,17
2024-04-14,SKU012,33,0,3,17
2024-04-21,SKU012,0,69,3,17
2024-04-28,SKU012,90,0,3,17
2024-05-05,SKU012,54,0,3,17
2024-05-12,SKU012,21,0,3,17
2024-05-19,SKU012,54,0,3,17
2024-05-26,SKU012,98,0,3,17
2024-06-02,SKU012,68,0,3,17
2024-06-09,SKU012,37,0,3,17
2024-06-16,SKU012,110,0,3,17
2024-06-23,SKU012,72,0,3,17
2024-06-30,SKU012,36,0,3,17
2024-07-07,SKU012,5,66,3,17
2024-07-14,SKU012,0,95,3,17
2024-07-21,SKU012,112,0,3,17
2024-07-28,SKU012,74,0,3,17
2024-08-04,SKU012,39,0,3,17
2024-08-11,SKU012,98,0,3,17
2024-08-18,SKU012,69,0,3,17
2024-08-25,SKU012,34,0,3,17
2024-09-01,SKU012,79,0,3,17
2024-09-08,SKU012,47,0,3,17
2024-09-15,SKU012,67,0,3,17
2024-09-22,SKU012,54,0,3,17
2024-09-29,SKU012,32,0,3,17
2024-10-06,SKU012,0,74,3,17
2024-10-13,SKU012,0,106,3,17
2024-10-20,SKU012,0,128,3,17
2024-10-27,SKU012,108,0,3,17
2024-11-03,SKU012,53,0,3,17
2024-11-10,SKU012,20,0,3,17
2024-11-17,SKU012,70,0,3,17
2024-11-24,SKU012,20,0,3,17
2024-12-01,SKU012,104,0,3,17
2024-12-08,SKU012,66,0,3,17
2024-12-15,SKU012,29,0,3,17
2024-12-22,SKU012,0,117,3,17
2024-12-29,SKU012,0,70,3,17
2025-01-05,SKU012,95,0,3,17
2025-01-12,SKU012,72,0,3,17
2025-01-19,SKU012,47,0,3,17
2025-01-26,SKU012,109,0,3,17
2025-02-02,SKU012,83,0,3,17
2025-02-09,SKU012,53,0,3,17
2025-02-16,SKU012,27,0,3,17
2025-02-23,SKU012,0,66,3,17
2025-03-02,SKU012,91,0,3,17
2025-03-09,SKU012,61,0,3,17
2025-03-16,SKU012,28,0,3,17
2025-03-23,SKU012,75,0,3,17
2025-03-30,SKU012,41,0,3,17
2025-04-06,SKU012,98,0,3,17
2025-04-13,SKU012,66,0,3,17
2025-04-20,SKU012,39,0,3,17
2025-04-27,SKU012,11,86,3,17
2025-05-04,SKU012,99,0,3,17
2025-05-11,SKU012,63,0,3,17
2025-05-18,SKU012,34,0,3,17
2025-05-25,SKU012,114,0,3,17
2025-06-01,SKU012,90,0,3,17
2025-06-08,SKU012,66,0,3,17
2025-06-15,SKU012,31,0,3,17
2025-06-22,SKU012,97,0,3,17
2025-06-29,SKU012,76,0,3,17
2025-07-06,SKU012,55,0,3,17
2025-07-13,SKU012,31,0,3,17
2025-07-20,SKU012,74,0,3,17
2025-07-27,SKU012,42,0,3,17
2025-08-03,SKU012,73,0,3,17
2025-08-10,SKU012,45,0,3,17
2025-08-17,SKU012,3,60,3,17
2025-08-24,SKU012,104,0,3,17
2025-08-31,SKU012,74,0,3,17
2025-09-07,SKU012,46,0,3,17
2025-09-14,SKU012,19,0,3,17
2025-09-21,SKU012,110,0,3,17
2025-09-28,SKU012,82,0,3,17
2025-10-05,SKU012,53,0,3,17
2025-10-12,SKU012,19,0,3,17
2025-10-19,SKU012,93,0,3,17
2025-10-26,SKU012,35,0,3,17
2025-11-02,SKU012,85,0,3,17
2025-11-09,SKU012,41,0,3,17
2025-11-16,SKU012,0,70,3,17
2025-11-23,SKU012,128,0,3,17
2025-11-30,SKU012,67,0,3,17
2025-12-07,SKU012,11,75,3,17
2025-12-14,SKU012,73,0,3,17
2025-12-21,SKU012,41,0,3,17
2025-12-28,SKU012,8,116,3,17
2024-01-07,SKU013,72,0,4,26
2024-01-14,SKU013,35,0,4,26
2024-01-21,SKU013,0,117,4,26
2024-01-28,SKU013,0,65,4,26
2024-02-04,SKU013,0,137,4,26
2024-02-11,SKU013,0,124,4,26
2024-02-18,SKU013,0,158,4,26
2024-02-25,SKU013,148,0,4,26
2024-03-03,SKU013,100,0,4,26
2024-03-10,SKU013,62,0,4,26
2024-03-17,SKU013,139,0,4,26
2024-03-24,SKU013,90,0,4,26
2024-03-31,SKU013,44,0,4,26
2024-04-07,SKU013,1,160,4,26
2024-04-14,SKU013,0,88,4,26
2024-04-21,SKU013,0,80,4,26
2024-04-28,SKU013,0,102,4,26
2024-05-05,SKU013,115,0,4,26
2024-05-12,SKU013,74,0,4,26
2024-05-19,SKU013,33,0,4,26
2024-05-26,SKU013,150,0,4,26
2024-06-02,SKU013,101,0,4,26
2024-06-09,SKU013,64,0,4,26
2024-06-16,SKU013,179,0,4,26
2024-06-23,SKU013,130,0,4,26
2024-06-30,SKU013,89,0,4,26
2024-07-07,SKU013,50,0,4,26
2024-07-14,SKU013,12,105,4,26
2024-07-21,SKU013,96,0,4,26
2024-07-28,SKU013,56,0,4,26
2024-08-04,SKU013,14,84,4,26
2024-08-11,SKU013,0,100,4,26
2024-08-18,SKU013,105,0,4,26
2024-08-25,SKU013,67,0,4,26
2024-09-01,SKU013,187,0,4,26
2024-09-08,SKU013,145,0,4,26
2024-09-15,SKU013,106,0,4,26
2024-09-22,SKU013,65,0,4,26
2024-09-29,SKU013,18,110,4,26
2024-10-06,SKU013,84,0,4,26
2024-10-13,SKU013,43,0,4,26
2024-10-20,SKU013,104,0,4,26
2024-10-27,SKU013,58,0,4,26
2024-11-03,SKU013,16,155,4,26
2024-11-10,SKU013,0,84,4,26
2024-11-17,SKU013,137,0,4,26
2024-11-24,SKU013,97,0,4,26
2024-12-01,SKU013,52,0,4,26
2024-12-08,SKU013,173,0,4,26
2024-12-15,SKU013,126,0,4,26
2024-12-22,SKU013,81,0,4,26
2024-12-29,SKU013,50,0,4,26
2025-01-05,SKU013,8,100,4,26
2025-01-12,SKU013,159,0,4,26
2025-01-19,SKU013,121,0,4,26
2025-01-26,SKU013,84,0,4,26
2025-02-02,SKU013,50,0,4,26
2025-02-09,SKU013,179,0,4,26
2025-02-16,SKU013,147,0,4,26
2025-02-23,SKU013,109,0,4,26
2025-03-02,SKU013,80,0,4,26
2025-03-09,SKU013,44,0,4,26
2025-03-16,SKU013,85,0,4,26
2025-03-23,SKU013,27,0,4,26
2025-03-30,SKU013,0,97,4,26
2025-04-06,SKU013,0,113,4,26
2025-04-13,SKU013,83,0,4,26
2025-04-20,SKU013,37,0,4,26
2025-04-27,SKU013,3,81,4,26
2025-05-04,SKU013,81,0,4,26
2025-05-11,SKU013,51,0,4,26
2025-05-18,SKU013,129,0,4,26
2025-05-25,SKU013,101,0,4,26
2025-06-01,SKU013,61,0,4,26
2025-06-08,SKU013,26,132,4,26
2025-06-15,SKU013,147,0,4,26
2025-06-22,SKU013,107,0,4,26
2025-06-29,SKU013,77,0,4,26
2025-07-06,SKU013,30,0,4,26
2025-07-13,SKU013,0,69,4,26
2025-07-20,SKU013,0,145,4,26
2025-07-27,SKU013,94,0,4,26
2025-08-03,SKU013,61,0,4,26
2025-08-10,SKU013,103,0,4,26
2025-08-17,SKU013,44,0,4,26
2025-08-24,SKU013,0,160,4,26
2025-08-31,SKU013,0,142,4,26
2025-09-07,SKU013,69,0,4,26
2025-09-14,SKU013,31,0,4,26
2025-09-21,SKU013,0,94,4,26
2025-09-28,SKU013,0,95,4,26
2025-10-05,SKU013,147,0,4,26
2025-10-12,SKU013,97,0,4,26
2025-10-19,SKU013,43,0,4,26
2025-10-26,SKU013,0,129,4,26
2025-11-02,SKU013,141,0,4,26
2025-11-09,SKU013,83,0,4,26
2025-11-16,SKU013,45,0,4,26
2025-11-23,SKU013,0,100,4,26
2025-11-30,SKU013,0,155,4,26
2025-12-07,SKU013,136,0,4,26
2025-12-14,SKU013,94,0,4,26
2025-12-21,SKU013,54,0,4,26
2025-12-28,SKU013,150,0,4,26
2024-01-07,SKU014,193,0,11,152
2024-01-14,SKU014,286,0,11,152
2024-01-21,SKU014,220,0,11,152
2024-01-28,SKU014,146,253,11,152
2024-02-04,SKU014,268,0,11,152
2024-02-11,SKU014,201,0,11,152
2024-02-18,SKU014,388,0,11,152
2024-02-25,SKU014,315,0,11,152
2024-03-03,SKU014,234,0,11,152
2024-03-10,SKU014,169,0,11,152
2024-03-17,SKU014,278,0,11,152
2024-03-24,SKU014,200,0,11,152
2024-03-31,SKU014,247,0,11,152
2024-04-07,SKU014,166,0,11,152
2024-04-14,SKU014,100,149,11,152
2024-04-21,SKU014,257,0,11,152
2024-04-28,SKU014,184,0,11,152
2024-05-05,SKU014,335,0,11,152
2024-05-12,SKU014,256,0,11,152
2024-05-19,SKU014,182,0,11,152
2024-05-26,SKU014,308,0,11,152
2024-06-02,SKU014,239,0,11,152
2024-06-09,SKU014,164,0,11,152
2024-06-16,SKU014,218,0,11,152
2024-06-23,SKU014,154,0,11,152
2024-06-30,SKU014,84,255,11,152
2024-07-07,SKU014,170,0,11,152
2024-07-14,SKU014,104,167,11,152
2024-07-21,SKU014,161,0,11,152
2024-07-28,SKU014,279,0,11,152
2024-08-04,SKU014,208,0,11,152
2024-08-11,SKU014,340,0,11,152
2024-08-18,SKU014,261,0,11,152
2024-08-25,SKU014,194,0,11,152
2024-09-01,SKU014,363,0,11,152
2024-09-08,SKU014,281,0,11,152
2024-09-15,SKU014,218,0,11,152
2024-09-22,SKU014,153,0,11,152
2024-09-29,SKU014,74,194,11,152
2024-10-06,SKU014,3,175,11,152
2024-10-13,SKU014,151,0,11,152
2024-10-20,SKU014,260,0,11,152
2024-10-27,SKU014,188,0,11,152
2024-11-03,SKU014,278,0,11,152
2024-11-10,SKU014,205,0,11,152
2024-11-17,SKU014,121,151,11,152
2024-11-24,SKU014,271,0,11,152
2024-12-01,SKU014,159,0,11,152
2024-12-08,SKU014,212,0,11,152
2024-12-15,SKU014,323,0,11,152
2024-12-22,SKU014,253,0,11,152
2024-12-29,SKU014,182,0,11,152
2025-01-05,SKU014,295,0,11,152
2025-01-12,SKU014,238,0,11,152
2025-01-19,SKU014,187,0,11,152
2025-01-26,SKU014,384,0,11,152
2025-02-02,SKU014,321,0,11,152
2025-02-09,SKU014,258,0,11,152
2025-02-16,SKU014,192,0,11,152
2025-02-23,SKU014,321,0,11,152
2025-03-02,SKU014,270,0,11,152
2025-03-09,SKU014,210,0,11,152
2025-03-16,SKU014,347,0,11,152
2025-03-23,SKU014,259,0,11,152
2025-03-30,SKU014,189,0,11,152
2025-04-06,SKU014,360,0,11,152
2025-04-13,SKU014,299,0,11,152
2025-04-20,SKU014,246,0,11,152
2025-04-27,SKU014,188,0,11,152
2025-05-04,SKU014,257,0,11,152
2025-05-11,SKU014,198,0,11,152
2025-05-18,SKU014,132,216,11,152
2025-05-25,SKU014,65,226,11,152
2025-06-01,SKU014,5,220,11,152
2025-06-08,SKU014,0,237,11,152
2025-06-15,SKU014,0,253,11,152
2025-06-22,SKU014,133,0,11,152
2025-06-29,SKU014,76,176,11,152
2025-07-06,SKU014,206,0,11,152
2025-07-13,SKU014,383,0,11,152
2025-07-20,SKU014,337,0,11,152
2025-07-27,SKU014,280,0,11,152
2025-08-03,SKU014,221,0,11,152
2025-08-10,SKU014,314,0,11,152
2025-08-17,SKU014,220,0,11,152
2025-08-24,SKU014,319,0,11,152
2025-08-31,SKU014,266,0,11,152
2025-09-07,SKU014,194,0,11,152
2025-09-14,SKU014,283,0,11,152
2025-09-21,SKU014,200,0,11,152
2025-09-28,SKU014,321,0,11,152
2025-10-05,SKU014,249,0,11,152
2025-10-12,SKU014,179,0,11,152
2025-10-19,SKU014,83,165,11,152
2025-10-26,SKU014,139,0,11,152
2025-11-02,SKU014,31,171,11,152
2025-11-09,SKU014,170,0,11,152
2025-11-16,SKU014,343,0,11,152
2025-11-23,SKU014,257,0,11,152
2025-11-30,SKU014,163,0,11,152
2025-12-07,SKU014,47,236,11,152
2025-12-14,SKU014,130,0,11,152
2025-12-21,SKU014,235,0,11,152
2025-12-28,SKU014,158,0,11,152
2024-01-07,SKU015,100,0,2,13
2024-01-14,SKU015,64,0,2,13
2024-01-21,SKU015,27,0,2,13
2024-01-28,SKU015,0,135,2,13
2024-02-04,SKU015,0,59,2,13
2024-02-11,SKU015,137,0,2,13
2024-02-18,SKU015,99,0,2,13
2024-02-25,SKU015,67,0,2,13
2024-03-03,SKU015,25,0,2,13
2024-03-10,SKU015,132,0,2,13
2024-03-17,SKU015,98,0,2,13
2024-03-24,SKU015,65,0,2,13
2024-03-31,SKU015,32,0,2,13
2024-04-07,SKU015,0,57,2,13
2024-04-14,SKU015,0,92,2,13
2024-04-21,SKU015,0,139,2,13
2024-04-28,SKU015,0,65,2,13
2024-05-05,SKU015,97,0,2,13
2024-05-12,SKU015,60,0,2,13
2024-05-19,SKU015,22,0,2,13
2024-05-26,SKU015,71,0,2,13
2024-06-02,SKU015,33,0,2,13
2024-06-09,SKU015,0,111,2,13
2024-06-16,SKU015,73,0,2,13
2024-06-23,SKU015,39,0,2,13
2024-06-30,SKU015,136,0,2,13
2024-07-07,SKU015,97,0,2,13
2024-07-14,SKU015,55,0,2,13
2024-07-21,SKU015,46,0,2,13
2024-07-28,SKU015,21,0,2,13
2024-08-04,SKU015,0,72,2,13
2024-08-11,SKU015,132,0,2,13
2024-08-18,SKU015,78,0,2,13
2024-08-25,SKU015,48,0,2,13
2024-09-01,SKU015,17,0,2,13
2024-09-08,SKU015,138,0,2,13
2024-09-15,SKU015,103,0,2,13
2024-09-22,SKU015,67,0,2,13
2024-09-29,SKU015,40,0,2,13
2024-10-06,SKU015,6,131,2,13
2024-10-13,SKU015,0,61,2,13
2024-10-20,SKU015,0,86,2,13
2024-10-27,SKU015,116,0,2,13
2024-11-03,SKU015,58,0,2,13
2024-11-10,SKU015,18,0,2,13
2024-11-17,SKU015,0,69,2,13
2024-11-24,SKU015,0,141,2,13
2024-12-01,SKU015,0,129,2,13
2024-12-08,SKU015,0,121,2,13
2024-12-15,SKU015,107,0,2,13
2024-12-22,SKU015,73,0,2,13
2024-12-29,SKU015,32,0,2,13
2025-01-05,SKU015,3,70,2,13
2025-01-12,SKU015,126,0,2,13
2025-01-19,SKU015,98,0,2,13
2025-01-26,SKU015,67,0,2,13
2025-02-02,SKU015,33,0,2,13
2025-02-09,SKU015,62,0,2,13
2025-02-16,SKU015,23,0,2,13
2025-02-23,SKU015,95,0,2,13
2025-03-02,SKU015,64,0,2,13
2025-03-09,SKU015,29,0,2,13
2025-03-16,SKU015,0,94,2,13
2025-03-23,SKU015,80,0,2,13
2025-03-30,SKU015,39,0,2,13
2025-04-06,SKU015,82,0,2,13
2025-04-13,SKU015,34,0,2,13
2025-04-20,SKU015,135,0,2,13
2025-04-27,SKU015,98,0,2,13
2025-05-04,SKU015,63,0,2,13
2025-05-11,SKU015,31,0,2,13
2025-05-18,SKU015,0,111,2,13
2025-05-25,SKU015,134,0,2,13
2025-06-01,SKU015,106,0,2,13
2025-06-08,SKU015,75,0,2,13
2025-06-15,SKU015,33,0,2,13
2025-06-22,SKU015,115,0,2,13
2025-06-29,SKU015,92,0,2,13
2025-07-06,SKU015,63,0,2,13
2025-07-13,SKU015,37,0,2,13
2025-07-20,SKU015,10,138,2,13
2025-07-27,SKU015,101,0,2,13
2025-08-03,SKU015,70,0,2,13
2025-08-10,SKU015,36,0,2,13
2025-08-17,SKU015,93,0,2,13
2025-08-24,SKU015,52,0,2,13
2025-08-31,SKU015,22,0,2,13
2025-09-07,SKU015,0,139,2,13
2025-09-14,SKU015,0,65,2,13
2025-09-21,SKU015,62,0,2,13
2025-09-28,SKU015,25,0,2,13
2025-10-05,SKU015,73,0,2,13
2025-10-12,SKU015,29,0,2,13
2025-10-19,SKU015,65,0,2,13
2025-10-26,SKU015,15,0,2,13
2025-11-02,SKU015,101,0,2,13
2025-11-09,SKU015,53,0,2,13
2025-11-16,SKU015,16,0,2,13
2025-11-23,SKU015,66,0,2,13
2025-11-30,SKU015,7,69,2,13
2025-12-07,SKU015,107,0,2,13
2025-12-14,SKU015,66,0,2,13
2025-12-21,SKU015,21,0,2,13
2025-12-28,SKU015,89,0,2,13
2024-01-07,SKU016,270,0,8,115
2024-01-14,SKU016,187,0,8,115
2024-01-21,SKU016,401,0,8,115
2024-01-28,SKU016,319,0,8,115
2024-02-04,SKU016,237,0,8,115
2024-02-11,SKU016,147,0,8,115
2024-02-18,SKU016,362,0,8,115
2024-02-25,SKU016,282,0,8,115
2024-03-03,SKU016,199,0,8,115
2024-03-10,SKU016,371,0,8,115
2024-03-17,SKU016,288,0,8,115
2024-03-24,SKU016,208,0,8,115
2024-03-31,SKU016,445,0,8,115
2024-04-07,SKU016,365,0,8,115
2024-04-14,SKU016,262,0,8,115
2024-04-21,SKU016,168,0,8,115
2024-04-28,SKU016,81,149,8,115
2024-05-05,SKU016,322,0,8,115
2024-05-12,SKU016,236,0,8,115
2024-05-19,SKU016,155,0,8,115
2024-05-26,SKU016,72,243,8,115
2024-06-02,SKU016,237,0,8,115
2024-06-09,SKU016,157,0,8,115
2024-06-16,SKU016,53,184,8,115
2024-06-23,SKU016,331,0,8,115
2024-06-30,SKU016,250,0,8,115
2024-07-07,SKU016,160,0,8,115
2024-07-14,SKU016,300,0,8,115
2024-07-21,SKU016,227,0,8,115
2024-07-28,SKU016,167,0,8,115
2024-08-04,SKU016,373,0,8,115
2024-08-11,SKU016,275,0,8,115
2024-08-18,SKU016,146,0,8,115
2024-08-25,SKU016,57,292,8,115
2024-09-01,SKU016,286,0,8,115
2024-09-08,SKU016,191,0,8,115
2024-09-15,SKU016,382,0,8,115
2024-09-22,SKU016,310,0,8,115
2024-09-29,SKU016,236,0,8,115
2024-10-06,SKU016,149,0,8,115
2024-10-13,SKU016,57,268,8,115
2024-10-20,SKU016,0,210,8,115
2024-10-27,SKU016,0,213,8,115
2024-11-03,SKU016,0,241,8,115
2024-11-10,SKU016,187,0,8,115
2024-11-17,SKU016,101,305,8,115
2024-11-24,SKU016,0,167,8,115
2024-12-01,SKU016,330,0,8,115
2024-12-08,SKU016,195,0,8,115
2024-12-15,SKU016,104,275,8,115
2024-12-22,SKU016,305,0,8,115
2024-12-29,SKU016,197,0,8,115
2025-01-05,SKU016,135,0,8,115
2025-01-12,SKU016,48,236,8,115
2025-01-19,SKU016,145,0,8,115
2025-01-26,SKU016,58,229,8,115
2025-02-02,SKU016,188,0,8,115
2025-02-09,SKU016,111,250,8,115
2025-02-16,SKU016,268,0,8,115
2025-02-23,SKU016,199,0,8,115
2025-03-02,SKU016,131,0,8,115
2025-03-09,SKU016,55,248,8,115
2025-03-16,SKU016,163,0,8,115
2025-03-23,SKU016,237,0,8,115
2025-03-30,SKU016,140,0,8,115
2025-04-06,SKU016,322,0,8,115
2025-04-13,SKU016,246,0,8,115
2025-04-20,SKU016,161,0,8,115
2025-04-27,SKU016,405,0,8,115
2025-05-04,SKU016,321,0,8,115
2025-05-11,SKU016,253,0,8,115
2025-05-18,SKU016,175,0,8,115
2025-05-25,SKU016,94,286,8,115
2025-06-01,SKU016,11,239,8,115
2025-06-08,SKU016,0,257,8,115
2025-06-15,SKU016,0,340,8,115
2025-06-22,SKU016,234,0,8,115
2025-06-29,SKU016,159,0,8,115
2025-07-06,SKU016,363,0,8,115
2025-07-13,SKU016,285,0,8,115
2025-07-20,SKU016,210,0,8,115
2025-07-27,SKU016,143,0,8,115
2025-08-03,SKU016,399,0,8,115
2025-08-10,SKU016,330,0,8,115
2025-08-17,SKU016,222,0,8,115
2025-08-24,SKU016,141,0,8,115
2025-08-31,SKU016,263,0,8,115
2025-09-07,SKU016,173,0,8,115
2025-09-14,SKU016,107,289,8,115
2025-09-21,SKU016,328,0,8,115
2025-09-28,SKU016,244,0,8,115
2025-10-05,SKU016,137,0,8,115
2025-10-12,SKU016,282,0,8,115
2025-10-19,SKU016,189,0,8,115
2025-10-26,SKU016,275,0,8,115
2025-11-02,SKU016,117,0,8,115
2025-11-09,SKU016,241,0,8,115
2025-11-16,SKU016,135,0,8,115
2025-11-23,SKU016,240,0,8,115
2025-11-30,SKU016,108,227,8,115
2025-12-07,SKU016,159,0,8,115
2025-12-14,SKU016,283,0,8,115
2025-12-21,SKU016,198,0,8,115
2025-12-28,SKU016,102,296,8,115
2024-01-07,SKU017,239,0,7,151
2024-01-14,SKU017,116,330,7,151
2024-01-21,SKU017,1,371,7,151
2024-01-28,SKU017,0,334,7,151
2024-02-04,SKU017,189,0,7,151
2024-02-11,SKU017,447,0,7,151
2024-02-18,SKU017,313,0,7,151
2024-02-25,SKU017,257,0,7,151
2024-03-03,SKU017,154,0,7,151
2024-03-10,SKU017,68,333,7,151
2024-03-17,SKU017,316,0,7,151
2024-03-24,SKU017,193,0,7,151
2024-03-31,SKU017,59,443,7,151
2024-04-07,SKU017,420,0,7,151
2024-04-14,SKU017,306,0,7,151
2024-04-21,SKU017,202,0,7,151
2024-04-28,SKU017,88,190,7,151
2024-05-05,SKU017,241,0,7,151
2024-05-12,SKU017,154,0,7,151
2024-05-19,SKU017,68,342,7,151
2024-05-26,SKU017,431,0,7,151
2024-06-02,SKU017,343,0,7,151
2024-06-09,SKU017,229,0,7,151
2024-06-16,SKU017,113,207,7,151
2024-06-23,SKU017,0,402,7,151
2024-06-30,SKU017,0,351,7,151
2024-07-07,SKU017,0,188,7,151
2024-07-14,SKU017,379,0,7,151
2024-07-21,SKU017,288,0,7,151
2024-07-28,SKU017,185,0,7,151
2024-08-04,SKU017,471,0,7,151
2024-08-11,SKU017,354,0,7,151
2024-08-18,SKU017,207,0,7,151
2024-08-25,SKU017,104,344,7,151
2024-09-01,SKU017,296,0,7,151
2024-09-08,SKU017,215,0,7,151
2024-09-15,SKU017,104,253,7,151
2024-09-22,SKU017,14,422,7,151
2024-09-29,SKU017,313,0,7,151
2024-10-06,SKU017,182,0,7,151
2024-10-13,SKU017,256,0,7,151
2024-10-20,SKU017,429,0,7,151
2024-10-27,SKU017,255,0,7,151
2024-11-03,SKU017,455,0,7,151
2024-11-10,SKU017,305,0,7,151
2024-11-17,SKU017,182,0,7,151
2024-11-24,SKU017,0,410,7,151
2024-12-01,SKU017,421,0,7,151
2024-12-08,SKU017,275,0,7,151
2024-12-15,SKU017,335,0,7,151
2024-12-22,SKU017,181,0,7,151
2024-12-29,SKU017,415,0,7,151
2025-01-05,SKU017,306,0,7,151
2025-01-12,SKU017,225,0,7,151
2025-01-19,SKU017,490,0,7,151
2025-01-26,SKU017,391,0,7,151
2025-02-02,SKU017,309,0,7,151
2025-02-09,SKU017,196,0,7,151
2025-02-16,SKU017,87,258,7,151
2025-02-23,SKU017,445,0,7,151
2025-03-02,SKU017,363,0,7,151
2025-03-09,SKU017,221,0,7,151
2025-03-16,SKU017,544,0,7,151
2025-03-23,SKU017,395,0,7,151
2025-03-30,SKU017,278,0,7,151
2025-04-06,SKU017,184,0,7,151
2025-04-13,SKU017,451,0,7,151
2025-04-20,SKU017,320,0,7,151
2025-04-27,SKU017,227,0,7,151
2025-05-04,SKU017,131,258,7,151
2025-05-11,SKU017,16,213,7,151
2025-05-18,SKU017,278,0,7,151
2025-05-25,SKU017,157,0,7,151
2025-06-01,SKU017,413,0,7,151
2025-06-08,SKU017,311,0,7,151
2025-06-15,SKU017,154,0,7,151
2025-06-22,SKU017,248,0,7,151
2025-06-29,SKU017,162,0,7,151
2025-07-06,SKU017,433,0,7,151
2025-07-13,SKU017,349,0,7,151
2025-07-20,SKU017,261,0,7,151
2025-07-27,SKU017,159,0,7,151
2025-08-03,SKU017,71,442,7,151
2025-08-10,SKU017,274,0,7,151
2025-08-17,SKU017,101,315,7,151
2025-08-24,SKU017,274,0,7,151
2025-08-31,SKU017,158,0,7,151
2025-09-07,SKU017,484,0,7,151
2025-09-14,SKU017,378,0,7,151
2025-09-21,SKU017,275,0,7,151
2025-09-28,SKU017,335,0,7,151
2025-10-05,SKU017,189,0,7,151
2025-10-12,SKU017,78,413,7,151
2025-10-19,SKU017,318,0,7,151
2025-10-26,SKU017,124,278,7,151
2025-11-02,SKU017,0,345,7,151
2025-11-09,SKU017,451,0,7,151
2025-11-16,SKU017,341,0,7,151
2025-11-23,SKU017,176,0,7,151
2025-11-30,SKU017,405,0,7,151
2025-12-07,SKU017,212,0,7,151
2025-12-14,SKU017,386,0,7,151
2025-12-21,SKU017,258,0,7,151
2025-12-28,SKU017,316,0,7,151
2024-01-07,SKU018,122,0,4,40
2024-01-14,SKU018,61,0,4,40
2024-01-21,SKU018,7,153,4,40
2024-01-28,SKU018,0,186,4,40
2024-02-04,SKU018,177,0,4,40
2024-02-11,SKU018,158,0,4,40
2024-02-18,SKU018,100,0,4,40
2024-02-25,SKU018,54,0,4,40
2024-03-03,SKU018,133,0,4,40
2024-03-10,SKU018,71,0,4,40
2024-03-17,SKU018,127,0,4,40
2024-03-24,SKU018,35,190,4,40
2024-03-31,SKU018,100,0,4,40
2024-04-07,SKU018,129,0,4,40
2024-04-14,SKU018,70,0,4,40
2024-04-21,SKU018,185,0,4,40
2024-04-28,SKU018,129,0,4,40
2024-05-05,SKU018,83,0,4,40
2024-05-12,SKU018,21,225,4,40
2024-05-19,SKU018,157,0,4,40
2024-05-26,SKU018,113,0,4,40
2024-06-02,SKU018,72,0,4,40
2024-06-09,SKU018,128,0,4,40
2024-06-16,SKU018,61,0,4,40
2024-06-23,SKU018,200,0,4,40
2024-06-30,SKU018,164,0,4,40
2024-07-07,SKU018,115,0,4,40
2024-07-14,SKU018,71,0,4,40
2024-07-21,SKU018,186,0,4,40
2024-07-28,SKU018,148,0,4,40
2024-08-04,SKU018,105,0,4,40
2024-08-11,SKU018,64,0,4,40
2024-08-18,SKU018,0,223,4,40
2024-08-25,SKU018,0,171,4,40
2024-09-01,SKU018,0,170,4,40
2024-09-08,SKU018,0,199,4,40
2024-09-15,SKU018,0,144,4,40
2024-09-22,SKU018,162,0,4,40
2024-09-29,SKU018,117,0,4,40
2024-10-06,SKU018,52,0,4,40
2024-10-13,SKU018,0,122,4,40
2024-10-20,SKU018,0,160,4,40
2024-10-27,SKU018,0,139,4,40
2024-11-03,SKU018,0,129,4,40
2024-11-10,SKU018,0,185,4,40
2024-11-17,SKU018,0,113,4,40
2024-11-24,SKU018,100,0,4,40
2024-12-01,SKU018,0,159,4,40
2024-12-08,SKU018,0,190,4,40
2024-12-15,SKU018,195,0,4,40
2024-12-22,SKU018,119,0,4,40
2024-12-29,SKU018,55,0,4,40
2025-01-05,SKU018,186,0,4,40
2025-01-12,SKU018,129,0,4,40
2025-01-19,SKU018,84,0,4,40
2025-01-26,SKU018,237,0,4,40
2025-02-02,SKU018,182,0,4,40
2025-02-09,SKU018,126,0,4,40
2025-02-16,SKU018,66,0,4,40
2025-02-23,SKU018,238,0,4,40
2025-03-02,SKU018,175,0,4,40
2025-03-09,SKU018,116,0,4,40
2025-03-16,SKU018,57,0,4,40
2025-03-23,SKU018,194,0,4,40
2025-03-30,SKU018,129,0,4,40
2025-04-06,SKU018,76,0,4,40
2025-04-13,SKU018,24,119,4,40
2025-04-20,SKU018,0,119,4,40
2025-04-27,SKU018,134,0,4,40
2025-05-04,SKU018,81,0,4,40
2025-05-11,SKU018,188,0,4,40
2025-05-18,SKU018,133,0,4,40
2025-05-25,SKU018,86,0,4,40
2025-06-01,SKU018,30,206,4,40
2025-06-08,SKU018,0,92,4,40
2025-06-15,SKU018,0,173,4,40
2025-06-22,SKU018,228,0,4,40
2025-06-29,SKU018,177,0,4,40
2025-07-06,SKU018,135,0,4,40
2025-07-13,SKU018,86,0,4,40
2025-07-20,SKU018,41,0,4,40
2025-07-27,SKU018,0,209,4,40
2025-08-03,SKU018,0,181,4,40
2025-08-10,SKU018,193,0,4,40
2025-08-17,SKU018,115,0,4,40
2025-08-24,SKU018,62,0,4,40
2025-08-31,SKU018,128,0,4,40
2025-09-07,SKU018,84,0,4,40
2025-09-14,SKU018,26,205,4,40
2025-09-21,SKU018,112,0,4,40
2025-09-28,SKU018,49,0,4,40
2025-10-05,SKU018,0,180,4,40
2025-10-12,SKU018,184,0,4,40
2025-10-19,SKU018,107,0,4,40
2025-10-26,SKU018,14,117,4,40
2025-11-02,SKU018,149,0,4,40
2025-11-09,SKU018,81,0,4,40
2025-11-16,SKU018,193,0,4,40
2025-11-23,SKU018,110,0,4,40
2025-11-30,SKU018,134,0,4,40
2025-12-07,SKU018,59,0,4,40
2025-12-14,SKU018,0,124,4,40
2025-12-21,SKU018,114,0,4,40
2025-12-28,SKU018,202,0,4,40
2024-01-07,SKU019,112,0,9,93
2024-01-14,SKU019,263,0,9,93
2024-01-21,SKU019,210,0,9,93
2024-01-28,SKU019,154,0,9,93
2024-02-04,SKU019,102,0,9,93
2024-02-11,SKU019,39,233,9,93
2024-02-18,SKU019,0,106,9,93
2024-02-25,SKU019,218,0,9,93
2024-03-03,SKU019,166,0,9,93
2024-03-10,SKU019,113,0,9,93
2024-03-17,SKU019,236,0,9,93
2024-03-24,SKU019,152,0,9,93
2024-03-31,SKU019,85,232,9,93
2024-04-07,SKU019,221,0,9,93
2024-04-14,SKU019,155,0,9,93
2024-04-21,SKU019,106,0,9,93
2024-04-28,SKU019,262,0,9,93
2024-05-05,SKU019,205,0,9,93
2024-05-12,SKU019,140,0,9,93
2024-05-19,SKU019,267,0,9,93
2024-05-26,SKU019,213,0,9,93
2024-06-02,SKU019,156,0,9,93
2024-06-09,SKU019,104,0,9,93
2024-06-16,SKU019,17,131,9,93
2024-06-23,SKU019,110,0,9,93
2024-06-30,SKU019,186,0,9,93
2024-07-07,SKU019,123,0,9,93
2024-07-14,SKU019,71,199,9,93
2024-07-21,SKU019,203,0,9,93
2024-07-28,SKU019,159,0,9,93
2024-08-04,SKU019,108,0,9,93
2024-08-11,SKU019,40,98,9,93
2024-08-18,SKU019,136,0,9,93
2024-08-25,SKU019,85,241,9,93
2024-09-01,SKU019,34,135,9,93
2024-09-08,SKU019,124,0,9,93
2024-09-15,SKU019,68,120,9,93
2024-09-22,SKU019,0,131,9,93
2024-09-29,SKU019,0,167,9,93
2024-10-06,SKU019,217,0,9,93
2024-10-13,SKU019,130,0,9,93
2024-10-20,SKU019,260,0,9,93
2024-10-27,SKU019,174,0,9,93
2024-11-03,SKU019,205,0,9,93
2024-11-10,SKU019,140,0,9,93
2024-11-17,SKU019,270,0,9,93
2024-11-24,SKU019,184,0,9,93
2024-12-01,SKU019,105,0,9,93
2024-12-08,SKU019,224,0,9,93
2024-12-15,SKU019,155,0,9,93
2024-12-22,SKU019,283,0,9,93
2024-12-29,SKU019,220,0,9,93
2025-01-05,SKU019,162,0,9,93
2025-01-12,SKU019,101,0,9,93
2025-01-19,SKU019,50,166,9,93
2025-01-26,SKU019,1,163,9,93
2025-02-02,SKU019,139,0,9,93
2025-02-09,SKU019,277,0,9,93
2025-02-16,SKU019,214,0,9,93
2025-02-23,SKU019,147,0,9,93
2025-03-02,SKU019,323,0,9,93
2025-03-09,SKU019,256,0,9,93
2025-03-16,SKU019,179,0,9,93
2025-03-23,SKU019,101,0,9,93
2025-03-30,SKU019,35,203,9,93
2025-04-06,SKU019,208,0,9,93
2025-04-13,SKU019,151,0,9,93
2025-04-20,SKU019,99,0,9,93
2025-04-27,SKU019,196,0,9,93
2025-05-04,SKU019,141,0,9,93
2025-05-11,SKU019,80,162,9,93
2025-05-18,SKU019,23,163,9,93
2025-05-25,SKU019,230,0,9,93
2025-06-01,SKU019,174,0,9,93
2025-06-08,SKU019,125,0,9,93
2025-06-15,SKU019,292,0,9,93
2025-06-22,SKU019,213,0,9,93
2025-06-29,SKU019,164,0,9,93
2025-07-06,SKU019,116,0,9,93
2025-07-13,SKU019,183,0,9,93
2025-07-20,SKU019,139,0,9,93
2025-07-27,SKU019,243,0,9,93
2025-08-03,SKU019,183,0,9,93
2025-08-10,SKU019,119,0,9,93
2025-08-17,SKU019,271,0,9,93
2025-08-24,SKU019,199,0,9,93
2025-08-31,SKU019,130,0,9,93
2025-09-07,SKU019,307,0,9,93
2025-09-14,SKU019,238,0,9,93
2025-09-21,SKU019,192,0,9,93
2025-09-28,SKU019,137,0,9,93
2025-10-05,SKU019,294,0,9,93
2025-10-12,SKU019,225,0,9,93
2025-10-19,SKU019,158,0,9,93
2025-10-26,SKU019,210,0,9,93
2025-11-02,SKU019,95,0,9,93
2025-11-09,SKU019,0,143,9,93
2025-11-16,SKU019,239,0,9,93
2025-11-23,SKU019,156,0,9,93
2025-11-30,SKU019,239,0,9,93
2025-12-07,SKU019,150,0,9,93
2025-12-14,SKU019,90,212,9,93
2025-12-21,SKU019,168,0,9,93
2025-12-28,SKU019,109,0,9,93
2024-01-07,SKU020,248,0,2,64
2024-01-14,SKU020,86,0,2,64
2024-01-21,SKU020,0,260,2,64
2024-01-28,SKU020,0,509,2,64
2024-02-04,SKU020,405,0,2,64
2024-02-11,SKU020,253,0,2,64
2024-02-18,SKU020,106,0,2,64
2024-02-25,SKU020,270,0,2,64
2024-03-03,SKU020,109,0,2,64
2024-03-10,SKU020,247,0,2,64
2024-03-17,SKU020,91,0,2,64
2024-03-24,SKU020,6,444,2,64
2024-03-31,SKU020,417,0,2,64
2024-04-07,SKU020,292,0,2,64
2024-04-14,SKU020,146,0,2,64
2024-04-21,SKU020,315,0,2,64
2024-04-28,SKU020,206,0,2,64
2024-05-05,SKU020,71,0,2,64
2024-05-12,SKU020,470,0,2,64
2024-05-19,SKU020,364,0,2,64
2024-05-26,SKU020,226,0,2,64
2024-06-02,SKU020,116,0,2,64
2024-06-09,SKU020,8,395,2,64
2024-06-16,SKU020,0,352,2,64
2024-06-23,SKU020,282,0,2,64
2024-06-30,SKU020,157,0,2,64
2024-07-07,SKU020,359,0,2,64
2024-07-14,SKU020,254,0,2,64
2024-07-21,SKU020,141,0,2,64
2024-07-28,SKU020,405,0,2,64
2024-08-04,SKU020,297,0,2,64
2024-08-11,SKU020,157,0,2,64
2024-08-18,SKU020,0,345,2,64
2024-08-25,SKU020,0,524,2,64
2024-09-01,SKU020,509,0,2,64
2024-09-08,SKU020,385,0,2,64
2024-09-15,SKU020,264,0,2,64
2024-09-22,SKU020,141,0,2,64
2024-09-29,SKU020,20,568,2,64
2024-10-06,SKU020,0,306,2,64
2024-10-13,SKU020,0,561,2,64
2024-10-20,SKU020,582,0,2,64
2024-10-27,SKU020,337,0,2,64
2024-11-03,SKU020,53,486,2,64
2024-11-10,SKU020,479,0,2,64
2024-11-17,SKU020,260,0,2,64
2024-11-24,SKU020,380,0,2,64
2024-12-01,SKU020,174,0,2,64
2024-12-08,SKU020,470,0,2,64
2024-12-15,SKU020,274,0,2,64
2024-12-22,SKU020,122,0,2,64
2024-12-29,SKU020,0,498,2,64
2025-01-05,SKU020,296,0,2,64
2025-01-12,SKU020,172,0,2,64
2025-01-19,SKU020,345,0,2,64
2025-01-26,SKU020,231,0,2,64
2025-02-02,SKU020,130,0,2,64
2025-02-09,SKU020,439,0,2,64
2025-02-16,SKU020,317,0,2,64
2025-02-23,SKU020,194,0,2,64
2025-03-02,SKU020,73,0,2,64
2025-03-09,SKU020,289,0,2,64
2025-03-16,SKU020,151,0,2,64
2025-03-23,SKU020,351,0,2,64
2025-03-30,SKU020,175,0,2,64
2025-04-06,SKU020,280,0,2,64
2025-04-13,SKU020,160,0,2,64
2025-04-20,SKU020,427,0,2,64
2025-04-27,SKU020,292,0,2,64
2025-05-04,SKU020,138,0,2,64
2025-05-11,SKU020,36,450,2,64
2025-05-18,SKU020,545,0,2,64
2025-05-25,SKU020,396,0,2,64
2025-06-01,SKU020,236,0,2,64
2025-06-08,SKU020,128,0,2,64
2025-06-15,SKU020,405,0,2,64
2025-06-22,SKU020,210,0,2,64
2025-06-29,SKU020,106,0,2,64
2025-07-06,SKU020,0,404,2,64
2025-07-13,SKU020,541,0,2,64
2025-07-20,SKU020,446,0,2,64
2025-07-27,SKU020,329,0,2,64
2025-08-03,SKU020,188,0,2,64
2025-08-10,SKU020,67,0,2,64
2025-08-17,SKU020,485,0,2,64
2025-08-24,SKU020,309,0,2,64
2025-08-31,SKU020,196,0,2,64
2025-09-07,SKU020,505,0,2,64
2025-09-14,SKU020,396,0,2,64
2025-09-21,SKU020,270,0,2,64
2025-09-28,SKU020,115,0,2,64
2025-10-05,SKU020,512,0,2,64
2025-10-12,SKU020,352,0,2,64
2025-10-19,SKU020,197,0,2,64
2025-10-26,SKU020,0,561,2,64
2025-11-02,SKU020,0,282,2,64
2025-11-09,SKU020,414,0,2,64
2025-11-16,SKU020,219,0,2,64
2025-11-23,SKU020,0,494,2,64
2025-11-30,SKU020,276,0,2,64
2025-12-07,SKU020,1,568,2,64
2025-12-14,SKU020,0,313,2,64
2025-12-21,SKU020,407,0,2,64
2025-12-28,SKU020,227,0,2,64
2024-01-07,SKU021,259,0,13,218
2024-01-14,SKU021,363,0,13,218
2024-01-21,SKU021,254,0,13,218
2024-01-28,SKU021,421,0,13,218
2024-02-04,SKU021,310,0,13,218
2024-02-11,SKU021,223,0,13,218
2024-02-18,SKU021,494,0,13,218
2024-02-25,SKU021,384,0,13,218
2024-03-03,SKU021,293,0,13,218
2024-03-10,SKU021,188,227,13,218
2024-03-17,SKU021,383,0,13,218
2024-03-24,SKU021,273,0,13,218
2024-03-31,SKU021,165,325,13,218
2024-04-07,SKU021,307,0,13,218
2024-04-14,SKU021,408,0,13,218
2024-04-21,SKU021,319,0,13,218
2024-04-28,SKU021,220,0,13,218
2024-05-05,SKU021,132,180,13,218
2024-05-12,SKU021,401,0,13,218
2024-05-19,SKU021,303,0,13,218
2024-05-26,SKU021,476,0,13,218
2024-06-02,SKU021,372,0,13,218
2024-06-09,SKU021,260,0,13,218
2024-06-16,SKU021,152,197,13,218
2024-06-23,SKU021,230,0,13,218
2024-06-30,SKU021,488,0,13,218
2024-07-07,SKU021,379,0,13,218
2024-07-14,SKU021,292,0,13,218
2024-07-21,SKU021,189,271,13,218
2024-07-28,SKU021,334,0,13,218
2024-08-04,SKU021,232,0,13,218
2024-08-11,SKU021,449,0,13,218
2024-08-18,SKU021,425,0,13,218
2024-08-25,SKU021,323,0,13,218
2024-09-01,SKU021,251,0,13,218
2024-09-08,SKU021,531,0,13,218
2024-09-15,SKU021,473,0,13,218
2024-09-22,SKU021,389,0,13,218
2024-09-29,SKU021,304,0,13,218
2024-10-06,SKU021,232,0,13,218
2024-10-13,SKU021,146,290,13,218
2024-10-20,SKU021,398,0,13,218
2024-10-27,SKU021,219,0,13,218
2024-11-03,SKU021,423,0,13,218
2024-11-10,SKU021,293,0,13,218
2024-11-17,SKU021,383,0,13,218
2024-11-24,SKU021,245,0,13,218
2024-12-01,SKU021,434,0,13,218
2024-12-08,SKU021,310,0,13,218
2024-12-15,SKU021,225,0,13,218
2024-12-22,SKU021,472,0,13,218
2024-12-29,SKU021,347,0,13,218
2025-01-05,SKU021,273,0,13,218
2025-01-12,SKU021,193,178,13,218
2025-01-19,SKU021,97,251,13,218
2025-01-26,SKU021,234,0,13,218
2025-02-02,SKU021,497,0,13,218
2025-02-09,SKU021,428,0,13,218
2025-02-16,SKU021,359,0,13,218
2025-02-23,SKU021,263,0,13,218
2025-03-02,SKU021,550,0,13,218
2025-03-09,SKU021,464,0,13,218
2025-03-16,SKU021,359,0,13,218
2025-03-23,SKU021,225,0,13,218
2025-03-30,SKU021,120,260,13,218
2025-04-06,SKU021,379,0,13,218
2025-04-13,SKU021,279,0,13,218
2025-04-20,SKU021,403,0,13,218
2025-04-27,SKU021,320,0,13,218
2025-05-04,SKU021,216,264,13,218
2025-05-11,SKU021,345,0,13,218
2025-05-18,SKU021,249,0,13,218
2025-05-25,SKU021,173,200,13,218
2025-06-01,SKU021,93,233,13,218
2025-06-08,SKU021,190,0,13,218
2025-06-15,SKU021,85,285,13,218
2025-06-22,SKU021,243,0,13,218
2025-06-29,SKU021,163,156,13,218
2025-07-06,SKU021,78,325,13,218
2025-07-13,SKU021,359,0,13,218
2025-07-20,SKU021,255,0,13,218
2025-07-27,SKU021,358,0,13,218
2025-08-03,SKU021,285,0,13,218
2025-08-10,SKU021,433,0,13,218
2025-08-17,SKU021,316,0,13,218
2025-08-24,SKU021,222,0,13,218
2025-08-31,SKU021,120,264,13,218
2025-09-07,SKU021,362,0,13,218
2025-09-14,SKU021,265,0,13,218
2025-09-21,SKU021,169,171,13,218
2025-09-28,SKU021,83,227,13,218
2025-10-05,SKU021,0,179,13,218
2025-10-12,SKU021,336,0,13,218
2025-10-19,SKU021,218,155,13,218
2025-10-26,SKU021,71,286,13,218
2025-11-02,SKU021,304,0,13,218
2025-11-09,SKU021,180,234,13,218
2025-11-16,SKU021,53,270,13,218
2025-11-23,SKU021,188,0,13,218
2025-11-30,SKU021,281,0,13,218
2025-12-07,SKU021,485,0,13,218
2025-12-14,SKU021,355,0,13,218
2025-12-21,SKU021,243,0,13,218
2025-12-28,SKU021,283,0,13,218
2024-01-07,SKU022,189,0,4,60
2024-01-14,SKU022,116,0,4,60
2024-01-21,SKU022,210,0,4,60
2024-01-28,SKU022,132,0,4,60
2024-02-04,SKU022,60,220,4,60
2024-02-11,SKU022,299,0,4,60
2024-02-18,SKU022,212,0,4,60
2024-02-25,SKU022,127,0,4,60
2024-03-03,SKU022,341,0,4,60
2024-03-10,SKU022,270,0,4,60
2024-03-17,SKU022,195,0,4,60
2024-03-24,SKU022,119,0,4,60
2024-03-31,SKU022,272,0,4,60
2024-04-07,SKU022,198,0,4,60
2024-04-14,SKU022,115,0,4,60
2024-04-21,SKU022,305,0,4,60
2024-04-28,SKU022,213,0,4,60
2024-05-05,SKU022,141,0,4,60
2024-05-12,SKU022,62,0,4,60
2024-05-19,SKU022,199,0,4,60
2024-05-26,SKU022,113,0,4,60
2024-06-02,SKU022,273,0,4,60
2024-06-09,SKU022,200,0,4,60
2024-06-16,SKU022,127,0,4,60
2024-06-23,SKU022,293,0,4,60
2024-06-30,SKU022,215,0,4,60
2024-07-07,SKU022,127,0,4,60
2024-07-14,SKU022,286,0,4,60
2024-07-21,SKU022,209,0,4,60
2024-07-28,SKU022,139,0,4,60
2024-08-04,SKU022,245,0,4,60
2024-08-11,SKU022,158,0,4,60
2024-08-18,SKU022,78,0,4,60
2024-08-25,SKU022,133,0,4,60
2024-09-01,SKU022,281,0,4,60
2024-09-08,SKU022,201,0,4,60
2024-09-15,SKU022,129,0,4,60
2024-09-22,SKU022,274,0,4,60
2024-09-29,SKU022,222,0,4,60
2024-10-06,SKU022,142,0,4,60
2024-10-13,SKU022,60,174,4,60
2024-10-20,SKU022,278,0,4,60
2024-10-27,SKU022,151,0,4,60
2024-11-03,SKU022,16,215,4,60
2024-11-10,SKU022,164,0,4,60
2024-11-17,SKU022,81,0,4,60
2024-11-24,SKU022,0,273,4,60
2024-12-01,SKU022,138,0,4,60
2024-12-08,SKU022,156,0,4,60
2024-12-15,SKU022,76,0,4,60
2024-12-22,SKU022,0,277,4,60
2024-12-29,SKU022,141,0,4,60
2025-01-05,SKU022,71,0,4,60
2025-01-12,SKU022,184,0,4,60
2025-01-19,SKU022,122,0,4,60
2025-01-26,SKU022,273,0,4,60
2025-02-02,SKU022,221,0,4,60
2025-02-09,SKU022,163,0,4,60
2025-02-16,SKU022,106,0,4,60
2025-02-23,SKU022,54,205,4,60
2025-03-02,SKU022,207,0,4,60
2025-03-09,SKU022,138,0,4,60
2025-03-16,SKU022,67,0,4,60
2025-03-23,SKU022,146,0,4,60
2025-03-30,SKU022,72,0,4,60
2025-04-06,SKU022,8,202,4,60
2025-04-13,SKU022,0,180,4,60
2025-04-20,SKU022,0,232,4,60
2025-04-27,SKU022,0,140,4,60
2025-05-04,SKU022,142,0,4,60
2025-05-11,SKU022,82,0,4,60
2025-05-18,SKU022,203,0,4,60
2025-05-25,SKU022,144,0,4,60
2025-06-01,SKU022,87,0,4,60
2025-06-08,SKU022,278,0,4,60
2025-06-15,SKU022,205,0,4,60
2025-06-22,SKU022,126,0,4,60
2025-06-29,SKU022,319,0,4,60
2025-07-06,SKU022,262,0,4,60
2025-07-13,SKU022,206,0,4,60
2025-07-20,SKU022,142,0,4,60
2025-07-27,SKU022,82,0,4,60
2025-08-03,SKU022,205,0,4,60
2025-08-10,SKU022,145,0,4,60
2025-08-17,SKU022,26,131,4,60
2025-08-24,SKU022,0,167,4,60
2025-08-31,SKU022,172,0,4,60
2025-09-07,SKU022,91,0,4,60
2025-09-14,SKU022,163,0,4,60
2025-09-21,SKU022,88,0,4,60
2025-09-28,SKU022,31,229,4,60
2025-10-05,SKU022,225,0,4,60
2025-10-12,SKU022,139,0,4,60
2025-10-19,SKU022,192,0,4,60
2025-10-26,SKU022,71,0,4,60
2025-11-02,SKU022,0,193,4,60
2025-11-09,SKU022,0,255,4,60
2025-11-16,SKU022,146,0,4,60
2025-11-23,SKU022,234,0,4,60
2025-11-30,SKU022,97,0,4,60
2025-12-07,SKU022,164,0,4,60
2025-12-14,SKU022,71,0,4,60
2025-12-21,SKU022,0,295,4,60
2025-12-28,SKU022,270,0,4,60
2024-01-07,SKU023,93,0,3,40
2024-01-14,SKU023,198,0,3,40
2024-01-21,SKU023,102,0,3,40
2024-01-28,SKU023,284,0,3,40
2024-02-04,SKU023,201,0,3,40
2024-02-11,SKU023,106,0,3,40
2024-02-18,SKU023,34,142,3,40
2024-02-25,SKU023,212,0,3,40
2024-03-03,SKU023,136,0,3,40
2024-03-10,SKU023,51,0,3,40
2024-03-17,SKU023,0,142,3,40
2024-03-24,SKU023,201,0,3,40
2024-03-31,SKU023,117,0,3,40
2024-04-07,SKU023,46,0,3,40
2024-04-14,SKU023,210,0,3,40
2024-04-21,SKU023,127,0,3,40
2024-04-28,SKU023,42,0,3,40
2024-05-05,SKU023,168,0,3,40
2024-05-12,SKU023,84,0,3,40
2024-05-19,SKU023,319,0,3,40
2024-05-26,SKU023,230,0,3,40
2024-06-02,SKU023,139,0,3,40
2024-06-09,SKU023,51,0,3,40
2024-06-16,SKU023,0,197,3,40
2024-06-23,SKU023,172,0,3,40
2024-06-30,SKU023,108,0,3,40
2024-07-07,SKU023,42,0,3,40
2024-07-14,SKU023,0,277,3,40
2024-07-21,SKU023,0,284,3,40
2024-07-28,SKU023,0,315,3,40
2024-08-04,SKU023,269,0,3,40
2024-08-11,SKU023,215,0,3,40
2024-08-18,SKU023,97,0,3,40
2024-08-25,SKU023,38,266,3,40
2024-09-01,SKU023,293,0,3,40
2024-09-08,SKU023,228,0,3,40
2024-09-15,SKU023,152,0,3,40
2024-09-22,SKU023,80,0,3,40
2024-09-29,SKU023,151,0,3,40
2024-10-06,SKU023,79,0,3,40
2024-10-13,SKU023,143,0,3,40
2024-10-20,SKU023,59,0,3,40
2024-10-27,SKU023,0,243,3,40
2024-11-03,SKU023,0,288,3,40
2024-11-10,SKU023,279,0,3,40
2024-11-17,SKU023,200,0,3,40
2024-11-24,SKU023,112,0,3,40
2024-12-01,SKU023,174,0,3,40
2024-12-08,SKU023,67,0,3,40
2024-12-15,SKU023,277,0,3,40
2024-12-22,SKU023,191,0,3,40
2024-12-29,SKU023,105,0,3,40
2025-01-05,SKU023,254,0,3,40
2025-01-12,SKU023,205,0,3,40
2025-01-19,SKU023,143,0,3,40
2025-01-26,SKU023,76,0,3,40
2025-02-02,SKU023,218,0,3,40
2025-02-09,SKU023,155,0,3,40
2025-02-16,SKU023,83,0,3,40
2025-02-23,SKU023,216,0,3,40
2025-03-02,SKU023,146,0,3,40
2025-03-09,SKU023,68,0,3,40
2025-03-16,SKU023,0,247,3,40
2025-03-23,SKU023,254,0,3,40
2025-03-30,SKU023,175,0,3,40
2025-04-06,SKU023,88,0,3,40
2025-04-13,SKU023,175,0,3,40
2025-04-20,SKU023,115,0,3,40
2025-04-27,SKU023,43,0,3,40
2025-05-04,SKU023,199,0,3,40
2025-05-11,SKU023,117,0,3,40
2025-05-18,SKU023,57,0,3,40
2025-05-25,SKU023,134,0,3,40
2025-06-01,SKU023,76,0,3,40
2025-06-08,SKU023,290,0,3,40
2025-06-15,SKU023,205,0,3,40
2025-06-22,SKU023,117,0,3,40
2025-06-29,SKU023,33,205,3,40
2025-07-06,SKU023,0,201,3,40
2025-07-13,SKU023,160,0,3,40
2025-07-20,SKU023,106,0,3,40
2025-07-27,SKU023,41,0,3,40
2025-08-03,SKU023,0,272,3,40
2025-08-10,SKU023,0,172,3,40
2025-08-17,SKU023,0,184,3,40
2025-08-24,SKU023,194,0,3,40
2025-08-31,SKU023,111,0,3,40
2025-09-07,SKU023,280,0,3,40
2025-09-14,SKU023,191,0,3,40
2025-09-21,SKU023,100,0,3,40
2025-09-28,SKU023,19,148,3,40
2025-10-05,SKU023,269,0,3,40
2025-10-12,SKU023,184,0,3,40
2025-10-19,SKU023,87,0,3,40
2025-10-26,SKU023,0,156,3,40
2025-11-02,SKU023,250,0,3,40
2025-11-09,SKU023,112,0,3,40
2025-11-16,SKU023,34,255,3,40
2025-11-23,SKU023,292,0,3,40
2025-11-30,SKU023,112,0,3,40
2025-12-07,SKU023,14,177,3,40
2025-12-14,SKU023,183,0,3,40
2025-12-21,SKU023,83,0,3,40
2025-12-28,SKU023,0,302,3,40
2024-01-07,SKU024,23,0,5,16
2024-01-14,SKU024,40,0,5,16
2024-01-21,SKU024,69,0,5,16
2024-01-28,SKU024,45,0,5,16
2024-02-04,SKU024,22,0,5,16
2024-02-11,SKU024,4,50,5,16
2024-02-18,SKU024,61,0,5,16
2024-02-25,SKU024,39,0,5,16
2024-03-03,SKU024,18,0,5,16
2024-03-10,SKU024,60,0,5,16
2024-03-17,SKU024,42,0,5,16
2024-03-24,SKU024,19,0,5,16
2024-03-31,SKU024,0,70,5,16
2024-04-07,SKU024,61,0,5,16
2024-04-14,SKU024,49,0,5,16
2024-04-21,SKU024,32,0,5,16
2024-04-28,SKU024,45,0,5,16
2024-05-05,SKU024,26,0,5,16
2024-05-12,SKU024,51,0,5,16
2024-05-19,SKU024,34,0,5,16
2024-05-26,SKU024,20,0,5,16
2024-06-02,SKU024,6,54,5,16
2024-06-09,SKU024,72,0,5,16
2024-06-16,SKU024,50,0,5,16
2024-06-23,SKU024,30,0,5,16
2024-06-30,SKU024,45,0,5,16
2024-07-07,SKU024,31,0,5,16
2024-07-14,SKU024,14,60,5,16
2024-07-21,SKU024,69,0,5,16
2024-07-28,SKU024,54,0,5,16
2024-08-04,SKU024,42,0,5,16
2024-08-11,SKU024,22,0,5,16
2024-08-18,SKU024,46,0,5,16
2024-08-25,SKU024,30,0,5,16
2024-09-01,SKU024,8,47,5,16
2024-09-08,SKU024,35,0,5,16
2024-09-15,SKU024,19,0,5,16
2024-09-22,SKU024,83,0,5,16
2024-09-29,SKU024,61,0,5,16
2024-10-06,SKU024,42,0,5,16
2024-10-13,SKU024,21,0,5,16
2024-10-20,SKU024,61,0,5,16
2024-10-27,SKU024,28,0,5,16
2024-11-03,SKU024,44,0,5,16
2024-11-10,SKU024,23,0,5,16
2024-11-17,SKU024,47,0,5,16
2024-11-24,SKU024,19,0,5,16
2024-12-01,SKU024,0,55,5,16
2024-12-08,SKU024,35,0,5,16
2024-12-15,SKU024,80,0,5,16
2024-12-22,SKU024,61,0,5,16
2024-12-29,SKU024,41,0,5,16
2025-01-05,SKU024,23,0,5,16
2025-01-12,SKU024,84,0,5,16
2025-01-19,SKU024,67,0,5,16
2025-01-26,SKU024,51,0,5,16
2025-02-02,SKU024,36,0,5,16
2025-02-09,SKU024,19,0,5,16
2025-02-16,SKU024,60,0,5,16
2025-02-23,SKU024,45,0,5,16
2025-03-02,SKU024,28,0,5,16
2025-03-09,SKU024,50,0,5,16
2025-03-16,SKU024,26,0,5,16
2025-03-23,SKU024,0,61,5,16
2025-03-30,SKU024,57,0,5,16
2025-04-06,SKU024,39,0,5,16
2025-04-13,SKU024,21,0,5,16
2025-04-20,SKU024,4,78,5,16
2025-04-27,SKU024,34,0,5,16
2025-05-04,SKU024,64,0,5,16
2025-05-11,SKU024,49,0,5,16
2025-05-18,SKU024,32,0,5,16
2025-05-25,SKU024,72,0,5,16
2025-06-01,SKU024,54,0,5,16
2025-06-08,SKU024,39,0,5,16
2025-06-15,SKU024,81,0,5,16
2025-06-22,SKU024,56,0,5,16
2025-06-29,SKU024,39,0,5,16
2025-07-06,SKU024,22,0,5,16
2025-07-13,SKU024,71,0,5,16
2025-07-20,SKU024,54,0,5,16
2025-07-27,SKU024,34,0,5,16
2025-08-03,SKU024,11,69,5,16
2025-08-10,SKU024,74,0,5,16
2025-08-17,SKU024,46,0,5,16
2025-08-24,SKU024,22,0,5,16
2025-08-31,SKU024,67,0,5,16
2025-09-07,SKU024,47,0,5,16
2025-09-14,SKU024,31,0,5,16
2025-09-21,SKU024,59,0,5,16
2025-09-28,SKU024,44,0,5,16
2025-10-05,SKU024,21,0,5,16
2025-10-12,SKU024,0,72,5,16
2025-10-19,SKU024,0,44,5,16
2025-10-26,SKU024,0,52,5,16
2025-11-02,SKU024,0,56,5,16
2025-11-09,SKU024,67,0,5,16
2025-11-16,SKU024,41,0,5,16
2025-11-23,SKU024,44,0,5,16
2025-11-30,SKU024,55,0,5,16
2025-12-07,SKU024,23,0,5,16
2025-12-14,SKU024,76,0,5,16
2025-12-21,SKU024,48,0,5,16
2025-12-28,SKU024,22,0,5,16
2024-01-07,SKU025,209,0,14,85
2024-01-14,SKU025,169,0,14,85
2024-01-21,SKU025,135,0,14,85
2024-01-28,SKU025,96,0,14,85
2024-02-04,SKU025,63,103,14,85
2024-02-11,SKU025,168,0,14,85
2024-02-18,SKU025,132,0,14,85
2024-02-25,SKU025,89,0,14,85
2024-03-03,SKU025,54,129,14,85
2024-03-10,SKU025,136,0,14,85
2024-03-17,SKU025,96,0,14,85
2024-03-24,SKU025,56,76,14,85
2024-03-31,SKU025,115,0,14,85
2024-04-07,SKU025,146,0,14,85
2024-04-14,SKU025,108,0,14,85
2024-04-21,SKU025,169,0,14,85
2024-04-28,SKU025,131,0,14,85
2024-05-05,SKU025,96,0,14,85
2024-05-12,SKU025,149,0,14,85
2024-05-19,SKU025,107,0,14,85
2024-05-26,SKU025,139,0,14,85
2024-06-02,SKU025,103,0,14,85
2024-06-09,SKU025,159,0,14,85
2024-06-16,SKU025,126,0,14,85
2024-06-23,SKU025,89,0,14,85
2024-06-30,SKU025,196,0,14,85
2024-07-07,SKU025,155,0,14,85
2024-07-14,SKU025,120,0,14,85
2024-07-21,SKU025,87,0,14,85
2024-07-28,SKU025,54,82,14,85
2024-08-04,SKU025,126,0,14,85
2024-08-11,SKU025,211,0,14,85
2024-08-18,SKU025,178,0,14,85
2024-08-25,SKU025,144,0,14,85
2024-09-01,SKU025,105,0,14,85
2024-09-08,SKU025,135,0,14,85
2024-09-15,SKU025,113,0,14,85
2024-09-22,SKU025,77,140,14,85
2024-09-29,SKU025,48,68,14,85
2024-10-06,SKU025,85,0,14,85
2024-10-13,SKU025,114,0,14,85
2024-10-20,SKU025,64,115,14,85
2024-10-27,SKU025,0,73,14,85
2024-11-03,SKU025,127,0,14,85
2024-11-10,SKU025,87,0,14,85
2024-11-17,SKU025,37,135,14,85
2024-11-24,SKU025,118,0,14,85
2024-12-01,SKU025,54,101,14,85
2024-12-08,SKU025,1,96,14,85
2024-12-15,SKU025,59,0,14,85
2024-12-22,SKU025,77,0,14,85
2024-12-29,SKU025,36,101,14,85
2025-01-05,SKU025,76,0,14,85
2025-01-12,SKU025,135,0,14,85
2025-01-19,SKU025,102,0,14,85
2025-01-26,SKU025,64,75,14,85
2025-02-02,SKU025,158,0,14,85
2025-02-09,SKU025,122,0,14,85
2025-02-16,SKU025,95,0,14,85
2025-02-23,SKU025,62,70,14,85
2025-03-02,SKU025,30,97,14,85
2025-03-09,SKU025,143,0,14,85
2025-03-16,SKU025,109,0,14,85
2025-03-23,SKU025,158,0,14,85
2025-03-30,SKU025,124,0,14,85
2025-04-06,SKU025,91,0,14,85
2025-04-13,SKU025,141,0,14,85
2025-04-20,SKU025,109,0,14,85
2025-04-27,SKU025,168,0,14,85
2025-05-04,SKU025,132,0,14,85
2025-05-11,SKU025,101,0,14,85
2025-05-18,SKU025,128,0,14,85
2025-05-25,SKU025,98,0,14,85
2025-06-01,SKU025,65,109,14,85
2025-06-08,SKU025,171,0,14,85
2025-06-15,SKU025,133,0,14,85
2025-06-22,SKU025,97,0,14,85
2025-06-29,SKU025,63,95,14,85
2025-07-06,SKU025,34,109,14,85
2025-07-13,SKU025,114,0,14,85
2025-07-20,SKU025,228,0,14,85
2025-07-27,SKU025,199,0,14,85
2025-08-03,SKU025,168,0,14,85
2025-08-10,SKU025,134,0,14,85
2025-08-17,SKU025,144,0,14,85
2025-08-24,SKU025,111,0,14,85
2025-08-31,SKU025,154,0,14,85
2025-09-07,SKU025,124,0,14,85
2025-09-14,SKU025,90,0,14,85
2025-09-21,SKU025,169,0,14,85
2025-09-28,SKU025,138,0,14,85
2025-10-05,SKU025,95,0,14,85
2025-10-12,SKU025,154,0,14,85
2025-10-19,SKU025,116,0,14,85
2025-10-26,SKU025,178,0,14,85
2025-11-02,SKU025,128,0,14,85
2025-11-09,SKU025,85,124,14,85
2025-11-16,SKU025,105,0,14,85
2025-11-23,SKU025,168,0,14,85
2025-11-30,SKU025,116,0,14,85
2025-12-07,SKU025,165,0,14,85
2025-12-14,SKU025,123,0,14,85
2025-12-21,SKU025,89,0,14,85
2025-12-28,SKU025,188,0,14,85
2024-01-07,SKU026,191,0,13,183
2024-01-14,SKU026,99,237,13,183
2024-01-21,SKU026,348,0,13,183
2024-01-28,SKU026,269,0,13,183
2024-02-04,SKU026,492,0,13,183
2024-02-11,SKU026,401,0,13,183
2024-02-18,SKU026,302,0,13,183
2024-02-25,SKU026,208,0,13,183
2024-03-03,SKU026,127,243,13,183
2024-03-10,SKU026,51,260,13,183
2024-03-17,SKU026,224,0,13,183
2024-03-24,SKU026,369,0,13,183
2024-03-31,SKU026,273,0,13,183
2024-04-07,SKU026,447,0,13,183
2024-04-14,SKU026,370,0,13,183
2024-04-21,SKU026,283,0,13,183
2024-04-28,SKU026,182,177,13,183
2024-05-05,SKU026,98,322,13,183
2024-05-12,SKU026,153,0,13,183
2024-05-19,SKU026,57,311,13,183
2024-05-26,SKU026,262,0,13,183
2024-06-02,SKU026,185,0,13,183
2024-06-09,SKU026,104,186,13,183
2024-06-16,SKU026,225,0,13,183
2024-06-23,SKU026,474,0,13,183
2024-06-30,SKU026,434,0,13,183
2024-07-07,SKU026,371,0,13,183
2024-07-14,SKU026,312,0,13,183
2024-07-21,SKU026,236,0,13,183
2024-07-28,SKU026,175,312,13,183
2024-08-04,SKU026,308,0,13,183
2024-08-11,SKU026,227,0,13,183
2024-08-18,SKU026,129,229,13,183
2024-08-25,SKU026,359,0,13,183
2024-09-01,SKU026,268,0,13,183
2024-09-08,SKU026,191,0,13,183
2024-09-15,SKU026,117,237,13,183
2024-09-22,SKU026,223,0,13,183
2024-09-29,SKU026,383,0,13,183
2024-10-06,SKU026,284,0,13,183
2024-10-13,SKU026,204,0,13,183
2024-10-20,SKU026,309,0,13,183
2024-10-27,SKU026,171,254,13,183
2024-11-03,SKU026,338,0,13,183
2024-11-10,SKU026,245,0,13,183
2024-11-17,SKU026,434,0,13,183
2024-11-24,SKU026,304,0,13,183
2024-12-01,SKU026,383,0,13,183
2024-12-08,SKU026,269,0,13,183
2024-12-15,SKU026,312,0,13,183
2024-12-22,SKU026,238,0,13,183
2024-12-29,SKU026,448,0,13,183
2025-01-05,SKU026,356,0,13,183
2025-01-12,SKU026,286,0,13,183
2025-01-19,SKU026,218,0,13,183
2025-01-26,SKU026,331,0,13,183
2025-02-02,SKU026,242,0,13,183
2025-02-09,SKU026,495,0,13,183
2025-02-16,SKU026,417,0,13,183
2025-02-23,SKU026,348,0,13,183
2025-03-02,SKU026,263,0,13,183
2025-03-09,SKU026,189,0,13,183
2025-03-16,SKU026,107,217,13,183
2025-03-23,SKU026,0,277,13,183
2025-03-30,SKU026,0,267,13,183
2025-04-06,SKU026,298,0,13,183
2025-04-13,SKU026,226,0,13,183
2025-04-20,SKU026,426,0,13,183
2025-04-27,SKU026,345,0,13,183
2025-05-04,SKU026,280,0,13,183
2025-05-11,SKU026,208,0,13,183
2025-05-18,SKU026,120,279,13,183
2025-05-25,SKU026,303,0,13,183
2025-06-01,SKU026,230,0,13,183
2025-06-08,SKU026,146,268,13,183
2025-06-15,SKU026,193,0,13,183
2025-06-22,SKU026,395,0,13,183
2025-06-29,SKU026,325,0,13,183
2025-07-06,SKU026,275,0,13,183
2025-07-13,SKU026,203,0,13,183
2025-07-20,SKU026,138,203,13,183
2025-07-27,SKU026,66,320,13,183
2025-08-03,SKU026,4,196,13,183
2025-08-10,SKU026,0,330,13,183
2025-08-17,SKU026,264,0,13,183
2025-08-24,SKU026,473,0,13,183
2025-08-31,SKU026,397,0,13,183
2025-09-07,SKU026,326,0,13,183
2025-09-14,SKU026,248,0,13,183
2025-09-21,SKU026,161,211,13,183
2025-09-28,SKU026,399,0,13,183
2025-10-05,SKU026,307,0,13,183
2025-10-12,SKU026,204,0,13,183
2025-10-19,SKU026,385,0,13,183
2025-10-26,SKU026,206,0,13,183
2025-11-02,SKU026,47,263,13,183
2025-11-09,SKU026,304,0,13,183
2025-11-16,SKU026,221,0,13,183
2025-11-23,SKU026,115,320,13,183
2025-11-30,SKU026,135,0,13,183
2025-12-07,SKU026,7,300,13,183
2025-12-14,SKU026,271,0,13,183
2025-12-21,SKU026,191,0,13,183
2025-12-28,SKU026,293,0,13,183
2024-01-07,SKU027,207,383,10,239
2024-01-14,SKU027,93,242,10,239
2024-01-21,SKU027,0,327,10,239
2024-01-28,SKU027,207,0,10,239
2024-02-04,SKU027,84,414,10,239
2024-02-11,SKU027,211,0,10,239
2024-02-18,SKU027,467,0,10,239
2024-02-25,SKU027,360,0,10,239
2024-03-03,SKU027,239,200,10,239
2024-03-10,SKU027,117,180,10,239
2024-03-17,SKU027,195,0,10,239
2024-03-24,SKU027,84,360,10,239
2024-03-31,SKU027,0,348,10,239
2024-04-07,SKU027,215,0,10,239
2024-04-14,SKU027,418,0,10,239
2024-04-21,SKU027,318,0,10,239
2024-04-28,SKU027,236,393,10,239
2024-05-05,SKU027,369,0,10,239
2024-05-12,SKU027,279,0,10,239
2024-05-19,SKU027,196,432,10,239
2024-05-26,SKU027,103,390,10,239
2024-06-02,SKU027,7,330,10,239
2024-06-09,SKU027,414,0,10,239
2024-06-16,SKU027,290,0,10,239
2024-06-23,SKU027,618,0,10,239
2024-06-30,SKU027,549,0,10,239
2024-07-07,SKU027,456,0,10,239
2024-07-14,SKU027,379,0,10,239
2024-07-21,SKU027,281,0,10,239
2024-07-28,SKU027,394,0,10,239
2024-08-04,SKU027,300,0,10,239
2024-08-11,SKU027,209,415,10,239
2024-08-18,SKU027,426,0,10,239
2024-08-25,SKU027,302,0,10,239
2024-09-01,SKU027,616,0,10,239
2024-09-08,SKU027,541,0,10,239
2024-09-15,SKU027,464,0,10,239
2024-09-22,SKU027,366,0,10,239
2024-09-29,SKU027,261,0,10,239
2024-10-06,SKU027,595,0,10,239
2024-10-13,SKU027,468,0,10,239
2024-10-20,SKU027,325,0,10,239
2024-10-27,SKU027,569,0,10,239
2024-11-03,SKU027,406,0,10,239
2024-11-10,SKU027,244,0,10,239
2024-11-17,SKU027,371,0,10,239
2024-11-24,SKU027,232,411,10,239
2024-12-01,SKU027,306,0,10,239
2024-12-08,SKU027,511,0,10,239
2024-12-15,SKU027,419,0,10,239
2024-12-22,SKU027,311,0,10,239
2024-12-29,SKU027,463,0,10,239
2025-01-05,SKU027,376,0,10,239
2025-01-12,SKU027,258,0,10,239
2025-01-19,SKU027,481,0,10,239
2025-01-26,SKU027,389,0,10,239
2025-02-02,SKU027,279,0,10,239
2025-02-09,SKU027,608,0,10,239
2025-02-16,SKU027,531,0,10,239
2025-02-23,SKU027,420,0,10,239
2025-03-02,SKU027,337,0,10,239
2025-03-09,SKU027,249,0,10,239
2025-03-16,SKU027,514,0,10,239
2025-03-23,SKU027,362,0,10,239
2025-03-30,SKU027,221,438,10,239
2025-04-06,SKU027,129,435,10,239
2025-04-13,SKU027,0,280,10,239
2025-04-20,SKU027,425,0,10,239
2025-04-27,SKU027,345,0,10,239
2025-05-04,SKU027,233,407,10,239
2025-05-11,SKU027,121,280,10,239
2025-05-18,SKU027,275,0,10,239
2025-05-25,SKU027,180,353,10,239
2025-06-01,SKU027,446,0,10,239
2025-06-08,SKU027,356,0,10,239
2025-06-15,SKU027,241,0,10,239
2025-06-22,SKU027,424,0,10,239
2025-06-29,SKU027,329,0,10,239
2025-07-06,SKU027,240,0,10,239
2025-07-13,SKU027,129,255,10,239
2025-07-20,SKU027,361,0,10,239
2025-07-27,SKU027,259,0,10,239
2025-08-03,SKU027,140,310,10,239
2025-08-10,SKU027,332,0,10,239
2025-08-17,SKU027,187,339,10,239
2025-08-24,SKU027,87,269,10,239
2025-08-31,SKU027,325,0,10,239
2025-09-07,SKU027,455,0,10,239
2025-09-14,SKU027,355,0,10,239
2025-09-21,SKU027,252,0,10,239
2025-09-28,SKU027,418,0,10,239
2025-10-05,SKU027,277,0,10,239
2025-10-12,SKU027,308,0,10,239
2025-10-19,SKU027,466,0,10,239
2025-10-26,SKU027,258,0,10,239
2025-11-02,SKU027,52,394,10,239
2025-11-09,SKU027,0,306,10,239
2025-11-16,SKU027,0,186,10,239
2025-11-23,SKU027,0,184,10,239
2025-11-30,SKU027,393,0,10,239
2025-12-07,SKU027,208,400,10,239
2025-12-14,SKU027,469,0,10,239
2025-12-21,SKU027,327,0,10,239
2025-12-28,SKU027,462,0,10,239
2024-01-07,SKU028,134,0,3,32
2024-01-14,SKU028,65,0,3,32
2024-01-21,SKU028,121,0,3,32
2024-01-28,SKU028,65,0,3,32
2024-02-04,SKU028,222,0,3,32
2024-02-11,SKU028,155,0,3,32
2024-02-18,SKU028,93,0,3,32
2024-02-25,SKU028,36,0,3,32
2024-03-03,SKU028,0,213,3,32
2024-03-10,SKU028,137,0,3,32
2024-03-17,SKU028,74,0,3,32
2024-03-24,SKU028,6,199,3,32
2024-03-31,SKU028,180,0,3,32
2024-04-07,SKU028,109,0,3,32
2024-04-14,SKU028,48,0,3,32
2024-04-21,SKU028,134,0,3,32
2024-04-28,SKU028,80,0,3,32
2024-05-05,SKU028,208,0,3,32
2024-05-12,SKU028,150,0,3,32
2024-05-19,SKU028,82,0,3,32
2024-05-26,SKU028,10,218,3,32
2024-06-02,SKU028,224,0,3,32
2024-06-09,SKU028,153,0,3,32
2024-06-16,SKU028,79,0,3,32
2024-06-23,SKU028,34,0,3,32
2024-06-30,SKU028,0,177,3,32
2024-07-07,SKU028,130,0,3,32
2024-07-14,SKU028,73,0,3,32
2024-07-21,SKU028,190,0,3,32
2024-07-28,SKU028,135,0,3,32
2024-08-04,SKU028,94,0,3,32
2024-08-11,SKU028,35,0,3,32
2024-08-18,SKU028,149,0,3,32
2024-08-25,SKU028,91,0,3,32
2024-09-01,SKU028,40,0,3,32
2024-09-08,SKU028,0,167,3,32
2024-09-15,SKU028,0,229,3,32
2024-09-22,SKU028,0,105,3,32
2024-09-29,SKU028,0,236,3,32
2024-10-06,SKU028,0,127,3,32
2024-10-13,SKU028,142,0,3,32
2024-10-20,SKU028,63,0,3,32
2024-10-27,SKU028,134,0,3,32
2024-11-03,SKU028,51,0,3,32
2024-11-10,SKU028,118,0,3,32
2024-11-17,SKU028,49,0,3,32
2024-11-24,SKU028,0,109,3,32
2024-12-01,SKU028,0,211,3,32
2024-12-08,SKU028,117,0,3,32
2024-12-15,SKU028,48,0,3,32
2024-12-22,SKU028,0,144,3,32
2024-12-29,SKU028,194,0,3,32
2025-01-05,SKU028,137,0,3,32
2025-01-12,SKU028,69,0,3,32
2025-01-19,SKU028,237,0,3,32
2025-01-26,SKU028,196,0,3,32
2025-02-02,SKU028,140,0,3,32
2025-02-09,SKU028,85,0,3,32
2025-02-16,SKU028,36,0,3,32
2025-02-23,SKU028,162,0,3,32
2025-03-02,SKU028,104,0,3,32
2025-03-09,SKU028,36,0,3,32
2025-03-16,SKU028,207,0,3,32
2025-03-23,SKU028,132,0,3,32
2025-03-30,SKU028,72,0,3,32
2025-04-06,SKU028,126,0,3,32
2025-04-13,SKU028,68,0,3,32
2025-04-20,SKU028,152,0,3,32
2025-04-27,SKU028,100,0,3,32
2025-05-04,SKU028,47,0,3,32
2025-05-11,SKU028,0,98,3,32
2025-05-18,SKU028,200,0,3,32
2025-05-25,SKU028,130,0,3,32
2025-06-01,SKU028,66,0,3,32
2025-06-08,SKU028,11,101,3,32
2025-06-15,SKU028,0,236,3,32
2025-06-22,SKU028,0,164,3,32
2025-06-29,SKU028,239,0,3,32
2025-07-06,SKU028,194,0,3,32
2025-07-13,SKU028,160,0,3,32
2025-07-20,SKU028,105,0,3,32
2025-07-27,SKU028,51,0,3,32
2025-08-03,SKU028,215,0,3,32
2025-08-10,SKU028,161,0,3,32
2025-08-17,SKU028,67,0,3,32
2025-08-24,SKU028,203,0,3,32
2025-08-31,SKU028,133,0,3,32
2025-09-07,SKU028,78,0,3,32
2025-09-14,SKU028,13,123,3,32
2025-09-21,SKU028,0,241,3,32
2025-09-28,SKU028,149,0,3,32
2025-10-05,SKU028,77,0,3,32
2025-10-12,SKU028,110,0,3,32
2025-10-19,SKU028,51,0,3,32
2025-10-26,SKU028,158,0,3,32
2025-11-02,SKU028,67,0,3,32
2025-11-09,SKU028,0,208,3,32
2025-11-16,SKU028,120,0,3,32
2025-11-23,SKU028,43,0,3,32
2025-11-30,SKU028,98,0,3,32
2025-12-07,SKU028,17,227,3,32
2025-12-14,SKU028,0,204,3,32
2025-12-21,SKU028,0,206,3,32
2025-12-28,SKU028,185,0,3,32
2024-01-07,SKU029,113,0,13,80
2024-01-14,SKU029,153,0,13,80
2024-01-21,SKU029,122,0,13,80
2024-01-28,SKU029,92,0,13,80
2024-02-04,SKU029,154,0,13,80
2024-02-11,SKU029,121,0,13,80
2024-02-18,SKU029,86,0,13,80
2024-02-25,SKU029,138,0,13,80
2024-03-03,SKU029,105,0,13,80
2024-03-10,SKU029,158,0,13,80
2024-03-17,SKU029,121,0,13,80
2024-03-24,SKU029,81,0,13,80
2024-03-31,SKU029,55,65,13,80
2024-04-07,SKU029,23,72,13,80
2024-04-14,SKU029,0,78,13,80
2024-04-21,SKU029,93,0,13,80
2024-04-28,SKU029,61,107,13,80
2024-05-05,SKU029,144,0,13,80
2024-05-12,SKU029,108,0,13,80
2024-05-19,SKU029,84,0,13,80
2024-05-26,SKU029,130,0,13,80
2024-06-02,SKU029,93,0,13,80
2024-06-09,SKU029,63,95,13,80
2024-06-16,SKU029,90,0,13,80
2024-06-23,SKU029,53,69,13,80
2024-06-30,SKU029,22,123,13,80
2024-07-07,SKU029,63,0,13,80
2024-07-14,SKU029,167,0,13,80
2024-07-21,SKU029,144,0,13,80
2024-07-28,SKU029,116,0,13,80
2024-08-04,SKU029,87,0,13,80
2024-08-11,SKU029,110,0,13,80
2024-08-18,SKU029,190,0,13,80
2024-08-25,SKU029,155,0,13,80
2024-09-01,SKU029,123,0,13,80
2024-09-08,SKU029,96,0,13,80
2024-09-15,SKU029,153,0,13,80
2024-09-22,SKU029,129,0,13,80
2024-09-29,SKU029,93,0,13,80
2024-10-06,SKU029,52,95,13,80
2024-10-13,SKU029,106,0,13,80
2024-10-20,SKU029,192,0,13,80
2024-10-27,SKU029,138,0,13,80
2024-11-03,SKU029,88,0,13,80
2024-11-10,SKU029,97,0,13,80
2024-11-17,SKU029,141,0,13,80
2024-11-24,SKU029,97,0,13,80
2024-12-01,SKU029,94,0,13,80
2024-12-08,SKU029,51,86,13,80
2024-12-15,SKU029,12,103,13,80
2024-12-22,SKU029,87,0,13,80
2024-12-29,SKU029,175,0,13,80
2025-01-05,SKU029,143,0,13,80
2025-01-12,SKU029,118,0,13,80
2025-01-19,SKU029,92,0,13,80
2025-01-26,SKU029,56,82,13,80
2025-02-02,SKU029,112,0,13,80
2025-02-09,SKU029,89,0,13,80
2025-02-16,SKU029,178,0,13,80
2025-02-23,SKU029,144,0,13,80
2025-03-02,SKU029,120,0,13,80
2025-03-09,SKU029,84,0,13,80
2025-03-16,SKU029,119,0,13,80
2025-03-23,SKU029,71,98,13,80
2025-03-30,SKU029,145,0,13,80
2025-04-06,SKU029,112,0,13,80
2025-04-13,SKU029,84,0,13,80
2025-04-20,SKU029,104,0,13,80
2025-04-27,SKU029,150,0,13,80
2025-05-04,SKU029,126,0,13,80
2025-05-11,SKU029,98,0,13,80
2025-05-18,SKU029,176,0,13,80
2025-05-25,SKU029,143,0,13,80
2025-06-01,SKU029,114,0,13,80
2025-06-08,SKU029,84,0,13,80
2025-06-15,SKU029,42,128,13,80
2025-06-22,SKU029,83,0,13,80
2025-06-29,SKU029,136,0,13,80
2025-07-06,SKU029,113,0,13,80
2025-07-13,SKU029,84,0,13,80
2025-07-20,SKU029,51,94,13,80
2025-07-27,SKU029,26,101,13,80
2025-08-03,SKU029,0,114,13,80
2025-08-10,SKU029,128,0,13,80
2025-08-17,SKU029,80,80,13,80
2025-08-24,SKU029,49,74,13,80
2025-08-31,SKU029,88,0,13,80
2025-09-07,SKU029,135,0,13,80
2025-09-14,SKU029,104,0,13,80
2025-09-21,SKU029,83,0,13,80
2025-09-28,SKU029,56,84,13,80
2025-10-05,SKU029,139,0,13,80
2025-10-12,SKU029,98,0,13,80
2025-10-19,SKU029,127,0,13,80
2025-10-26,SKU029,163,0,13,80
2025-11-02,SKU029,118,0,13,80
2025-11-09,SKU029,170,0,13,80
2025-11-16,SKU029,132,0,13,80
2025-11-23,SKU029,73,56,13,80
2025-11-30,SKU029,99,0,13,80
2025-12-07,SKU029,49,87,13,80
2025-12-14,SKU029,66,0,13,80
2025-12-21,SKU029,105,0,13,80
2025-12-28,SKU029,72,110,13,80
2024-01-07,SKU030,102,107,14,163
2024-01-14,SKU030,236,0,14,163
2024-01-21,SKU030,167,0,14,163
2024-01-28,SKU030,315,0,14,163
2024-02-04,SKU030,257,0,14,163
2024-02-11,SKU030,184,0,14,163
2024-02-18,SKU030,247,0,14,163
2024-02-25,SKU030,172,0,14,163
2024-03-03,SKU030,235,0,14,163
2024-03-10,SKU030,172,0,14,163
2024-03-17,SKU030,314,0,14,163
2024-03-24,SKU030,256,0,14,163
2024-03-31,SKU030,179,0,14,163
2024-04-07,SKU030,114,211,14,163
2024-04-14,SKU030,225,0,14,163
2024-04-21,SKU030,155,126,14,163
2024-04-28,SKU030,279,0,14,163
2024-05-05,SKU030,216,0,14,163
2024-05-12,SKU030,139,148,14,163
2024-05-19,SKU030,59,181,14,163
2024-05-26,SKU030,153,0,14,163
2024-06-02,SKU030,301,0,14,163
2024-06-09,SKU030,243,0,14,163
2024-06-16,SKU030,178,0,14,163
2024-06-23,SKU030,271,0,14,163
2024-06-30,SKU030,229,0,14,163
2024-07-07,SKU030,183,0,14,163
2024-07-14,SKU030,141,209,14,163
2024-07-21,SKU030,83,224,14,163
2024-07-28,SKU030,37,224,14,163
2024-08-04,SKU030,166,0,14,163
2024-08-11,SKU030,105,144,14,163
2024-08-18,SKU030,37,108,14,163
2024-08-25,SKU030,129,0,14,163
2024-09-01,SKU030,265,0,14,163
2024-09-08,SKU030,206,0,14,163
2024-09-15,SKU030,159,246,14,163
2024-09-22,SKU030,108,208,14,163
2024-09-29,SKU030,51,183,14,163
2024-10-06,SKU030,186,0,14,163
2024-10-13,SKU030,320,0,14,163
2024-10-20,SKU030,268,0,14,163
2024-10-27,SKU030,178,0,14,163
2024-11-03,SKU030,278,0,14,163
2024-11-10,SKU030,197,0,14,163
2024-11-17,SKU030,247,0,14,163
2024-11-24,SKU030,388,0,14,163
2024-12-01,SKU030,284,0,14,163
2024-12-08,SKU030,209,0,14,163
2024-12-15,SKU030,308,0,14,163
2024-12-22,SKU030,235,0,14,163
2024-12-29,SKU030,395,0,14,163
2025-01-05,SKU030,338,0,14,163
2025-01-12,SKU030,270,0,14,163
2025-01-19,SKU030,220,0,14,163
2025-01-26,SKU030,338,0,14,163
2025-02-02,SKU030,293,0,14,163
2025-02-09,SKU030,247,0,14,163
2025-02-16,SKU030,188,0,14,163
2025-02-23,SKU030,359,0,14,163
2025-03-02,SKU030,311,0,14,163
2025-03-09,SKU030,248,0,14,163
2025-03-16,SKU030,203,0,14,163
2025-03-23,SKU030,124,210,14,163
2025-03-30,SKU030,292,0,14,163
2025-04-06,SKU030,225,0,14,163
2025-04-13,SKU030,262,0,14,163
2025-04-20,SKU030,201,0,14,163
2025-04-27,SKU030,370,0,14,163
2025-05-04,SKU030,310,0,14,163
2025-05-11,SKU030,252,0,14,163
2025-05-18,SKU030,201,0,14,163
2025-05-25,SKU030,303,0,14,163
2025-06-01,SKU030,241,0,14,163
2025-06-08,SKU030,190,0,14,163
2025-06-15,SKU030,268,0,14,163
2025-06-22,SKU030,204,0,14,163
2025-06-29,SKU030,143,209,14,163
2025-07-06,SKU030,329,0,14,163
2025-07-13,SKU030,270,0,14,163
2025-07-20,SKU030,210,0,14,163
2025-07-27,SKU030,308,0,14,163
2025-08-03,SKU030,246,0,14,163
2025-08-10,SKU030,189,0,14,163
2025-08-17,SKU030,322,0,14,163
2025-08-24,SKU030,233,0,14,163
2025-08-31,SKU030,183,0,14,163
2025-09-07,SKU030,222,0,14,163
2025-09-14,SKU030,355,0,14,163
2025-09-21,SKU030,309,0,14,163
2025-09-28,SKU030,264,0,14,163
2025-10-05,SKU030,206,0,14,163
2025-10-12,SKU030,124,234,14,163
2025-10-19,SKU030,65,218,14,163
2025-10-26,SKU030,158,0,14,163
2025-11-02,SKU030,242,0,14,163
2025-11-09,SKU030,350,0,14,163
2025-11-16,SKU030,284,0,14,163
2025-11-23,SKU030,207,0,14,163
2025-11-30,SKU030,83,234,14,163
2025-12-07,SKU030,176,0,14,163
2025-12-14,SKU030,322,0,14,163
2025-12-21,SKU030,251,0,14,163
2025-12-28,SKU030,397,0,14,163
2024-01-07,SKU031,56,0,10,54
2024-01-14,SKU031,108,0,10,54
2024-01-21,SKU031,79,0,10,54
2024-01-28,SKU031,117,0,10,54
2024-02-04,SKU031,86,0,10,54
2024-02-11,SKU031,56,0,10,54
2024-02-18,SKU031,20,100,10,54
2024-02-25,SKU031,64,0,10,54
2024-03-03,SKU031,131,0,10,54
2024-03-10,SKU031,96,0,10,54
2024-03-17,SKU031,64,0,10,54
2024-03-24,SKU031,119,0,10,54
2024-03-31,SKU031,86,0,10,54
2024-04-07,SKU031,52,100,10,54
2024-04-14,SKU031,16,61,10,54
2024-04-21,SKU031,76,0,10,54
2024-04-28,SKU031,47,91,10,54
2024-05-05,SKU031,127,0,10,54
2024-05-12,SKU031,98,0,10,54
2024-05-19,SKU031,65,0,10,54
2024-05-26,SKU031,137,0,10,54
2024-06-02,SKU031,106,0,10,54
2024-06-09,SKU031,77,0,10,54
2024-06-16,SKU031,45,106,10,54
2024-06-23,SKU031,11,109,10,54
2024-06-30,SKU031,0,111,10,54
2024-07-07,SKU031,0,86,10,54
2024-07-14,SKU031,115,0,10,54
2024-07-21,SKU031,79,0,10,54
2024-07-28,SKU031,50,106,10,54
2024-08-04,SKU031,120,0,10,54
2024-08-11,SKU031,84,0,10,54
2024-08-18,SKU031,53,81,10,54
2024-08-25,SKU031,92,0,10,54
2024-09-01,SKU031,63,0,10,54
2024-09-08,SKU031,35,77,10,54
2024-09-15,SKU031,5,52,10,54
2024-09-22,SKU031,104,0,10,54
2024-09-29,SKU031,70,0,10,54
2024-10-06,SKU031,34,86,10,54
2024-10-13,SKU031,81,0,10,54
2024-10-20,SKU031,44,118,10,54
2024-10-27,SKU031,69,0,10,54
2024-11-03,SKU031,131,0,10,54
2024-11-10,SKU031,103,0,10,54
2024-11-17,SKU031,66,0,10,54
2024-11-24,SKU031,81,0,10,54
2024-12-01,SKU031,93,0,10,54
2024-12-08,SKU031,79,0,10,54
2024-12-15,SKU031,171,0,10,54
2024-12-22,SKU031,138,0,10,54
2024-12-29,SKU031,102,0,10,54
2025-01-05,SKU031,71,0,10,54
2025-01-12,SKU031,95,0,10,54
2025-01-19,SKU031,70,0,10,54
2025-01-26,SKU031,122,0,10,54
2025-02-02,SKU031,97,0,10,54
2025-02-09,SKU031,72,0,10,54
2025-02-16,SKU031,46,62,10,54
2025-02-23,SKU031,96,0,10,54
2025-03-02,SKU031,68,0,10,54
2025-03-09,SKU031,41,117,10,54
2025-03-16,SKU031,12,113,10,54
2025-03-23,SKU031,87,0,10,54
2025-03-30,SKU031,49,86,10,54
2025-04-06,SKU031,19,57,10,54
2025-04-13,SKU031,90,0,10,54
2025-04-20,SKU031,64,0,10,54
2025-04-27,SKU031,105,0,10,54
2025-05-04,SKU031,74,0,10,54
2025-05-11,SKU031,44,116,10,54
2025-05-18,SKU031,98,0,10,54
2025-05-25,SKU031,73,0,10,54
2025-06-01,SKU031,48,110,10,54
2025-06-08,SKU031,27,55,10,54
2025-06-15,SKU031,64,0,10,54
2025-06-22,SKU031,34,88,10,54
2025-06-29,SKU031,4,83,10,54
2025-07-06,SKU031,0,74,10,54
2025-07-13,SKU031,112,0,10,54
2025-07-20,SKU031,90,0,10,54
2025-07-27,SKU031,68,0,10,54
2025-08-03,SKU031,107,0,10,54
2025-08-10,SKU031,77,0,10,54
2025-08-17,SKU031,30,49,10,54
2025-08-24,SKU031,65,0,10,54
2025-08-31,SKU031,36,91,10,54
2025-09-07,SKU031,105,0,10,54
2025-09-14,SKU031,78,0,10,54
2025-09-21,SKU031,53,109,10,54
2025-09-28,SKU031,26,110,10,54
2025-10-05,SKU031,62,0,10,54
2025-10-12,SKU031,89,0,10,54
2025-10-19,SKU031,55,0,10,54
2025-10-26,SKU031,71,0,10,54
2025-11-02,SKU031,28,107,10,54
2025-11-09,SKU031,122,0,10,54
2025-11-16,SKU031,82,0,10,54
2025-11-23,SKU031,41,79,10,54
2025-11-30,SKU031,0,114,10,54
2025-12-07,SKU031,72,0,10,54
2025-12-14,SKU031,98,0,10,54
2025-12-21,SKU031,68,0,10,54
2025-12-28,SKU031,130,0,10,54
2024-01-07,SKU032,60,0,6,38
2024-01-14,SKU032,110,0,6,38
2024-01-21,SKU032,71,0,6,38
2024-01-28,SKU032,34,102,6,38
2024-02-04,SKU032,0,89,6,38
2024-02-11,SKU032,74,0,6,38
2024-02-18,SKU032,171,0,6,38
2024-02-25,SKU032,136,0,6,38
2024-03-03,SKU032,98,0,6,38
2024-03-10,SKU032,67,0,6,38
2024-03-17,SKU032,100,0,6,38
2024-03-24,SKU032,59,0,6,38
2024-03-31,SKU032,22,96,6,38
2024-04-07,SKU032,71,0,6,38
2024-04-14,SKU032,32,124,6,38
2024-04-21,SKU032,0,99,6,38
2024-04-28,SKU032,110,0,6,38
2024-05-05,SKU032,72,0,6,38
2024-05-12,SKU032,138,0,6,38
2024-05-19,SKU032,101,0,6,38
2024-05-26,SKU032,63,0,6,38
2024-06-02,SKU032,93,0,6,38
2024-06-09,SKU032,57,0,6,38
2024-06-16,SKU032,89,0,6,38
2024-06-23,SKU032,48,0,6,38
2024-06-30,SKU032,12,70,6,38
2024-07-07,SKU032,0,108,6,38
2024-07-14,SKU032,0,126,6,38
2024-07-21,SKU032,0,93,6,38
2024-07-28,SKU032,112,0,6,38
2024-08-04,SKU032,84,0,6,38
2024-08-11,SKU032,53,0,6,38
2024-08-18,SKU032,120,0,6,38
2024-08-25,SKU032,85,0,6,38
2024-09-01,SKU032,52,0,6,38
2024-09-08,SKU032,23,134,6,38
2024-09-15,SKU032,84,0,6,38
2024-09-22,SKU032,55,0,6,38
2024-09-29,SKU032,30,121,6,38
2024-10-06,SKU032,0,98,6,38
2024-10-13,SKU032,0,133,6,38
2024-10-20,SKU032,0,133,6,38
2024-10-27,SKU032,0,73,6,38
2024-11-03,SKU032,55,0,6,38
2024-11-10,SKU032,13,89,6,38
2024-11-17,SKU032,62,0,6,38
2024-11-24,SKU032,134,0,6,38
2024-12-01,SKU032,73,0,6,38
2024-12-08,SKU032,30,98,6,38
2024-12-15,SKU032,119,0,6,38
2024-12-22,SKU032,77,0,6,38
2024-12-29,SKU032,152,0,6,38
2025-01-05,SKU032,121,0,6,38
2025-01-12,SKU032,95,0,6,38
2025-01-19,SKU032,68,0,6,38
2025-01-26,SKU032,121,0,6,38
2025-02-02,SKU032,94,0,6,38
2025-02-09,SKU032,61,0,6,38
2025-02-16,SKU032,32,72,6,38
2025-02-23,SKU032,102,0,6,38
2025-03-02,SKU032,71,0,6,38
2025-03-09,SKU032,43,0,6,38
2025-03-16,SKU032,84,0,6,38
2025-03-23,SKU032,45,0,6,38
2025-03-30,SKU032,116,0,6,38
2025-04-06,SKU032,84,0,6,38
2025-04-13,SKU032,49,0,6,38
2025-04-20,SKU032,84,0,6,38
2025-04-27,SKU032,50,0,6,38
2025-05-04,SKU032,101,0,6,38
2025-05-11,SKU032,74,0,6,38
2025-05-18,SKU032,39,0,6,38
2025-05-25,SKU032,144,0,6,38
2025-06-01,SKU032,116,0,6,38
2025-06-08,SKU032,92,0,6,38
2025-06-15,SKU032,49,0,6,38
2025-06-22,SKU032,10,126,6,38
2025-06-29,SKU032,113,0,6,38
2025-07-06,SKU032,90,0,6,38
2025-07-13,SKU032,60,0,6,38
2025-07-20,SKU032,164,0,6,38
2025-07-27,SKU032,132,0,6,38
2025-08-03,SKU032,96,0,6,38
2025-08-10,SKU032,69,0,6,38
2025-08-17,SKU032,13,56,6,38
2025-08-24,SKU032,75,0,6,38
2025-08-31,SKU032,41,0,6,38
2025-09-07,SKU032,84,0,6,38
2025-09-14,SKU032,53,0,6,38
2025-09-21,SKU032,122,0,6,38
2025-09-28,SKU032,84,0,6,38
2025-10-05,SKU032,51,0,6,38
2025-10-12,SKU032,105,0,6,38
2025-10-19,SKU032,69,0,6,38
2025-10-26,SKU032,81,0,6,38
2025-11-02,SKU032,36,130,6,38
2025-11-09,SKU032,130,0,6,38
2025-11-16,SKU032,97,0,6,38
2025-11-23,SKU032,49,0,6,38
2025-11-30,SKU032,6,75,6,38
2025-12-07,SKU032,0,102,6,38
2025-12-14,SKU032,0,114,6,38
2025-12-21,SKU032,0,62,6,38
2025-12-28,SKU032,91,0,6,38
2024-01-07,SKU033,209,0,11,139
2024-01-14,SKU033,148,0,11,139
2024-01-21,SKU033,253,0,11,139
2024-01-28,SKU033,187,0,11,139
2024-02-04,SKU033,255,0,11,139
2024-02-11,SKU033,195,0,11,139
2024-02-18,SKU033,128,127,11,139
2024-02-25,SKU033,73,168,11,139
2024-03-03,SKU033,7,184,11,139
2024-03-10,SKU033,0,171,11,139
2024-03-17,SKU033,128,0,11,139
2024-03-24,SKU033,58,229,11,139
2024-03-31,SKU033,107,0,11,139
2024-04-07,SKU033,223,0,11,139
2024-04-14,SKU033,166,0,11,139
2024-04-21,SKU033,223,0,11,139
2024-04-28,SKU033,169,0,11,139
2024-05-05,SKU033,111,108,11,139
2024-05-12,SKU033,255,0,11,139
2024-05-19,SKU033,187,0,11,139
2024-05-26,SKU033,326,0,11,139
2024-06-02,SKU033,270,0,11,139
2024-06-09,SKU033,214,0,11,139
2024-06-16,SKU033,157,0,11,139
2024-06-23,SKU033,261,0,11,139
2024-06-30,SKU033,196,0,11,139
2024-07-07,SKU033,141,0,11,139
2024-07-14,SKU033,71,219,11,139
2024-07-21,SKU033,125,0,11,139
2024-07-28,SKU033,69,176,11,139
2024-08-04,SKU033,12,122,11,139
2024-08-11,SKU033,133,0,11,139
2024-08-18,SKU033,69,170,11,139
2024-08-25,SKU033,201,0,11,139
2024-09-01,SKU033,158,0,11,139
2024-09-08,SKU033,119,157,11,139
2024-09-15,SKU033,284,0,11,139
2024-09-22,SKU033,226,0,11,139
2024-09-29,SKU033,177,0,11,139
2024-10-06,SKU033,329,0,11,139
2024-10-13,SKU033,272,0,11,139
2024-10-20,SKU033,216,0,11,139
2024-10-27,SKU033,301,0,11,139
2024-11-03,SKU033,223,0,11,139
2024-11-10,SKU033,162,0,11,139
2024-11-17,SKU033,110,221,11,139
2024-11-24,SKU033,250,0,11,139
2024-12-01,SKU033,160,0,11,139
2024-12-08,SKU033,214,0,11,139
2024-12-15,SKU033,155,0,11,139
2024-12-22,SKU033,212,0,11,139
2024-12-29,SKU033,154,0,11,139
2025-01-05,SKU033,311,0,11,139
2025-01-12,SKU033,258,0,11,139
2025-01-19,SKU033,206,0,11,139
2025-01-26,SKU033,150,0,11,139
2025-02-02,SKU033,104,187,11,139
2025-02-09,SKU033,52,173,11,139
2025-02-16,SKU033,12,207,11,139
2025-02-23,SKU033,0,207,11,139
2025-03-02,SKU033,0,195,11,139
2025-03-09,SKU033,0,223,11,139
2025-03-16,SKU033,0,106,11,139
2025-03-23,SKU033,190,0,11,139
2025-03-30,SKU033,340,0,11,139
2025-04-06,SKU033,275,0,11,139
2025-04-13,SKU033,214,0,11,139
2025-04-20,SKU033,151,0,11,139
2025-04-27,SKU033,248,0,11,139
2025-05-04,SKU033,202,0,11,139
2025-05-11,SKU033,152,0,11,139
2025-05-18,SKU033,93,153,11,139
2025-05-25,SKU033,197,0,11,139
2025-06-01,SKU033,155,0,11,139
2025-06-08,SKU033,112,183,11,139
2025-06-15,SKU033,202,0,11,139
2025-06-22,SKU033,320,0,11,139
2025-06-29,SKU033,275,0,11,139
2025-07-06,SKU033,221,0,11,139
2025-07-13,SKU033,172,0,11,139
2025-07-20,SKU033,124,186,11,139
2025-07-27,SKU033,270,0,11,139
2025-08-03,SKU033,214,0,11,139
2025-08-10,SKU033,151,0,11,139
2025-08-17,SKU033,299,0,11,139
2025-08-24,SKU033,242,0,11,139
2025-08-31,SKU033,176,0,11,139
2025-09-07,SKU033,301,0,11,139
2025-09-14,SKU033,253,0,11,139
2025-09-21,SKU033,198,0,11,139
2025-09-28,SKU033,155,0,11,139
2025-10-05,SKU033,312,0,11,139
2025-10-12,SKU033,240,0,11,139
2025-10-19,SKU033,172,0,11,139
2025-10-26,SKU033,73,160,11,139
2025-11-02,SKU033,104,0,11,139
2025-11-09,SKU033,206,0,11,139
2025-11-16,SKU033,140,0,11,139
2025-11-23,SKU033,272,0,11,139
2025-11-30,SKU033,179,0,11,139
2025-12-07,SKU033,80,154,11,139
2025-12-14,SKU033,228,0,11,139
2025-12-21,SKU033,170,0,11,139
2025-12-28,SKU033,252,0,11,139
2024-01-07,SKU034,266,0,12,201
2024-01-14,SKU034,378,0,12,201
2024-01-21,SKU034,300,0,12,201
2024-01-28,SKU034,218,0,12,201
2024-02-04,SKU034,447,0,12,201
2024-02-11,SKU034,363,0,12,201
2024-02-18,SKU034,289,0,12,201
2024-02-25,SKU034,206,0,12,201
2024-03-03,SKU034,402,0,12,201
2024-03-10,SKU034,335,0,12,201
2024-03-17,SKU034,263,0,12,201
2024-03-24,SKU034,390,0,12,201
2024-03-31,SKU034,316,0,12,201
2024-04-07,SKU034,241,0,12,201
2024-04-14,SKU034,168,135,12,201
2024-04-21,SKU034,100,234,12,201
2024-04-28,SKU034,23,230,12,201
2024-05-05,SKU034,161,0,12,201
2024-05-12,SKU034,332,0,12,201
2024-05-19,SKU034,255,0,12,201
2024-05-26,SKU034,459,0,12,201
2024-06-02,SKU034,370,0,12,201
2024-06-09,SKU034,279,0,12,201
2024-06-16,SKU034,204,0,12,201
2024-06-23,SKU034,388,0,12,201
2024-06-30,SKU034,320,0,12,201
2024-07-07,SKU034,242,0,12,201
2024-07-14,SKU034,354,0,12,201
2024-07-21,SKU034,265,0,12,201
2024-07-28,SKU034,449,0,12,201
2024-08-04,SKU034,374,0,12,201
2024-08-11,SKU034,286,0,12,201
2024-08-18,SKU034,449,0,12,201
2024-08-25,SKU034,358,0,12,201
2024-09-01,SKU034,272,0,12,201
2024-09-08,SKU034,189,215,12,201
2024-09-15,SKU034,360,0,12,201
2024-09-22,SKU034,282,0,12,201
2024-09-29,SKU034,375,0,12,201
2024-10-06,SKU034,302,0,12,201
2024-10-13,SKU034,210,0,12,201
2024-10-20,SKU034,139,256,12,201
2024-10-27,SKU034,268,0,12,201
2024-11-03,SKU034,189,125,12,201
2024-11-10,SKU034,106,198,12,201
2024-11-17,SKU034,281,0,12,201
2024-11-24,SKU034,393,0,12,201
2024-12-01,SKU034,279,0,12,201
2024-12-08,SKU034,340,0,12,201
2024-12-15,SKU034,258,0,12,201
2024-12-22,SKU034,404,0,12,201
2024-12-29,SKU034,327,0,12,201
2025-01-05,SKU034,255,0,12,201
2025-01-12,SKU034,183,301,12,201
2025-01-19,SKU034,280,0,12,201
2025-01-26,SKU034,212,0,12,201
2025-02-02,SKU034,356,0,12,201
2025-02-09,SKU034,292,0,12,201
2025-02-16,SKU034,231,0,12,201
2025-02-23,SKU034,339,0,12,201
2025-03-02,SKU034,267,0,12,201
2025-03-09,SKU034,203,0,12,201
2025-03-16,SKU034,146,176,12,201
2025-03-23,SKU034,49,126,12,201
2025-03-30,SKU034,278,0,12,201
2025-04-06,SKU034,326,0,12,201
2025-04-13,SKU034,253,0,12,201
2025-04-20,SKU034,176,240,12,201
2025-04-27,SKU034,348,0,12,201
2025-05-04,SKU034,293,0,12,201
2025-05-11,SKU034,238,0,12,201
2025-05-18,SKU034,448,0,12,201
2025-05-25,SKU034,377,0,12,201
2025-06-01,SKU034,318,0,12,201
2025-06-08,SKU034,243,0,12,201
2025-06-15,SKU034,162,122,12,201
2025-06-22,SKU034,281,0,12,201
2025-06-29,SKU034,207,0,12,201
2025-07-06,SKU034,153,236,12,201
2025-07-13,SKU034,346,0,12,201
2025-07-20,SKU034,299,0,12,201
2025-07-27,SKU034,234,0,12,201
2025-08-03,SKU034,163,175,12,201
2025-08-10,SKU034,94,240,12,201
2025-08-17,SKU034,0,131,12,201
2025-08-24,SKU034,187,0,12,201
2025-08-31,SKU034,258,0,12,201
2025-09-07,SKU034,383,0,12,201
2025-09-14,SKU034,323,0,12,201
2025-09-21,SKU034,262,0,12,201
2025-09-28,SKU034,188,291,12,201
2025-10-05,SKU034,106,172,12,201
2025-10-12,SKU034,16,201,12,201
2025-10-19,SKU034,241,0,12,201
2025-10-26,SKU034,267,0,12,201
2025-11-02,SKU034,360,0,12,201
2025-11-09,SKU034,273,0,12,201
2025-11-16,SKU034,166,171,12,201
2025-11-23,SKU034,72,241,12,201
2025-11-30,SKU034,0,275,12,201
2025-12-07,SKU034,226,0,12,201
2025-12-14,SKU034,353,0,12,201
2025-12-21,SKU034,271,0,12,201
2025-12-28,SKU034,446,0,12,201
2024-01-07,SKU035,146,0,14,104
2024-01-14,SKU035,206,0,14,104
2024-01-21,SKU035,154,0,14,104
2024-01-28,SKU035,106,0,14,104
2024-02-04,SKU035,60,140,14,104
2024-02-11,SKU035,172,0,14,104
2024-02-18,SKU035,122,0,14,104
2024-02-25,SKU035,81,122,14,104
2024-03-03,SKU035,181,0,14,104
2024-03-10,SKU035,126,0,14,104
2024-03-17,SKU035,247,0,14,104
2024-03-24,SKU035,197,0,14,104
2024-03-31,SKU035,143,0,14,104
2024-04-07,SKU035,207,0,14,104
2024-04-14,SKU035,156,0,14,104
2024-04-21,SKU035,109,0,14,104
2024-04-28,SKU035,194,0,14,104
2024-05-05,SKU035,139,0,14,104
2024-05-12,SKU035,83,184,14,104
2024-05-19,SKU035,196,0,14,104
2024-05-26,SKU035,152,0,14,104
2024-06-02,SKU035,98,120,14,104
2024-06-09,SKU035,134,0,14,104
2024-06-16,SKU035,89,164,14,104
2024-06-23,SKU035,124,0,14,104
2024-06-30,SKU035,71,171,14,104
2024-07-07,SKU035,96,0,14,104
2024-07-14,SKU035,47,79,14,104
2024-07-21,SKU035,0,97,14,104
2024-07-28,SKU035,0,169,14,104
2024-08-04,SKU035,143,0,14,104
2024-08-11,SKU035,231,0,14,104
2024-08-18,SKU035,179,0,14,104
2024-08-25,SKU035,136,0,14,104
2024-09-01,SKU035,192,0,14,104
2024-09-08,SKU035,146,0,14,104
2024-09-15,SKU035,183,0,14,104
2024-09-22,SKU035,132,0,14,104
2024-09-29,SKU035,90,142,14,104
2024-10-06,SKU035,217,0,14,104
2024-10-13,SKU035,165,0,14,104
2024-10-20,SKU035,123,0,14,104
2024-10-27,SKU035,182,0,14,104
2024-11-03,SKU035,141,0,14,104
2024-11-10,SKU035,131,0,14,104
2024-11-17,SKU035,227,0,14,104
2024-11-24,SKU035,161,0,14,104
2024-12-01,SKU035,96,87,14,104
2024-12-08,SKU035,144,0,14,104
2024-12-15,SKU035,180,0,14,104
2024-12-22,SKU035,132,0,14,104
2024-12-29,SKU035,91,135,14,104
2025-01-05,SKU035,197,0,14,104
2025-01-12,SKU035,161,0,14,104
2025-01-19,SKU035,130,0,14,104
2025-01-26,SKU035,92,102,14,104
2025-02-02,SKU035,202,0,14,104
2025-02-09,SKU035,165,0,14,104
2025-02-16,SKU035,129,0,14,104
2025-02-23,SKU035,195,0,14,104
2025-03-02,SKU035,153,0,14,104
2025-03-09,SKU035,111,0,14,104
2025-03-16,SKU035,65,75,14,104
2025-03-23,SKU035,0,145,14,104
2025-03-30,SKU035,0,85,14,104
2025-04-06,SKU035,79,0,14,104
2025-04-13,SKU035,184,0,14,104
2025-04-20,SKU035,145,0,14,104
2025-04-27,SKU035,236,0,14,104
2025-05-04,SKU035,198,0,14,104
2025-05-11,SKU035,160,0,14,104
2025-05-18,SKU035,123,0,14,104
2025-05-25,SKU035,240,0,14,104
2025-06-01,SKU035,195,0,14,104
2025-06-08,SKU035,157,0,14,104
2025-06-15,SKU035,111,0,14,104
2025-06-22,SKU035,63,140,14,104
2025-06-29,SKU035,186,0,14,104
2025-07-06,SKU035,144,0,14,104
2025-07-13,SKU035,113,0,14,104
2025-07-20,SKU035,70,92,14,104
2025-07-27,SKU035,205,0,14,104
2025-08-03,SKU035,161,0,14,104
2025-08-10,SKU035,114,0,14,104
2025-08-17,SKU035,214,0,14,104
2025-08-24,SKU035,165,0,14,104
2025-08-31,SKU035,115,0,14,104
2025-09-07,SKU035,68,132,14,104
2025-09-14,SKU035,150,0,14,104
2025-09-21,SKU035,111,0,14,104
2025-09-28,SKU035,71,164,14,104
2025-10-05,SKU035,192,0,14,104
2025-10-12,SKU035,142,0,14,104
2025-10-19,SKU035,103,110,14,104
2025-10-26,SKU035,34,140,14,104
2025-11-02,SKU035,160,0,14,104
2025-11-09,SKU035,260,0,14,104
2025-11-16,SKU035,210,0,14,104
2025-11-23,SKU035,138,0,14,104
2025-11-30,SKU035,206,0,14,104
2025-12-07,SKU035,131,0,14,104
2025-12-14,SKU035,79,120,14,104
2025-12-21,SKU035,99,0,14,104
2025-12-28,SKU035,59,98,14,104
2024-01-07,SKU036,33,0,4,26
2024-01-14,SKU036,0,81,4,26
2024-01-21,SKU036,0,87,4,26
2024-01-28,SKU036,0,124,4,26
2024-02-04,SKU036,125,0,4,26
2024-02-11,SKU036,93,0,4,26
2024-02-18,SKU036,59,0,4,26
2024-02-25,SKU036,27,0,4,26
2024-03-03,SKU036,91,0,4,26
2024-03-10,SKU036,58,0,4,26
2024-03-17,SKU036,29,0,4,26
2024-03-24,SKU036,0,71,4,26
2024-03-31,SKU036,74,0,4,26
2024-04-07,SKU036,37,0,4,26
2024-04-14,SKU036,69,0,4,26
2024-04-21,SKU036,35,0,4,26
2024-04-28,SKU036,61,0,4,26
2024-05-05,SKU036,39,0,4,26
2024-05-12,SKU036,74,0,4,26
2024-05-19,SKU036,44,0,4,26
2024-05-26,SKU036,12,91,4,26
2024-06-02,SKU036,0,79,4,26
2024-06-09,SKU036,0,84,4,26
2024-06-16,SKU036,111,0,4,26
2024-06-23,SKU036,79,0,4,26
2024-06-30,SKU036,59,0,4,26
2024-07-07,SKU036,37,0,4,26
2024-07-14,SKU036,71,0,4,26
2024-07-21,SKU036,44,0,4,26
2024-07-28,SKU036,71,0,4,26
2024-08-04,SKU036,43,0,4,26
2024-08-11,SKU036,3,120,4,26
2024-08-18,SKU036,69,0,4,26
2024-08-25,SKU036,35,0,4,26
2024-09-01,SKU036,71,0,4,26
2024-09-08,SKU036,43,0,4,26
2024-09-15,SKU036,135,0,4,26
2024-09-22,SKU036,107,0,4,26
2024-09-29,SKU036,81,0,4,26
2024-10-06,SKU036,50,0,4,26
2024-10-13,SKU036,95,0,4,26
2024-10-20,SKU036,60,0,4,26
2024-10-27,SKU036,0,55,4,26
2024-11-03,SKU036,57,0,4,26
2024-11-10,SKU036,95,0,4,26
2024-11-17,SKU036,59,0,4,26
2024-11-24,SKU036,13,97,4,26
2024-12-01,SKU036,118,0,4,26
2024-12-08,SKU036,82,0,4,26
2024-12-15,SKU036,54,0,4,26
2024-12-22,SKU036,21,124,4,26
2024-12-29,SKU036,122,0,4,26
2025-01-05,SKU036,98,0,4,26
2025-01-12,SKU036,61,0,4,26
2025-01-19,SKU036,39,0,4,26
2025-01-26,SKU036,111,0,4,26
2025-02-02,SKU036,80,0,4,26
2025-02-09,SKU036,55,0,4,26
2025-02-16,SKU036,30,0,4,26
2025-02-23,SKU036,114,0,4,26
2025-03-02,SKU036,89,0,4,26
2025-03-09,SKU036,57,0,4,26
2025-03-16,SKU036,81,0,4,26
2025-03-23,SKU036,40,0,4,26
2025-03-30,SKU036,78,0,4,26
2025-04-06,SKU036,45,0,4,26
2025-04-13,SKU036,11,120,4,26
2025-04-20,SKU036,0,105,4,26
2025-04-27,SKU036,0,116,4,26
2025-05-04,SKU036,0,123,4,26
2025-05-11,SKU036,75,0,4,26
2025-05-18,SKU036,43,0,4,26
2025-05-25,SKU036,10,68,4,26
2025-06-01,SKU036,92,0,4,26
2025-06-08,SKU036,67,0,4,26
2025-06-15,SKU036,76,0,4,26
2025-06-22,SKU036,44,0,4,26
2025-06-29,SKU036,18,122,4,26
2025-07-06,SKU036,89,0,4,26
2025-07-13,SKU036,63,0,4,26
2025-07-20,SKU036,36,0,4,26
2025-07-27,SKU036,92,0,4,26
2025-08-03,SKU036,60,0,4,26
2025-08-10,SKU036,36,0,4,26
2025-08-17,SKU036,95,0,4,26
2025-08-24,SKU036,64,0,4,26
2025-08-31,SKU036,29,0,4,26
2025-09-07,SKU036,3,76,4,26
2025-09-14,SKU036,90,0,4,26
2025-09-21,SKU036,58,0,4,26
2025-09-28,SKU036,32,0,4,26
2025-10-05,SKU036,51,0,4,26
2025-10-12,SKU036,16,84,4,26
2025-10-19,SKU036,123,0,4,26
2025-10-26,SKU036,81,0,4,26
2025-11-02,SKU036,78,0,4,26
2025-11-09,SKU036,29,0,4,26
2025-11-16,SKU036,0,108,4,26
2025-11-23,SKU036,94,0,4,26
2025-11-30,SKU036,40,0,4,26
2025-12-07,SKU036,107,0,4,26
2025-12-14,SKU036,69,0,4,26
2025-12-21,SKU036,90,0,4,26
2025-12-28,SKU036,52,0,4,26
2024-01-07,SKU037,176,0,6,79
2024-01-14,SKU037,103,0,6,79
2024-01-21,SKU037,167,0,6,79
2024-01-28,SKU037,98,0,6,79
2024-02-04,SKU037,25,132,6,79
2024-02-11,SKU037,115,0,6,79
2024-02-18,SKU037,230,0,6,79
2024-02-25,SKU037,175,0,6,79
2024-03-03,SKU037,108,0,6,79
2024-03-10,SKU037,212,0,6,79
2024-03-17,SKU037,138,0,6,79
2024-03-24,SKU037,302,0,6,79
2024-03-31,SKU037,237,0,6,79
2024-04-07,SKU037,174,0,6,79
2024-04-14,SKU037,118,0,6,79
2024-04-21,SKU037,186,0,6,79
2024-04-28,SKU037,117,0,6,79
2024-05-05,SKU037,56,205,6,79
2024-05-12,SKU037,0,131,6,79
2024-05-19,SKU037,213,0,6,79
2024-05-26,SKU037,146,0,6,79
2024-06-02,SKU037,193,0,6,79
2024-06-09,SKU037,120,0,6,79
2024-06-16,SKU037,259,0,6,79
2024-06-23,SKU037,188,0,6,79
2024-06-30,SKU037,133,0,6,79
2024-07-07,SKU037,79,206,6,79
2024-07-14,SKU037,165,0,6,79
2024-07-21,SKU037,95,0,6,79
2024-07-28,SKU037,30,197,6,79
2024-08-04,SKU037,0,120,6,79
2024-08-11,SKU037,167,0,6,79
2024-08-18,SKU037,94,0,6,79
2024-08-25,SKU037,20,99,6,79
2024-09-01,SKU037,124,0,6,79
2024-09-08,SKU037,67,159,6,79
2024-09-15,SKU037,155,0,6,79
2024-09-22,SKU037,94,0,6,79
2024-09-29,SKU037,30,166,6,79
2024-10-06,SKU037,193,0,6,79
2024-10-13,SKU037,132,0,6,79
2024-10-20,SKU037,244,0,6,79
2024-10-27,SKU037,167,0,6,79
2024-11-03,SKU037,178,0,6,79
2024-11-10,SKU037,124,0,6,79
2024-11-17,SKU037,64,156,6,79
2024-11-24,SKU037,226,0,6,79
2024-12-01,SKU037,141,0,6,79
2024-12-08,SKU037,180,0,6,79
2024-12-15,SKU037,119,0,6,79
2024-12-22,SKU037,56,164,6,79
2024-12-29,SKU037,0,97,6,79
2025-01-05,SKU037,231,0,6,79
2025-01-12,SKU037,173,0,6,79
2025-01-19,SKU037,120,0,6,79
2025-01-26,SKU037,228,0,6,79
2025-02-02,SKU037,180,0,6,79
2025-02-09,SKU037,135,0,6,79
2025-02-16,SKU037,82,0,6,79
2025-02-23,SKU037,37,185,6,79
2025-03-02,SKU037,125,0,6,79
2025-03-09,SKU037,278,0,6,79
2025-03-16,SKU037,202,0,6,79
2025-03-23,SKU037,126,0,6,79
2025-03-30,SKU037,186,0,6,79
2025-04-06,SKU037,114,0,6,79
2025-04-13,SKU037,288,0,6,79
2025-04-20,SKU037,229,0,6,79
2025-04-27,SKU037,179,0,6,79
2025-05-04,SKU037,132,0,6,79
2025-05-11,SKU037,305,0,6,79
2025-05-18,SKU037,257,0,6,79
2025-05-25,SKU037,215,0,6,79
2025-06-01,SKU037,167,0,6,79
2025-06-08,SKU037,119,0,6,79
2025-06-15,SKU037,184,0,6,79
2025-06-22,SKU037,126,0,6,79
2025-06-29,SKU037,234,0,6,79
2025-07-06,SKU037,191,0,6,79
2025-07-13,SKU037,133,0,6,79
2025-07-20,SKU037,189,0,6,79
2025-07-27,SKU037,142,0,6,79
2025-08-03,SKU037,81,0,6,79
2025-08-10,SKU037,31,131,6,79
2025-08-17,SKU037,0,219,6,79
2025-08-24,SKU037,198,0,6,79
2025-08-31,SKU037,143,0,6,79
2025-09-07,SKU037,80,0,6,79
2025-09-14,SKU037,214,0,6,79
2025-09-21,SKU037,144,0,6,79
2025-09-28,SKU037,84,0,6,79
2025-10-05,SKU037,28,120,6,79
2025-10-12,SKU037,235,0,6,79
2025-10-19,SKU037,168,0,6,79
2025-10-26,SKU037,65,166,6,79
2025-11-02,SKU037,115,0,6,79
2025-11-09,SKU037,165,0,6,79
2025-11-16,SKU037,108,0,6,79
2025-11-23,SKU037,254,0,6,79
2025-11-30,SKU037,145,0,6,79
2025-12-07,SKU037,250,0,6,79
2025-12-14,SKU037,170,0,6,79
2025-12-21,SKU037,99,0,6,79
2025-12-28,SKU037,231,0,6,79
2024-01-07,SKU038,73,0,9,33
2024-01-14,SKU038,54,0,9,33
2024-01-21,SKU038,35,0,9,33
2024-01-28,SKU038,88,0,9,33
2024-02-04,SKU038,66,0,9,33
2024-02-11,SKU038,43,0,9,33
2024-02-18,SKU038,18,75,9,33
2024-02-25,SKU038,64,0,9,33
2024-03-03,SKU038,46,0,9,33
2024-03-10,SKU038,25,35,9,33
2024-03-17,SKU038,42,0,9,33
2024-03-24,SKU038,26,64,9,33
2024-03-31,SKU038,81,0,9,33
2024-04-07,SKU038,64,0,9,33
2024-04-14,SKU038,41,0,9,33
2024-04-21,SKU038,22,63,9,33
2024-04-28,SKU038,42,0,9,33
2024-05-05,SKU038,68,0,9,33
2024-05-12,SKU038,51,0,9,33
2024-05-19,SKU038,30,48,9,33
2024-05-26,SKU038,14,35,9,33
2024-06-02,SKU038,0,75,9,33
2024-06-09,SKU038,75,0,9,33
2024-06-16,SKU038,53,0,9,33
2024-06-23,SKU038,32,78,9,33
2024-06-30,SKU038,14,50,9,33
2024-07-07,SKU038,0,62,9,33
2024-07-14,SKU038,0,61,9,33
2024-07-21,SKU038,0,72,9,33
2024-07-28,SKU038,0,33,9,33
2024-08-04,SKU038,49,0,9,33
2024-08-11,SKU038,67,0,9,33
2024-08-18,SKU038,34,0,9,33
2024-08-25,SKU038,94,0,9,33
2024-09-01,SKU038,73,0,9,33
2024-09-08,SKU038,55,0,9,33
2024-09-15,SKU038,40,0,9,33
2024-09-22,SKU038,63,0,9,33
2024-09-29,SKU038,42,0,9,33
2024-10-06,SKU038,19,53,9,33
2024-10-13,SKU038,77,0,9,33
2024-10-20,SKU038,52,0,9,33
2024-10-27,SKU038,20,56,9,33
2024-11-03,SKU038,0,62,9,33
2024-11-10,SKU038,46,0,9,33
2024-11-17,SKU038,105,0,9,33
2024-11-24,SKU038,80,0,9,33
2024-12-01,SKU038,52,0,9,33
2024-12-08,SKU038,77,0,9,33
2024-12-15,SKU038,52,0,9,33
2024-12-22,SKU038,36,0,9,33
2024-12-29,SKU038,87,0,9,33
2025-01-05,SKU038,68,0,9,33
2025-01-12,SKU038,47,0,9,33
2025-01-19,SKU038,34,0,9,33
2025-01-26,SKU038,19,58,9,33
2025-02-02,SKU038,3,47,9,33
2025-02-09,SKU038,40,0,9,33
2025-02-16,SKU038,66,0,9,33
2025-02-23,SKU038,52,0,9,33
2025-03-02,SKU038,36,0,9,33
2025-03-09,SKU038,20,43,9,33
2025-03-16,SKU038,0,63,9,33
2025-03-23,SKU038,0,61,9,33
2025-03-30,SKU038,41,0,9,33
2025-04-06,SKU038,52,0,9,33
2025-04-13,SKU038,27,64,9,33
2025-04-20,SKU038,55,0,9,33
2025-04-27,SKU038,34,0,9,33
2025-05-04,SKU038,68,0,9,33
2025-05-11,SKU038,49,0,9,33
2025-05-18,SKU038,66,0,9,33
2025-05-25,SKU038,47,0,9,33
2025-06-01,SKU038,22,33,9,33
2025-06-08,SKU038,80,0,9,33
2025-06-15,SKU038,58,0,9,33
2025-06-22,SKU038,39,0,9,33
2025-06-29,SKU038,66,0,9,33
2025-07-06,SKU038,50,0,9,33
2025-07-13,SKU038,34,0,9,33
2025-07-20,SKU038,69,0,9,33
2025-07-27,SKU038,50,0,9,33
2025-08-03,SKU038,36,0,9,33
2025-08-10,SKU038,50,0,9,33
2025-08-17,SKU038,72,0,9,33
2025-08-24,SKU038,50,0,9,33
2025-08-31,SKU038,95,0,9,33
2025-09-07,SKU038,74,0,9,33
2025-09-14,SKU038,53,0,9,33
2025-09-21,SKU038,34,0,9,33
2025-09-28,SKU038,76,0,9,33
2025-10-05,SKU038,52,0,9,33
2025-10-12,SKU038,25,36,9,33
2025-10-19,SKU038,44,0,9,33
2025-10-26,SKU038,11,55,9,33
2025-11-02,SKU038,34,0,9,33
2025-11-09,SKU038,5,53,9,33
2025-11-16,SKU038,71,0,9,33
2025-11-23,SKU038,35,0,9,33
2025-11-30,SKU038,81,0,9,33
2025-12-07,SKU038,55,0,9,33
2025-12-14,SKU038,94,0,9,33
2025-12-21,SKU038,71,0,9,33
2025-12-28,SKU038,51,0,9,33
2024-01-07,SKU039,346,0,13,199
2024-01-14,SKU039,235,0,13,199
2024-01-21,SKU039,129,187,13,199
2024-01-28,SKU039,204,0,13,199
2024-02-04,SKU039,290,0,13,199
2024-02-11,SKU039,528,0,13,199
2024-02-18,SKU039,430,0,13,199
2024-02-25,SKU039,331,0,13,199
2024-03-03,SKU039,217,0,13,199
2024-03-10,SKU039,124,171,13,199
2024-03-17,SKU039,24,163,13,199
2024-03-24,SKU039,0,209,13,199
2024-03-31,SKU039,241,0,13,199
2024-04-07,SKU039,308,0,13,199
2024-04-14,SKU039,194,354,13,199
2024-04-21,SKU039,108,178,13,199
2024-04-28,SKU039,14,318,13,199
2024-05-05,SKU039,0,240,13,199
2024-05-12,SKU039,0,222,13,199
2024-05-19,SKU039,255,0,13,199
2024-05-26,SKU039,156,375,13,199
2024-06-02,SKU039,381,0,13,199
2024-06-09,SKU039,295,0,13,199
2024-06-16,SKU039,504,0,13,199
2024-06-23,SKU039,411,0,13,199
2024-06-30,SKU039,295,0,13,199
2024-07-07,SKU039,205,0,13,199
2024-07-14,SKU039,115,238,13,199
2024-07-21,SKU039,218,0,13,199
2024-07-28,SKU039,108,343,13,199
2024-08-04,SKU039,0,358,13,199
2024-08-11,SKU039,0,328,13,199
2024-08-18,SKU039,321,0,13,199
2024-08-25,SKU039,221,0,13,199
2024-09-01,SKU039,460,0,13,199
2024-09-08,SKU039,372,0,13,199
2024-09-15,SKU039,273,0,13,199
2024-09-22,SKU039,183,371,13,199
2024-09-29,SKU039,71,302,13,199
2024-10-06,SKU039,377,0,13,199
2024-10-13,SKU039,281,0,13,199
2024-10-20,SKU039,165,156,13,199
2024-10-27,SKU039,54,172,13,199
2024-11-03,SKU039,220,0,13,199
2024-11-10,SKU039,472,0,13,199
2024-11-17,SKU039,369,0,13,199
2024-11-24,SKU039,271,0,13,199
2024-12-01,SKU039,162,348,13,199
2024-12-08,SKU039,463,0,13,199
2024-12-15,SKU039,359,0,13,199
2024-12-22,SKU039,260,0,13,199
2024-12-29,SKU039,415,0,13,199
2025-01-05,SKU039,332,0,13,199
2025-01-12,SKU039,270,0,13,199
2025-01-19,SKU039,181,158,13,199
2025-01-26,SKU039,121,365,13,199
2025-02-02,SKU039,381,0,13,199
2025-02-09,SKU039,284,0,13,199
2025-02-16,SKU039,518,0,13,199
2025-02-23,SKU039,457,0,13,199
2025-03-02,SKU039,394,0,13,199
2025-03-09,SKU039,323,0,13,199
2025-03-16,SKU039,209,0,13,199
2025-03-23,SKU039,236,0,13,199
2025-03-30,SKU039,142,267,13,199
2025-04-06,SKU039,392,0,13,199
2025-04-13,SKU039,306,0,13,199
2025-04-20,SKU039,219,0,13,199
2025-04-27,SKU039,133,199,13,199
2025-05-04,SKU039,46,296,13,199
2025-05-11,SKU039,281,0,13,199
2025-05-18,SKU039,199,330,13,199
2025-05-25,SKU039,305,0,13,199
2025-06-01,SKU039,204,0,13,199
2025-06-08,SKU039,439,0,13,199
2025-06-15,SKU039,309,0,13,199
2025-06-22,SKU039,432,0,13,199
2025-06-29,SKU039,354,0,13,199
2025-07-06,SKU039,270,0,13,199
2025-07-13,SKU039,545,0,13,199
2025-07-20,SKU039,461,0,13,199
2025-07-27,SKU039,376,0,13,199
2025-08-03,SKU039,284,0,13,199
2025-08-10,SKU039,178,333,13,199
2025-08-17,SKU039,409,0,13,199
2025-08-24,SKU039,288,0,13,199
2025-08-31,SKU039,202,0,13,199
2025-09-07,SKU039,126,176,13,199
2025-09-14,SKU039,22,377,13,199
2025-09-21,SKU039,305,0,13,199
2025-09-28,SKU039,204,0,13,199
2025-10-05,SKU039,81,350,13,199
2025-10-12,SKU039,357,0,13,199
2025-10-19,SKU039,257,0,13,199
2025-10-26,SKU039,437,0,13,199
2025-11-02,SKU039,247,0,13,199
2025-11-09,SKU039,454,0,13,199
2025-11-16,SKU039,331,0,13,199
2025-11-23,SKU039,483,0,13,199
2025-11-30,SKU039,337,0,13,199
2025-12-07,SKU039,423,0,13,199
2025-12-14,SKU039,328,0,13,199
2025-12-21,SKU039,187,183,13,199
2025-12-28,SKU039,248,0,13,199
2024-01-07,SKU040,152,313,12,301
2024-01-14,SKU040,1,509,12,301
2024-01-21,SKU040,0,274,12,301
2024-01-28,SKU040,241,0,12,301
2024-02-04,SKU040,447,0,12,301
2024-02-11,SKU040,753,0,12,301
2024-02-18,SKU040,599,0,12,301
2024-02-25,SKU040,461,0,12,301
2024-03-03,SKU040,331,0,12,301
2024-03-10,SKU040,208,326,12,301
2024-03-17,SKU040,57,458,12,301
2024-03-24,SKU040,0,385,12,301
2024-03-31,SKU040,519,0,12,301
2024-04-07,SKU040,365,0,12,301
2024-04-14,SKU040,540,0,12,301
2024-04-21,SKU040,408,0,12,301
2024-04-28,SKU040,624,0,12,301
2024-05-05,SKU040,499,0,12,301
2024-05-12,SKU040,434,0,12,301
2024-05-19,SKU040,303,0,12,301
2024-05-26,SKU040,212,452,12,301
2024-06-02,SKU040,455,0,12,301
2024-06-09,SKU040,353,0,12,301
2024-06-16,SKU040,582,0,12,301
2024-06-23,SKU040,474,0,12,301
2024-06-30,SKU040,364,0,12,301
2024-07-07,SKU040,258,292,12,301
2024-07-14,SKU040,432,0,12,301
2024-07-21,SKU040,326,0,12,301
2024-07-28,SKU040,622,0,12,301
2024-08-04,SKU040,528,0,12,301
2024-08-11,SKU040,424,0,12,301
2024-08-18,SKU040,739,0,12,301
2024-08-25,SKU040,610,0,12,301
2024-09-01,SKU040,499,0,12,301
2024-09-08,SKU040,386,0,12,301
2024-09-15,SKU040,736,0,12,301
2024-09-22,SKU040,634,0,12,301
2024-09-29,SKU040,516,0,12,301
2024-10-06,SKU040,382,0,12,301
2024-10-13,SKU040,235,336,12,301
2024-10-20,SKU040,310,0,12,301
2024-10-27,SKU040,118,258,12,301
2024-11-03,SKU040,405,0,12,301
2024-11-10,SKU040,640,0,12,301
2024-11-17,SKU040,533,0,12,301
2024-11-24,SKU040,367,0,12,301
2024-12-01,SKU040,160,398,12,301
2024-12-08,SKU040,0,426,12,301
2024-12-15,SKU040,0,508,12,301
2024-12-22,SKU040,343,0,12,301
2024-12-29,SKU040,196,396,12,301
2025-01-05,SKU040,388,0,12,301
2025-01-12,SKU040,745,0,12,301
2025-01-19,SKU040,649,0,12,301
2025-01-26,SKU040,521,0,12,301
2025-02-02,SKU040,406,0,12,301
2025-02-09,SKU040,287,489,12,301
2025-02-16,SKU040,624,0,12,301
2025-02-23,SKU040,517,0,12,301
2025-03-02,SKU040,396,0,12,301
2025-03-09,SKU040,688,0,12,301
2025-03-16,SKU040,533,0,12,301
2025-03-23,SKU040,316,0,12,301
2025-03-30,SKU040,176,477,12,301
2025-04-06,SKU040,67,328,12,301
2025-04-13,SKU040,0,376,12,301
2025-04-20,SKU040,472,0,12,301
2025-04-27,SKU040,327,0,12,301
2025-05-04,SKU040,202,312,12,301
2025-05-11,SKU040,107,227,12,301
2025-05-18,SKU040,324,0,12,301
2025-05-25,SKU040,201,264,12,301
2025-06-01,SKU040,353,0,12,301
2025-06-08,SKU040,644,0,12,301
2025-06-15,SKU040,440,0,12,301
2025-06-22,SKU040,491,0,12,301
2025-06-29,SKU040,383,0,12,301
2025-07-06,SKU040,259,310,12,301
2025-07-13,SKU040,466,0,12,301
2025-07-20,SKU040,365,0,12,301
2025-07-27,SKU040,243,273,12,301
2025-08-03,SKU040,106,386,12,301
2025-08-10,SKU040,0,283,12,301
2025-08-17,SKU040,0,339,12,301
2025-08-24,SKU040,320,0,12,301
2025-08-31,SKU040,206,514,12,301
2025-09-07,SKU040,309,0,12,301
2025-09-14,SKU040,152,368,12,301
2025-09-21,SKU040,455,0,12,301
2025-09-28,SKU040,330,0,12,301
2025-10-05,SKU040,162,474,12,301
2025-10-12,SKU040,322,0,12,301
2025-10-19,SKU040,175,431,12,301
2025-10-26,SKU040,277,0,12,301
2025-11-02,SKU040,586,0,12,301
2025-11-09,SKU040,399,0,12,301
2025-11-16,SKU040,262,260,12,301
2025-11-23,SKU040,367,0,12,301
2025-11-30,SKU040,145,367,12,301
2025-12-07,SKU040,283,0,12,301
2025-12-14,SKU040,540,0,12,301
2025-12-21,SKU040,383,0,12,301
2025-12-28,SKU040,740,0,12,301
2024-01-07,SKU041,326,0,7,103
2024-01-14,SKU041,216,0,7,103
2024-01-21,SKU041,134,0,7,103
2024-01-28,SKU041,196,0,7,103
2024-02-04,SKU041,88,310,7,103
2024-02-11,SKU041,7,158,7,103
2024-02-18,SKU041,173,0,7,103
2024-02-25,SKU041,89,357,7,103
2024-03-03,SKU041,3,266,7,103
2024-03-10,SKU041,209,0,7,103
2024-03-17,SKU041,448,0,7,103
2024-03-24,SKU041,341,0,7,103
2024-03-31,SKU041,244,0,7,103
2024-04-07,SKU041,156,0,7,103
2024-04-14,SKU041,56,267,7,103
2024-04-21,SKU041,239,0,7,103
2024-04-28,SKU041,135,0,7,103
2024-05-05,SKU041,48,270,7,103
2024-05-12,SKU041,0,189,7,103
2024-05-19,SKU041,0,259,7,103
2024-05-26,SKU041,150,0,7,103
2024-06-02,SKU041,374,0,7,103
2024-06-09,SKU041,279,0,7,103
2024-06-16,SKU041,188,0,7,103
2024-06-23,SKU041,316,0,7,103
2024-06-30,SKU041,214,0,7,103
2024-07-07,SKU041,118,0,7,103
2024-07-14,SKU041,326,0,7,103
2024-07-21,SKU041,314,0,7,103
2024-07-28,SKU041,237,0,7,103
2024-08-04,SKU041,158,0,7,103
2024-08-11,SKU041,382,0,7,103
2024-08-18,SKU041,273,0,7,103
2024-08-25,SKU041,187,0,7,103
2024-09-01,SKU041,104,0,7,103
2024-09-08,SKU041,294,0,7,103
2024-09-15,SKU041,219,0,7,103
2024-09-22,SKU041,145,0,7,103
2024-09-29,SKU041,289,0,7,103
2024-10-06,SKU041,217,0,7,103
2024-10-13,SKU041,407,0,7,103
2024-10-20,SKU041,297,0,7,103
2024-10-27,SKU041,182,0,7,103
2024-11-03,SKU041,367,0,7,103
2024-11-10,SKU041,240,0,7,103
2024-11-17,SKU041,128,0,7,103
2024-11-24,SKU041,213,0,7,103
2024-12-01,SKU041,231,0,7,103
2024-12-08,SKU041,356,0,7,103
2024-12-15,SKU041,269,0,7,103
2024-12-22,SKU041,155,0,7,103
2024-12-29,SKU041,54,244,7,103
2025-01-05,SKU041,332,0,7,103
2025-01-12,SKU041,254,0,7,103
2025-01-19,SKU041,183,0,7,103
2025-01-26,SKU041,107,0,7,103
2025-02-02,SKU041,340,0,7,103
2025-02-09,SKU041,250,0,7,103
2025-02-16,SKU041,157,0,7,103
2025-02-23,SKU041,80,227,7,103
2025-03-02,SKU041,163,0,7,103
2025-03-09,SKU041,64,239,7,103
2025-03-16,SKU041,0,153,7,103
2025-03-23,SKU041,308,0,7,103
2025-03-30,SKU041,215,0,7,103
2025-04-06,SKU041,130,0,7,103
2025-04-13,SKU041,272,0,7,103
2025-04-20,SKU041,164,0,7,103
2025-04-27,SKU041,344,0,7,103
2025-05-04,SKU041,262,0,7,103
2025-05-11,SKU041,198,0,7,103
2025-05-18,SKU041,130,0,7,103
2025-05-25,SKU041,43,191,7,103
2025-06-01,SKU041,262,0,7,103
2025-06-08,SKU041,182,0,7,103
2025-06-15,SKU041,233,0,7,103
2025-06-22,SKU041,146,0,7,103
2025-06-29,SKU041,79,198,7,103
2025-07-06,SKU041,205,0,7,103
2025-07-13,SKU041,136,0,7,103
2025-07-20,SKU041,351,0,7,103
2025-07-27,SKU041,290,0,7,103
2025-08-03,SKU041,219,0,7,103
2025-08-10,SKU041,125,0,7,103
2025-08-17,SKU041,14,226,7,103
2025-08-24,SKU041,260,0,7,103
2025-08-31,SKU041,158,0,7,103
2025-09-07,SKU041,311,0,7,103
2025-09-14,SKU041,241,0,7,103
2025-09-21,SKU041,172,0,7,103
2025-09-28,SKU041,375,0,7,103
2025-10-05,SKU041,286,0,7,103
2025-10-12,SKU041,184,0,7,103
2025-10-19,SKU041,90,201,7,103
2025-10-26,SKU041,0,206,7,103
2025-11-02,SKU041,298,0,7,103
2025-11-09,SKU041,177,0,7,103
2025-11-16,SKU041,67,295,7,103
2025-11-23,SKU041,246,0,7,103
2025-11-30,SKU041,68,270,7,103
2025-12-07,SKU041,152,0,7,103
2025-12-14,SKU041,48,306,7,103
2025-12-21,SKU041,0,338,7,103
2025-12-28,SKU041,0,287,7,103
2024-01-07,SKU042,85,0,2,21
2024-01-14,SKU042,37,0,2,21
2024-01-21,SKU042,0,129,2,21
2024-01-28,SKU042,95,0,2,21
2024-02-04,SKU042,35,0,2,21
2024-02-11,SKU042,126,0,2,21
2024-02-18,SKU042,63,0,2,21
2024-02-25,SKU042,14,166,2,21
2024-03-03,SKU042,0,105,2,21
2024-03-10,SKU042,91,0,2,21
2024-03-17,SKU042,43,0,2,21
2024-03-24,SKU042,195,0,2,21
2024-03-31,SKU042,139,0,2,21
2024-04-07,SKU042,132,0,2,21
2024-04-14,SKU042,97,0,2,21
2024-04-21,SKU042,60,0,2,21
2024-04-28,SKU042,19,206,2,21
2024-05-05,SKU042,188,0,2,21
2024-05-12,SKU042,150,0,2,21
2024-05-19,SKU042,111,0,2,21
2024-05-26,SKU042,71,0,2,21
2024-06-02,SKU042,22,0,2,21
2024-06-09,SKU042,159,0,2,21
2024-06-16,SKU042,97,0,2,21
2024-06-23,SKU042,51,0,2,21
2024-06-30,SKU042,13,190,2,21
2024-07-07,SKU042,0,164,2,21
2024-07-14,SKU042,140,0,2,21
2024-07-21,SKU042,94,0,2,21
2024-07-28,SKU042,51,0,2,21
2024-08-04,SKU042,12,150,2,21
2024-08-11,SKU042,141,0,2,21
2024-08-18,SKU042,81,0,2,21
2024-08-25,SKU042,29,0,2,21
2024-09-01,SKU042,144,0,2,21
2024-09-08,SKU042,98,0,2,21
2024-09-15,SKU042,58,0,2,21
2024-09-22,SKU042,128,0,2,21
2024-09-29,SKU042,82,0,2,21
2024-10-06,SKU042,35,0,2,21
2024-10-13,SKU042,166,0,2,21
2024-10-20,SKU042,101,0,2,21
2024-10-27,SKU042,27,0,2,21
2024-11-03,SKU042,111,0,2,21
2024-11-10,SKU042,40,0,2,21
2024-11-17,SKU042,0,151,2,21
2024-11-24,SKU042,199,0,2,21
2024-12-01,SKU042,128,0,2,21
2024-12-08,SKU042,60,0,2,21
2024-12-15,SKU042,123,0,2,21
2024-12-22,SKU042,70,0,2,21
2024-12-29,SKU042,1,115,2,21
2025-01-05,SKU042,114,0,2,21
2025-01-12,SKU042,63,0,2,21
2025-01-19,SKU042,22,0,2,21
2025-01-26,SKU042,0,183,2,21
2025-02-02,SKU042,0,153,2,21
2025-02-09,SKU042,0,145,2,21
2025-02-16,SKU042,0,151,2,21
2025-02-23,SKU042,144,0,2,21
2025-03-02,SKU042,96,0,2,21
2025-03-09,SKU042,43,0,2,21
2025-03-16,SKU042,104,0,2,21
2025-03-23,SKU042,36,0,2,21
2025-03-30,SKU042,203,0,2,21
2025-04-06,SKU042,156,0,2,21
2025-04-13,SKU042,106,0,2,21
2025-04-20,SKU042,58,0,2,21
2025-04-27,SKU042,112,0,2,21
2025-05-04,SKU042,50,0,2,21
2025-05-11,SKU042,7,193,2,21
2025-05-18,SKU042,0,156,2,21
2025-05-25,SKU042,0,125,2,21
2025-06-01,SKU042,0,154,2,21
2025-06-08,SKU042,0,102,2,21
2025-06-15,SKU042,124,0,2,21
2025-06-22,SKU042,53,0,2,21
2025-06-29,SKU042,12,156,2,21
2025-07-06,SKU042,172,0,2,21
2025-07-13,SKU042,125,0,2,21
2025-07-20,SKU042,74,0,2,21
2025-07-27,SKU042,28,0,2,21
2025-08-03,SKU042,0,96,2,21
2025-08-10,SKU042,0,94,2,21
2025-08-17,SKU042,92,0,2,21
2025-08-24,SKU042,42,0,2,21
2025-08-31,SKU042,2,174,2,21
2025-09-07,SKU042,119,0,2,21
2025-09-14,SKU042,61,0,2,21
2025-09-21,SKU042,190,0,2,21
2025-09-28,SKU042,142,0,2,21
2025-10-05,SKU042,87,0,2,21
2025-10-12,SKU042,37,0,2,21
2025-10-19,SKU042,121,0,2,21
2025-10-26,SKU042,109,0,2,21
2025-11-02,SKU042,134,0,2,21
2025-11-09,SKU042,64,0,2,21
2025-11-16,SKU042,14,120,2,21
2025-11-23,SKU042,0,114,2,21
2025-11-30,SKU042,137,0,2,21
2025-12-07,SKU042,52,0,2,21
2025-12-14,SKU042,0,192,2,21
2025-12-21,SKU042,0,132,2,21
2025-12-28,SKU042,170,0,2,21
2024-01-07,SKU043,152,0,13,91
2024-01-14,SKU043,115,0,13,91
2024-01-21,SKU043,75,137,13,91
2024-01-28,SKU043,41,89,13,91
2024-02-04,SKU043,103,0,13,91
2024-02-11,SKU043,202,0,13,91
2024-02-18,SKU043,169,0,13,91
2024-02-25,SKU043,133,0,13,91
2024-03-03,SKU043,96,0,13,91
2024-03-10,SKU043,127,0,13,91
2024-03-17,SKU043,92,0,13,91
2024-03-24,SKU043,53,127,13,91
2024-03-31,SKU043,129,0,13,91
2024-04-07,SKU043,189,0,13,91
2024-04-14,SKU043,151,0,13,91
2024-04-21,SKU043,113,0,13,91
2024-04-28,SKU043,72,98,13,91
2024-05-05,SKU043,165,0,13,91
2024-05-12,SKU043,137,0,13,91
2024-05-19,SKU043,112,0,13,91
2024-05-26,SKU043,176,0,13,91
2024-06-02,SKU043,146,0,13,91
2024-06-09,SKU043,116,0,13,91
2024-06-16,SKU043,163,0,13,91
2024-06-23,SKU043,125,0,13,91
2024-06-30,SKU043,102,0,13,91
2024-07-07,SKU043,180,0,13,91
2024-07-14,SKU043,154,0,13,91
2024-07-21,SKU043,127,0,13,91
2024-07-28,SKU043,107,0,13,91
2024-08-04,SKU043,213,0,13,91
2024-08-11,SKU043,183,0,13,91
2024-08-18,SKU043,145,0,13,91
2024-08-25,SKU043,108,0,13,91
2024-09-01,SKU043,187,0,13,91
2024-09-08,SKU043,160,0,13,91
2024-09-15,SKU043,133,0,13,91
2024-09-22,SKU043,109,0,13,91
2024-09-29,SKU043,160,0,13,91
2024-10-06,SKU043,119,0,13,91
2024-10-13,SKU043,184,0,13,91
2024-10-20,SKU043,143,0,13,91
2024-10-27,SKU043,190,0,13,91
2024-11-03,SKU043,129,0,13,91
2024-11-10,SKU043,190,0,13,91
2024-11-17,SKU043,157,0,13,91
2024-11-24,SKU043,103,0,13,91
2024-12-01,SKU043,169,0,13,91
2024-12-08,SKU043,126,0,13,91
2024-12-15,SKU043,92,0,13,91
2024-12-22,SKU043,65,81,13,91
2024-12-29,SKU043,30,120,13,91
2025-01-05,SKU043,0,62,13,91
2025-01-12,SKU043,70,0,13,91
2025-01-19,SKU043,41,96,13,91
2025-01-26,SKU043,12,69,13,91
2025-02-02,SKU043,137,0,13,91
2025-02-09,SKU043,111,0,13,91
2025-02-16,SKU043,80,133,13,91
2025-02-23,SKU043,180,0,13,91
2025-03-02,SKU043,150,0,13,91
2025-03-09,SKU043,120,0,13,91
2025-03-16,SKU043,82,113,13,91
2025-03-23,SKU043,28,101,13,91
2025-03-30,SKU043,0,114,13,91
2025-04-06,SKU043,0,84,13,91
2025-04-13,SKU043,119,0,13,91
2025-04-20,SKU043,201,0,13,91
2025-04-27,SKU043,164,0,13,91
2025-05-04,SKU043,129,0,13,91
2025-05-11,SKU043,98,0,13,91
2025-05-18,SKU043,68,98,13,91
2025-05-25,SKU043,37,83,13,91
2025-06-01,SKU043,77,0,13,91
2025-06-08,SKU043,171,0,13,91
2025-06-15,SKU043,126,0,13,91
2025-06-22,SKU043,198,0,13,91
2025-06-29,SKU043,168,0,13,91
2025-07-06,SKU043,130,0,13,91
2025-07-13,SKU043,95,0,13,91
2025-07-20,SKU043,62,56,13,91
2025-07-27,SKU043,118,0,13,91
2025-08-03,SKU043,92,0,13,91
2025-08-10,SKU043,186,0,13,91
2025-08-17,SKU043,146,0,13,91
2025-08-24,SKU043,112,0,13,91
2025-08-31,SKU043,181,0,13,91
2025-09-07,SKU043,144,0,13,91
2025-09-14,SKU043,108,0,13,91
2025-09-21,SKU043,75,92,13,91
2025-09-28,SKU043,43,77,13,91
2025-10-05,SKU043,4,103,13,91
2025-10-12,SKU043,80,0,13,91
2025-10-19,SKU043,32,61,13,91
2025-10-26,SKU043,106,0,13,91
2025-11-02,SKU043,44,130,13,91
2025-11-09,SKU043,0,89,13,91
2025-11-16,SKU043,0,134,13,91
2025-11-23,SKU043,0,124,13,91
2025-11-30,SKU043,77,0,13,91
2025-12-07,SKU043,157,0,13,91
2025-12-14,SKU043,107,0,13,91
2025-12-21,SKU043,70,107,13,91
2025-12-28,SKU043,111,0,13,91
2024-01-07,SKU044,126,0,3,25
2024-01-14,SKU044,77,0,3,25
2024-01-21,SKU044,29,0,3,25
2024-01-28,SKU044,123,0,3,25
2024-02-04,SKU044,79,0,3,25
2024-02-11,SKU044,34,0,3,25
2024-02-18,SKU044,156,0,3,25
2024-02-25,SKU044,111,0,3,25
2024-03-03,SKU044,61,0,3,25
2024-03-10,SKU044,135,0,3,25
2024-03-17,SKU044,85,0,3,25
2024-03-24,SKU044,37,0,3,25
2024-03-31,SKU044,0,138,3,25
2024-04-07,SKU044,0,124,3,25
2024-04-14,SKU044,77,0,3,25
2024-04-21,SKU044,38,0,3,25
2024-04-28,SKU044,92,0,3,25
2024-05-05,SKU044,50,0,3,25
2024-05-12,SKU044,107,0,3,25
2024-05-19,SKU044,69,0,3,25
2024-05-26,SKU044,26,0,3,25
2024-06-02,SKU044,0,116,3,25
2024-06-09,SKU044,111,0,3,25
2024-06-16,SKU044,73,0,3,25
2024-06-23,SKU044,33,0,3,25
2024-06-30,SKU044,124,0,3,25
2024-07-07,SKU044,84,0,3,25
2024-07-14,SKU044,44,0,3,25
2024-07-21,SKU044,130,0,3,25
2024-07-28,SKU044,88,0,3,25
2024-08-04,SKU044,46,0,3,25
2024-08-11,SKU044,149,0,3,25
2024-08-18,SKU044,109,0,3,25
2024-08-25,SKU044,64,0,3,25
2024-09-01,SKU044,146,0,3,25
2024-09-08,SKU044,138,0,3,25
2024-09-15,SKU044,109,0,3,25
2024-09-22,SKU044,70,0,3,25
2024-09-29,SKU044,34,0,3,25
2024-10-06,SKU044,0,133,3,25
2024-10-13,SKU044,151,0,3,25
2024-10-20,SKU044,98,0,3,25
2024-10-27,SKU044,36,0,3,25
2024-11-03,SKU044,0,163,3,25
2024-11-10,SKU044,126,0,3,25
2024-11-17,SKU044,78,0,3,25
2024-11-24,SKU044,100,0,3,25
2024-12-01,SKU044,34,0,3,25
2024-12-08,SKU044,82,0,3,25
2024-12-15,SKU044,33,0,3,25
2024-12-22,SKU044,145,0,3,25
2024-12-29,SKU044,108,0,3,25
2025-01-05,SKU044,74,0,3,25
2025-01-12,SKU044,36,0,3,25
2025-01-19,SKU044,146,0,3,25
2025-01-26,SKU044,112,0,3,25
2025-02-02,SKU044,84,0,3,25
2025-02-09,SKU044,47,0,3,25
2025-02-16,SKU044,144,0,3,25
2025-02-23,SKU044,114,0,3,25
2025-03-02,SKU044,73,0,3,25
2025-03-09,SKU044,42,0,3,25
2025-03-16,SKU044,126,0,3,25
2025-03-23,SKU044,82,0,3,25
2025-03-30,SKU044,38,0,3,25
2025-04-06,SKU044,6,125,3,25
2025-04-13,SKU044,152,0,3,25
2025-04-20,SKU044,119,0,3,25
2025-04-27,SKU044,83,0,3,25
2025-05-04,SKU044,55,0,3,25
2025-05-11,SKU044,9,81,3,25
2025-05-18,SKU044,135,0,3,25
2025-05-25,SKU044,102,0,3,25
2025-06-01,SKU044,62,0,3,25
2025-06-08,SKU044,26,0,3,25
2025-06-15,SKU044,124,0,3,25
2025-06-22,SKU044,78,0,3,25
2025-06-29,SKU044,38,0,3,25
2025-07-06,SKU044,112,0,3,25
2025-07-13,SKU044,67,0,3,25
2025-07-20,SKU044,33,0,3,25
2025-07-27,SKU044,3,95,3,25
2025-08-03,SKU044,157,0,3,25
2025-08-10,SKU044,119,0,3,25
2025-08-17,SKU044,72,0,3,25
2025-08-24,SKU044,144,0,3,25
2025-08-31,SKU044,108,0,3,25
2025-09-07,SKU044,74,0,3,25
2025-09-14,SKU044,41,0,3,25
2025-09-21,SKU044,129,0,3,25
2025-09-28,SKU044,87,0,3,25
2025-10-05,SKU044,42,0,3,25
2025-10-12,SKU044,111,0,3,25
2025-10-19,SKU044,69,0,3,25
2025-10-26,SKU044,137,0,3,25
2025-11-02,SKU044,74,0,3,25
2025-11-09,SKU044,150,0,3,25
2025-11-16,SKU044,95,0,3,25
2025-11-23,SKU044,40,0,3,25
2025-11-30,SKU044,139,0,3,25
2025-12-07,SKU044,87,0,3,25
2025-12-14,SKU044,36,0,3,25
2025-12-21,SKU044,0,71,3,25
2025-12-28,SKU044,0,95,3,25
2024-01-07,SKU045,301,0,5,132
2024-01-14,SKU045,149,0,5,132
2024-01-21,SKU045,414,0,5,132
2024-01-28,SKU045,276,0,5,132
2024-02-04,SKU045,590,0,5,132
2024-02-11,SKU045,460,0,5,132
2024-02-18,SKU045,315,0,5,132
2024-02-25,SKU045,190,0,5,132
2024-03-03,SKU045,36,216,5,132
2024-03-10,SKU045,491,0,5,132
2024-03-17,SKU045,355,0,5,132
2024-03-24,SKU045,221,0,5,132
2024-03-31,SKU045,81,399,5,132
2024-04-07,SKU045,434,0,5,132
2024-04-14,SKU045,296,0,5,132
2024-04-21,SKU045,161,0,5,132
2024-04-28,SKU045,233,0,5,132
2024-05-05,SKU045,599,0,5,132
2024-05-12,SKU045,483,0,5,132
2024-05-19,SKU045,336,0,5,132
2024-05-26,SKU045,324,0,5,132
2024-06-02,SKU045,203,0,5,132
2024-06-09,SKU045,423,0,5,132
2024-06-16,SKU045,245,0,5,132
2024-06-23,SKU045,138,0,5,132
2024-06-30,SKU045,42,270,5,132
2024-07-07,SKU045,0,247,5,132
2024-07-14,SKU045,482,0,5,132
2024-07-21,SKU045,390,0,5,132
2024-07-28,SKU045,294,0,5,132
2024-08-04,SKU045,197,0,5,132
2024-08-11,SKU045,81,388,5,132
2024-08-18,SKU045,238,0,5,132
2024-08-25,SKU045,426,0,5,132
2024-09-01,SKU045,318,0,5,132
2024-09-08,SKU045,210,0,5,132
2024-09-15,SKU045,583,0,5,132
2024-09-22,SKU045,470,0,5,132
2024-09-29,SKU045,363,0,5,132
2024-10-06,SKU045,214,0,5,132
2024-10-13,SKU045,71,495,5,132
2024-10-20,SKU045,0,413,5,132
2024-10-27,SKU045,315,0,5,132
2024-11-03,SKU045,433,0,5,132
2024-11-10,SKU045,278,0,5,132
2024-11-17,SKU045,156,0,5,132
2024-11-24,SKU045,254,0,5,132
2024-12-01,SKU045,429,0,5,132
2024-12-08,SKU045,243,0,5,132
2024-12-15,SKU045,120,273,5,132
2024-12-22,SKU045,10,341,5,132
2024-12-29,SKU045,223,0,5,132
2025-01-05,SKU045,101,475,5,132
2025-01-12,SKU045,392,0,5,132
2025-01-19,SKU045,280,0,5,132
2025-01-26,SKU045,178,0,5,132
2025-02-02,SKU045,593,0,5,132
2025-02-09,SKU045,469,0,5,132
2025-02-16,SKU045,351,0,5,132
2025-02-23,SKU045,231,0,5,132
2025-03-02,SKU045,84,344,5,132
2025-03-09,SKU045,512,0,5,132
2025-03-16,SKU045,358,0,5,132
2025-03-23,SKU045,151,0,5,132
2025-03-30,SKU045,477,0,5,132
2025-04-06,SKU045,368,0,5,132
2025-04-13,SKU045,247,0,5,132
2025-04-20,SKU045,112,212,5,132
2025-04-27,SKU045,0,235,5,132
2025-05-04,SKU045,252,0,5,132
2025-05-11,SKU045,146,0,5,132
2025-05-18,SKU045,319,0,5,132
2025-05-25,SKU045,178,0,5,132
2025-06-01,SKU045,52,378,5,132
2025-06-08,SKU045,314,0,5,132
2025-06-15,SKU045,143,0,5,132
2025-06-22,SKU045,0,257,5,132
2025-06-29,SKU045,394,0,5,132
2025-07-06,SKU045,286,0,5,132
2025-07-13,SKU045,185,0,5,132
2025-07-20,SKU045,88,493,5,132
2025-07-27,SKU045,399,0,5,132
2025-08-03,SKU045,283,0,5,132
2025-08-10,SKU045,152,0,5,132
2025-08-17,SKU045,247,0,5,132
2025-08-24,SKU045,554,0,5,132
2025-08-31,SKU045,424,0,5,132
2025-09-07,SKU045,323,0,5,132
2025-09-14,SKU045,207,0,5,132
2025-09-21,SKU045,48,304,5,132
2025-09-28,SKU045,420,0,5,132
2025-10-05,SKU045,273,0,5,132
2025-10-12,SKU045,457,0,5,132
2025-10-19,SKU045,327,0,5,132
2025-10-26,SKU045,66,513,5,132
2025-11-02,SKU045,405,0,5,132
2025-11-09,SKU045,196,0,5,132
2025-11-16,SKU045,523,0,5,132
2025-11-23,SKU045,367,0,5,132
2025-11-30,SKU045,135,0,5,132
2025-12-07,SKU045,365,0,5,132
2025-12-14,SKU045,232,0,5,132
2025-12-21,SKU045,271,0,5,132
2025-12-28,SKU045,154,0,5,132
2024-01-07,SKU046,57,0,2,7
2024-01-14,SKU046,37,0,2,7
2024-01-21,SKU046,12,0,2,7
2024-01-28,SKU046,0,81,2,7
2024-02-04,SKU046,51,0,2,7
2024-02-11,SKU046,29,0,2,7
2024-02-18,SKU046,9,0,2,7
2024-02-25,SKU046,72,0,2,7
2024-03-03,SKU046,52,0,2,7
2024-03-10,SKU046,31,0,2,7
2024-03-17,SKU046,11,0,2,7
2024-03-24,SKU046,0,72,2,7
2024-03-31,SKU046,84,0,2,7
2024-04-07,SKU046,65,0,2,7
2024-04-14,SKU046,42,0,2,7
2024-04-21,SKU046,23,0,2,7
2024-04-28,SKU046,70,0,2,7
2024-05-05,SKU046,46,0,2,7
2024-05-12,SKU046,32,0,2,7
2024-05-19,SKU046,13,0,2,7
2024-05-26,SKU046,56,0,2,7
2024-06-02,SKU046,35,0,2,7
2024-06-09,SKU046,17,0,2,7
2024-06-16,SKU046,49,0,2,7
2024-06-23,SKU046,19,0,2,7
2024-06-30,SKU046,3,45,2,7
2024-07-07,SKU046,58,0,2,7
2024-07-14,SKU046,39,0,2,7
2024-07-21,SKU046,23,0,2,7
2024-07-28,SKU046,55,0,2,7
2024-08-04,SKU046,37,0,2,7
2024-08-11,SKU046,15,0,2,7
2024-08-18,SKU046,66,0,2,7
2024-08-25,SKU046,44,0,2,7
2024-09-01,SKU046,20,0,2,7
2024-09-08,SKU046,65,0,2,7
2024-09-15,SKU046,48,0,2,7
2024-09-22,SKU046,32,0,2,7
2024-09-29,SKU046,11,0,2,7
2024-10-06,SKU046,0,62,2,7
2024-10-13,SKU046,79,0,2,7
2024-10-20,SKU046,53,0,2,7
2024-10-27,SKU046,16,0,2,7
2024-11-03,SKU046,54,0,2,7
2024-11-10,SKU046,25,0,2,7
2024-11-17,SKU046,52,0,2,7
2024-11-24,SKU046,14,0,2,7
2024-12-01,SKU046,40,0,2,7
2024-12-08,SKU046,15,0,2,7
2024-12-15,SKU046,61,0,2,7
2024-12-22,SKU046,38,0,2,7
2024-12-29,SKU046,17,0,2,7
2025-01-05,SKU046,78,0,2,7
2025-01-12,SKU046,59,0,2,7
2025-01-19,SKU046,36,0,2,7
2025-01-26,SKU046,18,0,2,7
2025-02-02,SKU046,78,0,2,7
2025-02-09,SKU046,57,0,2,7
2025-02-16,SKU046,40,0,2,7
2025-02-23,SKU046,20,0,2,7
2025-03-02,SKU046,0,36,2,7
2025-03-09,SKU046,73,0,2,7
2025-03-16,SKU046,51,0,2,7
2025-03-23,SKU046,18,0,2,7
2025-03-30,SKU046,35,0,2,7
2025-04-06,SKU046,20,0,2,7
2025-04-13,SKU046,1,71,2,7
2025-04-20,SKU046,0,40,2,7
2025-04-27,SKU046,41,0,2,7
2025-05-04,SKU046,23,0,2,7
2025-05-11,SKU046,77,0,2,7
2025-05-18,SKU046,60,0,2,7
2025-05-25,SKU046,37,0,2,7
2025-06-01,SKU046,17,0,2,7
2025-06-08,SKU046,73,0,2,7
2025-06-15,SKU046,46,0,2,7
2025-06-22,SKU046,18,0,2,7
2025-06-29,SKU046,58,0,2,7
2025-07-06,SKU046,40,0,2,7
2025-07-13,SKU046,23,0,2,7
2025-07-20,SKU046,78,0,2,7
2025-07-27,SKU046,62,0,2,7
2025-08-03,SKU046,40,0,2,7
2025-08-10,SKU046,20,0,2,7
2025-08-17,SKU046,0,49,2,7
2025-08-24,SKU046,64,0,2,7
2025-08-31,SKU046,47,0,2,7
2025-09-07,SKU046,28,0,2,7
2025-09-14,SKU046,11,0,2,7
2025-09-21,SKU046,0,48,2,7
2025-09-28,SKU046,0,48,2,7
2025-10-05,SKU046,47,0,2,7
2025-10-12,SKU046,26,0,2,7
2025-10-19,SKU046,7,80,2,7
2025-10-26,SKU046,47,0,2,7
2025-11-02,SKU046,12,0,2,7
2025-11-09,SKU046,0,83,2,7
2025-11-16,SKU046,67,0,2,7
2025-11-23,SKU046,40,0,2,7
2025-11-30,SKU046,14,0,2,7
2025-12-07,SKU046,0,63,2,7
2025-12-14,SKU046,0,53,2,7
2025-12-21,SKU046,84,0,2,7
2025-12-28,SKU046,67,0,2,7
2024-01-07,SKU047,163,0,12,113
2024-01-14,SKU047,259,0,12,113
2024-01-21,SKU047,206,0,12,113
2024-01-28,SKU047,155,0,12,113
2024-02-04,SKU047,260,0,12,113
2024-02-11,SKU047,217,0,12,113
2024-02-18,SKU047,177,0,12,113
2024-02-25,SKU047,128,0,12,113
2024-03-03,SKU047,184,0,12,113
2024-03-10,SKU047,135,0,12,113
2024-03-17,SKU047,192,0,12,113
2024-03-24,SKU047,147,0,12,113
2024-03-31,SKU047,197,0,12,113
2024-04-07,SKU047,152,0,12,113
2024-04-14,SKU047,214,0,12,113
2024-04-21,SKU047,166,0,12,113
2024-04-28,SKU047,122,0,12,113
2024-05-05,SKU047,78,112,12,113
2024-05-12,SKU047,140,0,12,113
2024-05-19,SKU047,98,146,12,113
2024-05-26,SKU047,217,0,12,113
2024-06-02,SKU047,195,0,12,113
2024-06-09,SKU047,161,0,12,113
2024-06-16,SKU047,99,104,12,113
2024-06-23,SKU047,64,164,12,113
2024-06-30,SKU047,139,0,12,113
2024-07-07,SKU047,111,166,12,113
2024-07-14,SKU047,227,0,12,113
2024-07-21,SKU047,186,0,12,113
2024-07-28,SKU047,143,0,12,113
2024-08-04,SKU047,186,0,12,113
2024-08-11,SKU047,147,0,12,113
2024-08-18,SKU047,281,0,12,113
2024-08-25,SKU047,231,0,12,113
2024-09-01,SKU047,185,0,12,113
2024-09-08,SKU047,151,0,12,113
2024-09-15,SKU047,116,0,12,113
2024-09-22,SKU047,154,0,12,113
2024-09-29,SKU047,116,0,12,113
2024-10-06,SKU047,166,0,12,113
2024-10-13,SKU047,118,0,12,113
2024-10-20,SKU047,193,0,12,113
2024-10-27,SKU047,123,0,12,113
2024-11-03,SKU047,144,0,12,113
2024-11-10,SKU047,94,176,12,113
2024-11-17,SKU047,122,0,12,113
2024-11-24,SKU047,164,0,12,113
2024-12-01,SKU047,222,0,12,113
2024-12-08,SKU047,163,0,12,113
2024-12-15,SKU047,108,122,12,113
2024-12-22,SKU047,221,0,12,113
2024-12-29,SKU047,169,0,12,113
2025-01-05,SKU047,129,0,12,113
2025-01-12,SKU047,182,0,12,113
2025-01-19,SKU047,145,0,12,113
2025-01-26,SKU047,218,0,12,113
2025-02-02,SKU047,182,0,12,113
2025-02-09,SKU047,139,0,12,113
2025-02-16,SKU047,281,0,12,113
2025-02-23,SKU047,244,0,12,113
2025-03-02,SKU047,202,0,12,113
2025-03-09,SKU047,161,0,12,113
2025-03-16,SKU047,202,0,12,113
2025-03-23,SKU047,134,0,12,113
2025-03-30,SKU047,182,0,12,113
2025-04-06,SKU047,142,0,12,113
2025-04-13,SKU047,104,111,12,113
2025-04-20,SKU047,226,0,12,113
2025-04-27,SKU047,175,0,12,113
2025-05-04,SKU047,127,0,12,113
2025-05-11,SKU047,169,0,12,113
2025-05-18,SKU047,129,0,12,113
2025-05-25,SKU047,245,0,12,113
2025-06-01,SKU047,197,0,12,113
2025-06-08,SKU047,165,0,12,113
2025-06-15,SKU047,103,169,12,113
2025-06-22,SKU047,167,0,12,113
2025-06-29,SKU047,131,0,12,113
2025-07-06,SKU047,93,161,12,113
2025-07-13,SKU047,50,153,12,113
2025-07-20,SKU047,147,0,12,113
2025-07-27,SKU047,272,0,12,113
2025-08-03,SKU047,218,0,12,113
2025-08-10,SKU047,179,0,12,113
2025-08-17,SKU047,215,0,12,113
2025-08-24,SKU047,169,0,12,113
2025-08-31,SKU047,126,0,12,113
2025-09-07,SKU047,180,0,12,113
2025-09-14,SKU047,137,0,12,113
2025-09-21,SKU047,267,0,12,113
2025-09-28,SKU047,231,0,12,113
2025-10-05,SKU047,174,0,12,113
2025-10-12,SKU047,123,0,12,113
2025-10-19,SKU047,144,0,12,113
2025-10-26,SKU047,220,0,12,113
2025-11-02,SKU047,124,0,12,113
2025-11-09,SKU047,57,110,12,113
2025-11-16,SKU047,94,0,12,113
2025-11-23,SKU047,194,0,12,113
2025-11-30,SKU047,130,0,12,113
2025-12-07,SKU047,130,0,12,113
2025-12-14,SKU047,82,145,12,113
2025-12-21,SKU047,37,123,12,113
2025-12-28,SKU047,174,0,12,113
2024-01-07,SKU048,125,0,9,90
2024-01-14,SKU048,250,0,9,90
2024-01-21,SKU048,194,0,9,90
2024-01-28,SKU048,137,0,9,90
2024-02-04,SKU048,81,239,9,90
2024-02-11,SKU048,25,121,9,90
2024-02-18,SKU048,177,0,9,90
2024-02-25,SKU048,105,0,9,90
2024-03-03,SKU048,39,142,9,90
2024-03-10,SKU048,177,0,9,90
2024-03-17,SKU048,120,0,9,90
2024-03-24,SKU048,61,167,9,90
2024-03-31,SKU048,123,0,9,90
2024-04-07,SKU048,227,0,9,90
2024-04-14,SKU048,163,0,9,90
2024-04-21,SKU048,90,107,9,90
2024-04-28,SKU048,143,0,9,90
2024-05-05,SKU048,173,0,9,90
2024-05-12,SKU048,101,0,9,90
2024-05-19,SKU048,28,188,9,90
2024-05-26,SKU048,0,235,9,90
2024-06-02,SKU048,157,0,9,90
2024-06-09,SKU048,96,0,9,90
2024-06-16,SKU048,140,0,9,90
2024-06-23,SKU048,84,181,9,90
2024-06-30,SKU048,205,0,9,90
2024-07-07,SKU048,149,0,9,90
2024-07-14,SKU048,92,0,9,90
2024-07-21,SKU048,157,0,9,90
2024-07-28,SKU048,94,0,9,90
2024-08-04,SKU048,208,0,9,90
2024-08-11,SKU048,144,0,9,90
2024-08-18,SKU048,305,0,9,90
2024-08-25,SKU048,241,0,9,90
2024-09-01,SKU048,169,0,9,90
2024-09-08,SKU048,104,0,9,90
2024-09-15,SKU048,45,132,9,90
2024-09-22,SKU048,223,0,9,90
2024-09-29,SKU048,152,0,9,90
2024-10-06,SKU048,93,0,9,90
2024-10-13,SKU048,27,213,9,90
2024-10-20,SKU048,0,225,9,90
2024-10-27,SKU048,0,145,9,90
2024-11-03,SKU048,216,0,9,90
2024-11-10,SKU048,141,0,9,90
2024-11-17,SKU048,74,168,9,90
2024-11-24,SKU048,185,0,9,90
2024-12-01,SKU048,121,0,9,90
2024-12-08,SKU048,55,186,9,90
2024-12-15,SKU048,239,0,9,90
2024-12-22,SKU048,163,0,9,90
2024-12-29,SKU048,112,0,9,90
2025-01-05,SKU048,286,0,9,90
2025-01-12,SKU048,236,0,9,90
2025-01-19,SKU048,179,0,9,90
2025-01-26,SKU048,128,0,9,90
2025-02-02,SKU048,308,0,9,90
2025-02-09,SKU048,240,0,9,90
2025-02-16,SKU048,186,0,9,90
2025-02-23,SKU048,144,0,9,90
2025-03-02,SKU048,89,154,9,90
2025-03-09,SKU048,188,0,9,90
2025-03-16,SKU048,106,0,9,90
2025-03-23,SKU048,239,0,9,90
2025-03-30,SKU048,165,0,9,90
2025-04-06,SKU048,103,0,9,90
2025-04-13,SKU048,55,139,9,90
2025-04-20,SKU048,151,0,9,90
2025-04-27,SKU048,103,0,9,90
2025-05-04,SKU048,52,168,9,90
2025-05-11,SKU048,11,129,9,90
2025-05-18,SKU048,141,0,9,90
2025-05-25,SKU048,83,224,9,90
2025-06-01,SKU048,219,0,9,90
2025-06-08,SKU048,161,0,9,90
2025-06-15,SKU048,86,223,9,90
2025-06-22,SKU048,26,191,9,90
2025-06-29,SKU048,202,0,9,90
2025-07-06,SKU048,143,0,9,90
2025-07-13,SKU048,89,137,9,90
2025-07-20,SKU048,242,0,9,90
2025-07-27,SKU048,194,0,9,90
2025-08-03,SKU048,131,0,9,90
2025-08-10,SKU048,186,0,9,90
2025-08-17,SKU048,109,0,9,90
2025-08-24,SKU048,185,0,9,90
2025-08-31,SKU048,139,0,9,90
2025-09-07,SKU048,92,0,9,90
2025-09-14,SKU048,38,243,9,90
2025-09-21,SKU048,154,0,9,90
2025-09-28,SKU048,94,0,9,90
2025-10-05,SKU048,134,0,9,90
2025-10-12,SKU048,165,0,9,90
2025-10-19,SKU048,98,0,9,90
2025-10-26,SKU048,105,0,9,90
2025-11-02,SKU048,220,0,9,90
2025-11-09,SKU048,146,0,9,90
2025-11-16,SKU048,251,0,9,90
2025-11-23,SKU048,160,0,9,90
2025-11-30,SKU048,50,113,9,90
2025-12-07,SKU048,0,207,9,90
2025-12-14,SKU048,236,0,9,90
2025-12-21,SKU048,151,0,9,90
2025-12-28,SKU048,81,162,9,90
2024-01-07,SKU049,61,0,6,33
2024-01-14,SKU049,31,71,6,33
2024-01-21,SKU049,94,0,6,33
2024-01-28,SKU049,70,0,6,33
2024-02-04,SKU049,46,0,6,33
2024-02-11,SKU049,77,0,6,33
2024-02-18,SKU049,49,0,6,33
2024-02-25,SKU049,69,0,6,33
2024-03-03,SKU049,41,0,6,33
2024-03-10,SKU049,14,44,6,33
2024-03-17,SKU049,54,0,6,33
2024-03-24,SKU049,99,0,6,33
2024-03-31,SKU049,76,0,6,33
2024-04-07,SKU049,51,0,6,33
2024-04-14,SKU049,122,0,6,33
2024-04-21,SKU049,93,0,6,33
2024-04-28,SKU049,65,0,6,33
2024-05-05,SKU049,35,0,6,33
2024-05-12,SKU049,94,0,6,33
2024-05-19,SKU049,66,0,6,33
2024-05-26,SKU049,39,0,6,33
2024-06-02,SKU049,13,53,6,33
2024-06-09,SKU049,92,0,6,33
2024-06-16,SKU049,69,0,6,33
2024-06-23,SKU049,46,0,6,33
2024-06-30,SKU049,109,0,6,33
2024-07-07,SKU049,82,0,6,33
2024-07-14,SKU049,55,0,6,33
2024-07-21,SKU049,28,41,6,33
2024-07-28,SKU049,0,98,6,33
2024-08-04,SKU049,71,0,6,33
2024-08-11,SKU049,45,0,6,33
2024-08-18,SKU049,121,0,6,33
2024-08-25,SKU049,98,0,6,33
2024-09-01,SKU049,72,0,6,33
2024-09-08,SKU049,46,0,6,33
2024-09-15,SKU049,17,58,6,33
2024-09-22,SKU049,63,0,6,33
2024-09-29,SKU049,34,0,6,33
2024-10-06,SKU049,10,40,6,33
2024-10-13,SKU049,49,0,6,33
2024-10-20,SKU049,19,80,6,33
2024-10-27,SKU049,0,77,6,33
2024-11-03,SKU049,44,0,6,33
2024-11-10,SKU049,61,0,6,33
2024-11-17,SKU049,34,0,6,33
2024-11-24,SKU049,0,78,6,33
2024-12-01,SKU049,96,0,6,33
2024-12-08,SKU049,62,0,6,33
2024-12-15,SKU049,38,0,6,33
2024-12-22,SKU049,68,0,6,33
2024-12-29,SKU049,46,0,6,33
2025-01-05,SKU049,32,75,6,33
2025-01-12,SKU049,59,0,6,33
2025-01-19,SKU049,42,0,6,33
2025-01-26,SKU049,19,88,6,33
2025-02-02,SKU049,1,63,6,33
2025-02-09,SKU049,0,87,6,33
2025-02-16,SKU049,0,98,6,33
2025-02-23,SKU049,74,0,6,33
2025-03-02,SKU049,52,0,6,33
2025-03-09,SKU049,28,80,6,33
2025-03-16,SKU049,75,0,6,33
2025-03-23,SKU049,41,0,6,33
2025-03-30,SKU049,11,74,6,33
2025-04-06,SKU049,97,0,6,33
2025-04-13,SKU049,76,0,6,33
2025-04-20,SKU049,51,0,6,33
2025-04-27,SKU049,97,0,6,33
2025-05-04,SKU049,75,0,6,33
2025-05-11,SKU049,57,0,6,33
2025-05-18,SKU049,38,0,6,33
2025-05-25,SKU049,15,50,6,33
2025-06-01,SKU049,64,0,6,33
2025-06-08,SKU049,44,0,6,33
2025-06-15,SKU049,93,0,6,33
2025-06-22,SKU049,65,0,6,33
2025-06-29,SKU049,44,0,6,33
2025-07-06,SKU049,64,0,6,33
2025-07-13,SKU049,44,0,6,33
2025-07-20,SKU049,74,0,6,33
2025-07-27,SKU049,48,0,6,33
2025-08-03,SKU049,120,0,6,33
2025-08-10,SKU049,88,0,6,33
2025-08-17,SKU049,52,0,6,33
2025-08-24,SKU049,28,95,6,33
2025-08-31,SKU049,82,0,6,33
2025-09-07,SKU049,63,0,6,33
2025-09-14,SKU049,45,0,6,33
2025-09-21,SKU049,73,0,6,33
2025-09-28,SKU049,50,0,6,33
2025-10-05,SKU049,22,50,6,33
2025-10-12,SKU049,89,0,6,33
2025-10-19,SKU049,60,0,6,33
2025-10-26,SKU049,25,75,6,33
2025-11-02,SKU049,77,0,6,33
2025-11-09,SKU049,48,0,6,33
2025-11-16,SKU049,19,45,6,33
2025-11-23,SKU049,76,0,6,33
2025-11-30,SKU049,28,64,6,33
2025-12-07,SKU049,77,0,6,33
2025-12-14,SKU049,54,0,6,33
2025-12-21,SKU049,30,75,6,33
2025-12-28,SKU049,82,0,6,33
2024-01-07,SKU050,305,0,10,252
2024-01-14,SKU050,458,0,10,252
2024-01-21,SKU050,366,0,10,252
2024-01-28,SKU050,253,0,10,252
2024-02-04,SKU050,470,0,10,252
2024-02-11,SKU050,344,0,10,252
2024-02-18,SKU050,489,0,10,252
2024-02-25,SKU050,384,0,10,252
2024-03-03,SKU050,283,0,10,252
2024-03-10,SKU050,605,0,10,252
2024-03-17,SKU050,454,0,10,252
2024-03-24,SKU050,287,0,10,252
2024-03-31,SKU050,132,314,10,252
2024-04-07,SKU050,0,319,10,252
2024-04-14,SKU050,403,0,10,252
2024-04-21,SKU050,268,0,10,252
2024-04-28,SKU050,166,257,10,252
2024-05-05,SKU050,29,457,10,252
2024-05-12,SKU050,281,0,10,252
2024-05-19,SKU050,161,323,10,252
2024-05-26,SKU050,432,0,10,252
2024-06-02,SKU050,311,0,10,252
2024-06-09,SKU050,430,0,10,252
2024-06-16,SKU050,292,0,10,252
2024-06-23,SKU050,143,280,10,252
2024-06-30,SKU050,34,477,10,252
2024-07-07,SKU050,301,0,10,252
2024-07-14,SKU050,473,0,10,252
2024-07-21,SKU050,350,0,10,252
2024-07-28,SKU050,243,407,10,252
2024-08-04,SKU050,138,354,10,252
2024-08-11,SKU050,471,0,10,252
2024-08-18,SKU050,301,0,10,252
2024-08-25,SKU050,181,323,10,252
2024-09-01,SKU050,84,492,10,252
2024-09-08,SKU050,0,312,10,252
2024-09-15,SKU050,419,0,10,252
2024-09-22,SKU050,299,0,10,252
2024-09-29,SKU050,451,0,10,252
2024-10-06,SKU050,293,0,10,252
2024-10-13,SKU050,179,402,10,252
2024-10-20,SKU050,466,0,10,252
2024-10-27,SKU050,575,0,10,252
2024-11-03,SKU050,341,0,10,252
2024-11-10,SKU050,539,0,10,252
2024-11-17,SKU050,402,0,10,252
2024-11-24,SKU050,208,210,10,252
2024-12-01,SKU050,510,0,10,252
2024-12-08,SKU050,374,0,10,252
2024-12-15,SKU050,209,293,10,252
2024-12-22,SKU050,68,311,10,252
2024-12-29,SKU050,430,0,10,252
2025-01-05,SKU050,315,0,10,252
2025-01-12,SKU050,501,0,10,252
2025-01-19,SKU050,390,0,10,252
2025-01-26,SKU050,290,0,10,252
2025-02-02,SKU050,171,403,10,252
2025-02-09,SKU050,37,336,10,252
2025-02-16,SKU050,0,232,10,252
2025-02-23,SKU050,0,487,10,252
2025-03-02,SKU050,207,0,10,252
2025-03-09,SKU050,89,267,10,252
2025-03-16,SKU050,0,352,10,252
2025-03-23,SKU050,365,0,10,252
2025-03-30,SKU050,228,464,10,252
2025-04-06,SKU050,378,0,10,252
2025-04-13,SKU050,262,0,10,252
2025-04-20,SKU050,130,444,10,252
2025-04-27,SKU050,460,0,10,252
2025-05-04,SKU050,357,0,10,252
2025-05-11,SKU050,275,0,10,252
2025-05-18,SKU050,168,356,10,252
2025-05-25,SKU050,64,200,10,252
2025-06-01,SKU050,0,225,10,252
2025-06-08,SKU050,0,329,10,252
2025-06-15,SKU050,472,0,10,252
2025-06-22,SKU050,335,0,10,252
2025-06-29,SKU050,538,0,10,252
2025-07-06,SKU050,432,0,10,252
2025-07-13,SKU050,306,0,10,252
2025-07-20,SKU050,651,0,10,252
2025-07-27,SKU050,560,0,10,252
2025-08-03,SKU050,417,0,10,252
2025-08-10,SKU050,253,0,10,252
2025-08-17,SKU050,39,401,10,252
2025-08-24,SKU050,357,0,10,252
2025-08-31,SKU050,234,239,10,252
2025-09-07,SKU050,509,0,10,252
2025-09-14,SKU050,398,0,10,252
2025-09-21,SKU050,285,0,10,252
2025-09-28,SKU050,620,0,10,252
2025-10-05,SKU050,498,0,10,252
2025-10-12,SKU050,349,0,10,252
2025-10-19,SKU050,508,0,10,252
2025-10-26,SKU050,256,0,10,252
2025-11-02,SKU050,36,366,10,252
2025-11-09,SKU050,0,444,10,252
2025-11-16,SKU050,0,463,10,252
2025-11-23,SKU050,406,0,10,252
2025-11-30,SKU050,592,0,10,252
2025-12-07,SKU050,393,0,10,252
2025-12-14,SKU050,272,0,10,252
2025-12-21,SKU050,100,442,10,252
2025-12-28,SKU050,0,257,10,252
2024-01-07,SKU051,252,0,10,223
2024-01-14,SKU051,141,219,10,223
2024-01-21,SKU051,17,364,10,223
2024-01-28,SKU051,264,0,10,223
2024-02-04,SKU051,144,390,10,223
2024-02-11,SKU051,338,0,10,223
2024-02-18,SKU051,236,0,10,223
2024-02-25,SKU051,408,0,10,223
2024-03-03,SKU051,295,0,10,223
2024-03-10,SKU051,409,0,10,223
2024-03-17,SKU051,303,0,10,223
2024-03-24,SKU051,205,322,10,223
2024-03-31,SKU051,363,0,10,223
2024-04-07,SKU051,243,0,10,223
2024-04-14,SKU051,117,216,10,223
2024-04-21,SKU051,12,218,10,223
2024-04-28,SKU051,260,0,10,223
2024-05-05,SKU051,146,204,10,223
2024-05-12,SKU051,31,357,10,223
2024-05-19,SKU051,256,0,10,223
2024-05-26,SKU051,126,374,10,223
2024-06-02,SKU051,89,195,10,223
2024-06-09,SKU051,252,0,10,223
2024-06-16,SKU051,153,265,10,223
2024-06-23,SKU051,283,0,10,223
2024-06-30,SKU051,474,0,10,223
2024-07-07,SKU051,394,0,10,223
2024-07-14,SKU051,322,0,10,223
2024-07-21,SKU051,232,0,10,223
2024-07-28,SKU051,146,200,10,223
2024-08-04,SKU051,398,0,10,223
2024-08-11,SKU051,310,0,10,223
2024-08-18,SKU051,550,0,10,223
2024-08-25,SKU051,460,0,10,223
2024-09-01,SKU051,379,0,10,223
2024-09-08,SKU051,286,0,10,223
2024-09-15,SKU051,452,0,10,223
2024-09-22,SKU051,384,0,10,223
2024-09-29,SKU051,295,0,10,223
2024-10-06,SKU051,456,0,10,223
2024-10-13,SKU051,363,0,10,223
2024-10-20,SKU051,244,0,10,223
2024-10-27,SKU051,29,195,10,223
2024-11-03,SKU051,180,0,10,223
2024-11-10,SKU051,66,190,10,223
2024-11-17,SKU051,0,410,10,223
2024-11-24,SKU051,336,0,10,223
2024-12-01,SKU051,150,236,10,223
2024-12-08,SKU051,280,0,10,223
2024-12-15,SKU051,492,0,10,223
2024-12-22,SKU051,390,0,10,223
2024-12-29,SKU051,288,0,10,223
2025-01-05,SKU051,170,348,10,223
2025-01-12,SKU051,74,204,10,223
2025-01-19,SKU051,0,220,10,223
2025-01-26,SKU051,261,0,10,223
2025-02-02,SKU051,462,0,10,223
2025-02-09,SKU051,357,0,10,223
2025-02-16,SKU051,263,0,10,223
2025-02-23,SKU051,487,0,10,223
2025-03-02,SKU051,366,0,10,223
2025-03-09,SKU051,277,0,10,223
2025-03-16,SKU051,457,0,10,223
2025-03-23,SKU051,313,0,10,223
2025-03-30,SKU051,199,191,10,223
2025-04-06,SKU051,309,0,10,223
2025-04-13,SKU051,211,289,10,223
2025-04-20,SKU051,101,178,10,223
2025-04-27,SKU051,0,380,10,223
2025-05-04,SKU051,0,269,10,223
2025-05-11,SKU051,393,0,10,223
2025-05-18,SKU051,306,0,10,223
2025-05-25,SKU051,210,327,10,223
2025-06-01,SKU051,394,0,10,223
2025-06-08,SKU051,307,0,10,223
2025-06-15,SKU051,529,0,10,223
2025-06-22,SKU051,414,0,10,223
2025-06-29,SKU051,327,0,10,223
2025-07-06,SKU051,234,0,10,223
2025-07-13,SKU051,493,0,10,223
2025-07-20,SKU051,391,0,10,223
2025-07-27,SKU051,304,0,10,223
2025-08-03,SKU051,226,0,10,223
2025-08-10,SKU051,126,377,10,223
2025-08-17,SKU051,0,199,10,223
2025-08-24,SKU051,0,216,10,223
2025-08-31,SKU051,421,0,10,223
2025-09-07,SKU051,296,0,10,223
2025-09-14,SKU051,512,0,10,223
2025-09-21,SKU051,395,0,10,223
2025-09-28,SKU051,316,0,10,223
2025-10-05,SKU051,443,0,10,223
2025-10-12,SKU051,300,0,10,223
2025-10-19,SKU051,465,0,10,223
2025-10-26,SKU051,256,0,10,223
2025-11-02,SKU051,93,300,10,223
2025-11-09,SKU051,0,207,10,223
2025-11-16,SKU051,216,0,10,223
2025-11-23,SKU051,0,180,10,223
2025-11-30,SKU051,265,0,10,223
2025-12-07,SKU051,280,0,10,223
2025-12-14,SKU051,560,0,10,223
2025-12-21,SKU051,435,0,10,223
2025-12-28,SKU051,306,0,10,223
2024-01-07,SKU052,163,0,9,147
2024-01-14,SKU052,76,254,9,147
2024-01-21,SKU052,0,315,9,147
2024-01-28,SKU052,280,0,9,147
2024-02-04,SKU052,188,0,9,147
2024-02-11,SKU052,308,0,9,147
2024-02-18,SKU052,223,0,9,147
2024-02-25,SKU052,458,0,9,147
2024-03-03,SKU052,383,0,9,147
2024-03-10,SKU052,283,0,9,147
2024-03-17,SKU052,205,0,9,147
2024-03-24,SKU052,123,281,9,147
2024-03-31,SKU052,22,187,9,147
2024-04-07,SKU052,0,133,9,147
2024-04-14,SKU052,277,0,9,147
2024-04-21,SKU052,202,0,9,147
2024-04-28,SKU052,121,265,9,147
2024-05-05,SKU052,293,0,9,147
2024-05-12,SKU052,223,0,9,147
2024-05-19,SKU052,154,0,9,147
2024-05-26,SKU052,386,0,9,147
2024-06-02,SKU052,323,0,9,147
2024-06-09,SKU052,249,0,9,147
2024-06-16,SKU052,158,0,9,147
2024-06-23,SKU052,298,0,9,147
2024-06-30,SKU052,218,0,9,147
2024-07-07,SKU052,395,0,9,147
2024-07-14,SKU052,341,0,9,147
2024-07-21,SKU052,283,0,9,147
2024-07-28,SKU052,222,0,9,147
2024-08-04,SKU052,144,161,9,147
2024-08-11,SKU052,376,0,9,147
2024-08-18,SKU052,263,0,9,147
2024-08-25,SKU052,187,0,9,147
2024-09-01,SKU052,118,257,9,147
2024-09-08,SKU052,375,0,9,147
2024-09-15,SKU052,301,0,9,147
2024-09-22,SKU052,224,0,9,147
2024-09-29,SKU052,155,0,9,147
2024-10-06,SKU052,290,0,9,147
2024-10-13,SKU052,190,0,9,147
2024-10-20,SKU052,315,0,9,147
2024-10-27,SKU052,192,0,9,147
2024-11-03,SKU052,219,0,9,147
2024-11-10,SKU052,370,0,9,147
2024-11-17,SKU052,289,0,9,147
2024-11-24,SKU052,148,0,9,147
2024-12-01,SKU052,0,258,9,147
2024-12-08,SKU052,158,0,9,147
2024-12-15,SKU052,273,0,9,147
2024-12-22,SKU052,169,0,9,147
2024-12-29,SKU052,237,0,9,147
2025-01-05,SKU052,158,0,9,147
2025-01-12,SKU052,403,0,9,147
2025-01-19,SKU052,338,0,9,147
2025-01-26,SKU052,261,0,9,147
2025-02-02,SKU052,182,0,9,147
2025-02-09,SKU052,388,0,9,147
2025-02-16,SKU052,316,0,9,147
2025-02-23,SKU052,240,0,9,147
2025-03-02,SKU052,169,0,9,147
2025-03-09,SKU052,106,193,9,147
2025-03-16,SKU052,266,0,9,147
2025-03-23,SKU052,174,0,9,147
2025-03-30,SKU052,79,289,9,147
2025-04-06,SKU052,170,0,9,147
2025-04-13,SKU052,84,248,9,147
2025-04-20,SKU052,312,0,9,147
2025-04-27,SKU052,247,0,9,147
2025-05-04,SKU052,167,0,9,147
2025-05-11,SKU052,104,228,9,147
2025-05-18,SKU052,10,138,9,147
2025-05-25,SKU052,0,320,9,147
2025-06-01,SKU052,171,0,9,147
2025-06-08,SKU052,288,0,9,147
2025-06-15,SKU052,189,0,9,147
2025-06-22,SKU052,402,0,9,147
2025-06-29,SKU052,343,0,9,147
2025-07-06,SKU052,287,0,9,147
2025-07-13,SKU052,206,0,9,147
2025-07-20,SKU052,415,0,9,147
2025-07-27,SKU052,346,0,9,147
2025-08-03,SKU052,255,0,9,147
2025-08-10,SKU052,181,0,9,147
2025-08-17,SKU052,210,0,9,147
2025-08-24,SKU052,108,288,9,147
2025-08-31,SKU052,344,0,9,147
2025-09-07,SKU052,257,0,9,147
2025-09-14,SKU052,149,0,9,147
2025-09-21,SKU052,244,0,9,147
2025-09-28,SKU052,179,0,9,147
2025-10-05,SKU052,81,324,9,147
2025-10-12,SKU052,146,0,9,147
2025-10-19,SKU052,257,0,9,147
2025-10-26,SKU052,91,291,9,147
2025-11-02,SKU052,0,242,9,147
2025-11-09,SKU052,247,0,9,147
2025-11-16,SKU052,149,0,9,147
2025-11-23,SKU052,343,0,9,147
2025-11-30,SKU052,178,0,9,147
2025-12-07,SKU052,25,237,9,147
2025-12-14,SKU052,0,247,9,147
2025-12-21,SKU052,206,0,9,147
2025-12-28,SKU052,383,0,9,147
2024-01-07,SKU053,284,0,5,83
2024-01-14,SKU053,182,0,5,83
2024-01-21,SKU053,94,0,5,83
2024-01-28,SKU053,0,175,5,83
2024-02-04,SKU053,0,161,5,83
2024-02-11,SKU053,0,288,5,83
2024-02-18,SKU053,331,0,5,83
2024-02-25,SKU053,232,0,5,83
2024-03-03,SKU053,140,0,5,83
2024-03-10,SKU053,41,186,5,83
2024-03-17,SKU053,0,158,5,83
2024-03-24,SKU053,316,0,5,83
2024-03-31,SKU053,219,0,5,83
2024-04-07,SKU053,126,0,5,83
2024-04-14,SKU053,197,0,5,83
2024-04-21,SKU053,102,0,5,83
2024-04-28,SKU053,25,321,5,83
2024-05-05,SKU053,0,257,5,83
2024-05-12,SKU053,141,0,5,83
2024-05-19,SKU053,302,0,5,83
2024-05-26,SKU053,207,0,5,83
2024-06-02,SKU053,108,0,5,83
2024-06-09,SKU053,253,0,5,83
2024-06-16,SKU053,158,0,5,83
2024-06-23,SKU053,62,304,5,83
2024-06-30,SKU053,0,151,5,83
2024-07-07,SKU053,330,0,5,83
2024-07-14,SKU053,235,0,5,83
2024-07-21,SKU053,134,0,5,83
2024-07-28,SKU053,307,0,5,83
2024-08-04,SKU053,225,0,5,83
2024-08-11,SKU053,137,0,5,83
2024-08-18,SKU053,56,311,5,83
2024-08-25,SKU053,251,0,5,83
2024-09-01,SKU053,171,0,5,83
2024-09-08,SKU053,103,0,5,83
2024-09-15,SKU053,35,178,5,83
2024-09-22,SKU053,171,0,5,83
2024-09-29,SKU053,102,0,5,83
2024-10-06,SKU053,12,300,5,83
2024-10-13,SKU053,270,0,5,83
2024-10-20,SKU053,165,0,5,83
2024-10-27,SKU053,340,0,5,83
2024-11-03,SKU053,199,0,5,83
2024-11-10,SKU053,290,0,5,83
2024-11-17,SKU053,189,0,5,83
2024-11-24,SKU053,205,0,5,83
2024-12-01,SKU053,66,226,5,83
2024-12-08,SKU053,251,0,5,83
2024-12-15,SKU053,173,0,5,83
2024-12-22,SKU053,89,0,5,83
2024-12-29,SKU053,306,0,5,83
2025-01-05,SKU053,209,0,5,83
2025-01-12,SKU053,129,0,5,83
2025-01-19,SKU053,291,0,5,83
2025-01-26,SKU053,221,0,5,83
2025-02-02,SKU053,134,0,5,83
2025-02-09,SKU053,259,0,5,83
2025-02-16,SKU053,191,0,5,83
2025-02-23,SKU053,126,0,5,83
2025-03-02,SKU053,54,178,5,83
2025-03-09,SKU053,304,0,5,83
2025-03-16,SKU053,204,0,5,83
2025-03-23,SKU053,80,137,5,83
2025-03-30,SKU053,269,0,5,83
2025-04-06,SKU053,178,0,5,83
2025-04-13,SKU053,84,0,5,83
2025-04-20,SKU053,274,0,5,83
2025-04-27,SKU053,213,0,5,83
2025-05-04,SKU053,139,0,5,83
2025-05-11,SKU053,36,160,5,83
2025-05-18,SKU053,336,0,5,83
2025-05-25,SKU053,267,0,5,83
2025-06-01,SKU053,191,0,5,83
2025-06-08,SKU053,125,0,5,83
2025-06-15,SKU053,258,0,5,83
2025-06-22,SKU053,157,0,5,83
2025-06-29,SKU053,96,0,5,83
2025-07-06,SKU053,370,0,5,83
2025-07-13,SKU053,298,0,5,83
2025-07-20,SKU053,244,0,5,83
2025-07-27,SKU053,184,0,5,83
2025-08-03,SKU053,112,0,5,83
2025-08-10,SKU053,48,223,5,83
2025-08-17,SKU053,142,0,5,83
2025-08-24,SKU053,47,316,5,83
2025-08-31,SKU053,0,170,5,83
2025-09-07,SKU053,0,337,5,83
2025-09-14,SKU053,0,299,5,83
2025-09-21,SKU053,163,0,5,83
2025-09-28,SKU053,86,0,5,83
2025-10-05,SKU053,3,323,5,83
2025-10-12,SKU053,296,0,5,83
2025-10-19,SKU053,210,0,5,83
2025-10-26,SKU053,201,0,5,83
2025-11-02,SKU053,301,0,5,83
2025-11-09,SKU053,201,0,5,83
2025-11-16,SKU053,108,0,5,83
2025-11-23,SKU053,254,0,5,83
2025-11-30,SKU053,131,0,5,83
2025-12-07,SKU053,0,248,5,83
2025-12-14,SKU053,151,0,5,83
2025-12-21,SKU053,233,0,5,83
2025-12-28,SKU053,108,0,5,83
2024-01-07,SKU054,95,0,4,29
2024-01-14,SKU054,53,0,4,29
2024-01-21,SKU054,79,0,4,29
2024-01-28,SKU054,45,0,4,29
2024-02-04,SKU054,7,120,4,29
2024-02-11,SKU054,0,120,4,29
2024-02-18,SKU054,0,148,4,29
2024-02-25,SKU054,0,125,4,29
2024-03-03,SKU054,0,62,4,29
2024-03-10,SKU054,114,0,4,29
2024-03-17,SKU054,77,0,4,29
2024-03-24,SKU054,42,0,4,29
2024-03-31,SKU054,70,0,4,29
2024-04-07,SKU054,34,0,4,29
2024-04-14,SKU054,100,0,4,29
2024-04-21,SKU054,61,0,4,29
2024-04-28,SKU054,157,0,4,29
2024-05-05,SKU054,118,0,4,29
2024-05-12,SKU054,72,0,4,29
2024-05-19,SKU054,30,0,4,29
2024-05-26,SKU054,76,0,4,29
2024-06-02,SKU054,42,0,4,29
2024-06-09,SKU054,0,128,4,29
2024-06-16,SKU054,147,0,4,29
2024-06-23,SKU054,111,0,4,29
2024-06-30,SKU054,67,0,4,29
2024-07-07,SKU054,180,0,4,29
2024-07-14,SKU054,146,0,4,29
2024-07-21,SKU054,104,0,4,29
2024-07-28,SKU054,66,0,4,29
2024-08-04,SKU054,28,123,4,29
2024-08-11,SKU054,73,0,4,29
2024-08-18,SKU054,36,0,4,29
2024-08-25,SKU054,91,0,4,29
2024-09-01,SKU054,48,0,4,29
2024-09-08,SKU054,88,0,4,29
2024-09-15,SKU054,43,0,4,29
2024-09-22,SKU054,0,144,4,29
2024-09-29,SKU054,96,0,4,29
2024-10-06,SKU054,54,0,4,29
2024-10-13,SKU054,20,83,4,29
2024-10-20,SKU054,94,0,4,29
2024-10-27,SKU054,54,0,4,29
2024-11-03,SKU054,127,0,4,29
2024-11-10,SKU054,89,0,4,29
2024-11-17,SKU054,46,0,4,29
2024-11-24,SKU054,98,0,4,29
2024-12-01,SKU054,63,0,4,29
2024-12-08,SKU054,166,0,4,29
2024-12-15,SKU054,122,0,4,29
2024-12-22,SKU054,71,0,4,29
2024-12-29,SKU054,114,0,4,29
2025-01-05,SKU054,85,0,4,29
2025-01-12,SKU054,58,0,4,29
2025-01-19,SKU054,14,134,4,29
2025-01-26,SKU054,87,0,4,29
2025-02-02,SKU054,56,0,4,29
2025-02-09,SKU054,28,116,4,29
2025-02-16,SKU054,111,0,4,29
2025-02-23,SKU054,73,0,4,29
2025-03-02,SKU054,33,0,4,29
2025-03-09,SKU054,0,141,4,29
2025-03-16,SKU054,141,0,4,29
2025-03-23,SKU054,92,0,4,29
2025-03-30,SKU054,52,0,4,29
2025-04-06,SKU054,124,0,4,29
2025-04-13,SKU054,92,0,4,29
2025-04-20,SKU054,60,0,4,29
2025-04-27,SKU054,32,0,4,29
2025-05-04,SKU054,133,0,4,29
2025-05-11,SKU054,103,0,4,29
2025-05-18,SKU054,67,0,4,29
2025-05-25,SKU054,126,0,4,29
2025-06-01,SKU054,83,0,4,29
2025-06-08,SKU054,49,0,4,29
2025-06-15,SKU054,112,0,4,29
2025-06-22,SKU054,69,0,4,29
2025-06-29,SKU054,38,0,4,29
2025-07-06,SKU054,84,0,4,29
2025-07-13,SKU054,47,0,4,29
2025-07-20,SKU054,108,0,4,29
2025-07-27,SKU054,85,0,4,29
2025-08-03,SKU054,51,0,4,29
2025-08-10,SKU054,22,95,4,29
2025-08-17,SKU054,150,0,4,29
2025-08-24,SKU054,118,0,4,29
2025-08-31,SKU054,72,0,4,29
2025-09-07,SKU054,35,0,4,29
2025-09-14,SKU054,120,0,4,29
2025-09-21,SKU054,82,0,4,29
2025-09-28,SKU054,42,0,4,29
2025-10-05,SKU054,80,0,4,29
2025-10-12,SKU054,39,0,4,29
2025-10-19,SKU054,0,61,4,29
2025-10-26,SKU054,65,0,4,29
2025-11-02,SKU054,100,0,4,29
2025-11-09,SKU054,57,0,4,29
2025-11-16,SKU054,124,0,4,29
2025-11-23,SKU054,58,0,4,29
2025-11-30,SKU054,76,0,4,29
2025-12-07,SKU054,84,0,4,29
2025-12-14,SKU054,51,0,4,29
2025-12-21,SKU054,4,79,4,29
2025-12-28,SKU054,0,61,4,29
2024-01-07,SKU055,27,0,3,18
2024-01-14,SKU055,80,0,3,18
2024-01-21,SKU055,43,0,3,18
2024-01-28,SKU055,0,104,3,18
2024-02-04,SKU055,108,0,3,18
2024-02-11,SKU055,73,0,3,18
2024-02-18,SKU055,30,0,3,18
2024-02-25,SKU055,132,0,3,18
2024-03-03,SKU055,96,0,3,18
2024-03-10,SKU055,63,0,3,18
2024-03-17,SKU055,23,0,3,18
2024-03-24,SKU055,0,110,3,18
2024-03-31,SKU055,65,0,3,18
2024-04-07,SKU055,27,0,3,18
2024-04-14,SKU055,0,140,3,18
2024-04-21,SKU055,59,0,3,18
2024-04-28,SKU055,22,0,3,18
2024-05-05,SKU055,64,0,3,18
2024-05-12,SKU055,24,0,3,18
2024-05-19,SKU055,100,0,3,18
2024-05-26,SKU055,65,0,3,18
2024-06-02,SKU055,30,0,3,18
2024-06-09,SKU055,25,0,3,18
2024-06-16,SKU055,0,97,3,18
2024-06-23,SKU055,0,104,3,18
2024-06-30,SKU055,132,0,3,18
2024-07-07,SKU055,105,0,3,18
2024-07-14,SKU055,72,0,3,18
2024-07-21,SKU055,48,0,3,18
2024-07-28,SKU055,20,0,3,18
2024-08-04,SKU055,62,0,3,18
2024-08-11,SKU055,28,0,3,18
2024-08-18,SKU055,99,0,3,18
2024-08-25,SKU055,73,0,3,18
2024-09-01,SKU055,48,0,3,18
2024-09-08,SKU055,21,0,3,18
2024-09-15,SKU055,0,91,3,18
2024-09-22,SKU055,0,131,3,18
2024-09-29,SKU055,130,0,3,18
2024-10-06,SKU055,99,0,3,18
2024-10-13,SKU055,57,0,3,18
2024-10-20,SKU055,144,0,3,18
2024-10-27,SKU055,75,0,3,18
2024-11-03,SKU055,12,103,3,18
2024-11-10,SKU055,0,108,3,18
2024-11-17,SKU055,0,113,3,18
2024-11-24,SKU055,128,0,3,18
2024-12-01,SKU055,74,0,3,18
2024-12-08,SKU055,30,0,3,18
2024-12-15,SKU055,0,91,3,18
2024-12-22,SKU055,87,0,3,18
2024-12-29,SKU055,45,0,3,18
2025-01-05,SKU055,92,0,3,18
2025-01-12,SKU055,65,0,3,18
2025-01-19,SKU055,32,0,3,18
2025-01-26,SKU055,128,0,3,18
2025-02-02,SKU055,103,0,3,18
2025-02-09,SKU055,65,0,3,18
2025-02-16,SKU055,34,0,3,18
2025-02-23,SKU055,8,91,3,18
2025-03-02,SKU055,74,0,3,18
2025-03-09,SKU055,34,0,3,18
2025-03-16,SKU055,101,0,3,18
2025-03-23,SKU055,55,0,3,18
2025-03-30,SKU055,23,0,3,18
2025-04-06,SKU055,90,0,3,18
2025-04-13,SKU055,56,0,3,18
2025-04-20,SKU055,26,0,3,18
2025-04-27,SKU055,0,101,3,18
2025-05-04,SKU055,134,0,3,18
2025-05-11,SKU055,97,0,3,18
2025-05-18,SKU055,62,0,3,18
2025-05-25,SKU055,27,0,3,18
2025-06-01,SKU055,59,0,3,18
2025-06-08,SKU055,25,0,3,18
2025-06-15,SKU055,0,125,3,18
2025-06-22,SKU055,0,142,3,18
2025-06-29,SKU055,0,89,3,18
2025-07-06,SKU055,0,118,3,18
2025-07-13,SKU055,119,0,3,18
2025-07-20,SKU055,84,0,3,18
2025-07-27,SKU055,53,0,3,18
2025-08-03,SKU055,21,0,3,18
2025-08-10,SKU055,88,0,3,18
2025-08-17,SKU055,33,0,3,18
2025-08-24,SKU055,136,0,3,18
2025-08-31,SKU055,100,0,3,18
2025-09-07,SKU055,67,0,3,18
2025-09-14,SKU055,34,0,3,18
2025-09-21,SKU055,0,117,3,18
2025-09-28,SKU055,100,0,3,18
2025-10-05,SKU055,68,0,3,18
2025-10-12,SKU055,21,0,3,18
2025-10-19,SKU055,0,81,3,18
2025-10-26,SKU055,124,0,3,18
2025-11-02,SKU055,63,0,3,18
2025-11-09,SKU055,65,0,3,18
2025-11-16,SKU055,28,0,3,18
2025-11-23,SKU055,139,0,3,18
2025-11-30,SKU055,84,0,3,18
2025-12-07,SKU055,31,0,3,18
2025-12-14,SKU055,0,80,3,18
2025-12-21,SKU055,74,0,3,18
2025-12-28,SKU055,27,0,3,18
2024-01-07,SKU056,208,0,13,124
2024-01-14,SKU056,141,0,13,124
2024-01-21,SKU056,75,169,13,124
2024-01-28,SKU056,24,183,13,124
2024-02-04,SKU056,192,0,13,124
2024-02-11,SKU056,129,0,13,124
2024-02-18,SKU056,68,111,13,124
2024-02-25,SKU056,217,0,13,124
2024-03-03,SKU056,163,0,13,124
2024-03-10,SKU056,221,0,13,124
2024-03-17,SKU056,165,0,13,124
2024-03-24,SKU056,106,153,13,124
2024-03-31,SKU056,234,0,13,124
2024-04-07,SKU056,177,0,13,124
2024-04-14,SKU056,122,113,13,124
2024-04-21,SKU056,72,97,13,124
2024-04-28,SKU056,19,126,13,124
2024-05-05,SKU056,136,0,13,124
2024-05-12,SKU056,217,0,13,124
2024-05-19,SKU056,174,0,13,124
2024-05-26,SKU056,137,0,13,124
2024-06-02,SKU056,89,150,13,124
2024-06-09,SKU056,134,0,13,124
2024-06-16,SKU056,55,213,13,124
2024-06-23,SKU056,102,0,13,124
2024-06-30,SKU056,199,0,13,124
2024-07-07,SKU056,158,0,13,124
2024-07-14,SKU056,117,115,13,124
2024-07-21,SKU056,79,107,13,124
2024-07-28,SKU056,161,0,13,124
2024-08-04,SKU056,295,0,13,124
2024-08-11,SKU056,247,0,13,124
2024-08-18,SKU056,177,0,13,124
2024-08-25,SKU056,128,0,13,124
2024-09-01,SKU056,197,0,13,124
2024-09-08,SKU056,158,0,13,124
2024-09-15,SKU056,296,0,13,124
2024-09-22,SKU056,248,0,13,124
2024-09-29,SKU056,189,0,13,124
2024-10-06,SKU056,136,0,13,124
2024-10-13,SKU056,72,203,13,124
2024-10-20,SKU056,150,0,13,124
2024-10-27,SKU056,230,0,13,124
2024-11-03,SKU056,133,0,13,124
2024-11-10,SKU056,148,0,13,124
2024-11-17,SKU056,282,0,13,124
2024-11-24,SKU056,210,0,13,124
2024-12-01,SKU056,104,88,13,124
2024-12-08,SKU056,182,0,13,124
2024-12-15,SKU056,118,169,13,124
2024-12-22,SKU056,212,0,13,124
2024-12-29,SKU056,161,0,13,124
2025-01-05,SKU056,193,0,13,124
2025-01-12,SKU056,151,0,13,124
2025-01-19,SKU056,109,160,13,124
2025-01-26,SKU056,60,181,13,124
2025-02-02,SKU056,159,0,13,124
2025-02-09,SKU056,107,115,13,124
2025-02-16,SKU056,57,146,13,124
2025-02-23,SKU056,11,201,13,124
2025-03-02,SKU056,156,0,13,124
2025-03-09,SKU056,95,167,13,124
2025-03-16,SKU056,29,117,13,124
2025-03-23,SKU056,102,0,13,124
2025-03-30,SKU056,36,94,13,124
2025-04-06,SKU056,0,126,13,124
2025-04-13,SKU056,215,0,13,124
2025-04-20,SKU056,159,0,13,124
2025-04-27,SKU056,302,0,13,124
2025-05-04,SKU056,256,0,13,124
2025-05-11,SKU056,199,0,13,124
2025-05-18,SKU056,155,0,13,124
2025-05-25,SKU056,233,0,13,124
2025-06-01,SKU056,179,0,13,124
2025-06-08,SKU056,136,0,13,124
2025-06-15,SKU056,170,0,13,124
2025-06-22,SKU056,282,0,13,124
2025-06-29,SKU056,240,0,13,124
2025-07-06,SKU056,189,0,13,124
2025-07-13,SKU056,149,0,13,124
2025-07-20,SKU056,231,0,13,124
2025-07-27,SKU056,182,0,13,124
2025-08-03,SKU056,141,0,13,124
2025-08-10,SKU056,85,165,13,124
2025-08-17,SKU056,107,0,13,124
2025-08-24,SKU056,152,0,13,124
2025-08-31,SKU056,109,106,13,124
2025-09-07,SKU056,59,183,13,124
2025-09-14,SKU056,158,0,13,124
2025-09-21,SKU056,307,0,13,124
2025-09-28,SKU056,253,0,13,124
2025-10-05,SKU056,196,0,13,124
2025-10-12,SKU056,137,0,13,124
2025-10-19,SKU056,204,0,13,124
2025-10-26,SKU056,116,187,13,124
2025-11-02,SKU056,35,129,13,124
2025-11-09,SKU056,0,167,13,124
2025-11-16,SKU056,0,168,13,124
2025-11-23,SKU056,122,0,13,124
2025-11-30,SKU056,28,202,13,124
2025-12-07,SKU056,0,177,13,124
2025-12-14,SKU056,173,0,13,124
2025-12-21,SKU056,209,0,13,124
2025-12-28,SKU056,130,0,13,124
2024-01-07,SKU057,229,0,8,71
2024-01-14,SKU057,176,0,8,71
2024-01-21,SKU057,124,0,8,71
2024-01-28,SKU057,80,0,8,71
2024-02-04,SKU057,139,0,8,71
2024-02-11,SKU057,76,0,8,71
2024-02-18,SKU057,125,0,8,71
2024-02-25,SKU057,80,0,8,71
2024-03-03,SKU057,208,0,8,71
2024-03-10,SKU057,151,0,8,71
2024-03-17,SKU057,82,0,8,71
2024-03-24,SKU057,185,0,8,71
2024-03-31,SKU057,146,0,8,71
2024-04-07,SKU057,105,0,8,71
2024-04-14,SKU057,249,0,8,71
2024-04-21,SKU057,201,0,8,71
2024-04-28,SKU057,158,0,8,71
2024-05-05,SKU057,118,0,8,71
2024-05-12,SKU057,76,0,8,71
2024-05-19,SKU057,43,149,8,71
2024-05-26,SKU057,134,0,8,71
2024-06-02,SKU057,93,0,8,71
2024-06-09,SKU057,203,0,8,71
2024-06-16,SKU057,135,0,8,71
2024-06-23,SKU057,91,0,8,71
2024-06-30,SKU057,44,144,8,71
2024-07-07,SKU057,9,125,8,71
2024-07-14,SKU057,101,0,8,71
2024-07-21,SKU057,192,0,8,71
2024-07-28,SKU057,156,0,8,71
2024-08-04,SKU057,114,0,8,71
2024-08-11,SKU057,52,133,8,71
2024-08-18,SKU057,81,0,8,71
2024-08-25,SKU057,16,104,8,71
2024-09-01,SKU057,128,0,8,71
2024-09-08,SKU057,88,0,8,71
2024-09-15,SKU057,239,0,8,71
2024-09-22,SKU057,196,0,8,71
2024-09-29,SKU057,149,0,8,71
2024-10-06,SKU057,91,0,8,71
2024-10-13,SKU057,235,0,8,71
2024-10-20,SKU057,181,0,8,71
2024-10-27,SKU057,84,0,8,71
2024-11-03,SKU057,2,185,8,71
2024-11-10,SKU057,162,0,8,71
2024-11-17,SKU057,95,0,8,71
2024-11-24,SKU057,187,0,8,71
2024-12-01,SKU057,106,0,8,71
2024-12-08,SKU057,219,0,8,71
2024-12-15,SKU057,157,0,8,71
2024-12-22,SKU057,94,0,8,71
2024-12-29,SKU057,43,97,8,71
2025-01-05,SKU057,161,0,8,71
2025-01-12,SKU057,121,0,8,71
2025-01-19,SKU057,79,0,8,71
2025-01-26,SKU057,206,0,8,71
2025-02-02,SKU057,164,0,8,71
2025-02-09,SKU057,114,0,8,71
2025-02-16,SKU057,71,134,8,71
2025-02-23,SKU057,106,0,8,71
2025-03-02,SKU057,58,111,8,71
2025-03-09,SKU057,11,82,8,71
2025-03-16,SKU057,181,0,8,71
2025-03-23,SKU057,113,0,8,71
2025-03-30,SKU057,54,185,8,71
2025-04-06,SKU057,114,0,8,71
2025-04-13,SKU057,69,90,8,71
2025-04-20,SKU057,24,90,8,71
2025-04-27,SKU057,180,0,8,71
2025-05-04,SKU057,138,0,8,71
2025-05-11,SKU057,94,0,8,71
2025-05-18,SKU057,126,0,8,71
2025-05-25,SKU057,74,0,8,71
2025-06-01,SKU057,117,0,8,71
2025-06-08,SKU057,79,0,8,71
2025-06-15,SKU057,17,188,8,71
2025-06-22,SKU057,139,0,8,71
2025-06-29,SKU057,91,0,8,71
2025-07-06,SKU057,187,0,8,71
2025-07-13,SKU057,137,0,8,71
2025-07-20,SKU057,89,0,8,71
2025-07-27,SKU057,157,0,8,71
2025-08-03,SKU057,116,0,8,71
2025-08-10,SKU057,264,0,8,71
2025-08-17,SKU057,175,0,8,71
2025-08-24,SKU057,112,0,8,71
2025-08-31,SKU057,218,0,8,71
2025-09-07,SKU057,167,0,8,71
2025-09-14,SKU057,120,0,8,71
2025-09-21,SKU057,75,0,8,71
2025-09-28,SKU057,32,96,8,71
2025-10-05,SKU057,118,0,8,71
2025-10-12,SKU057,216,0,8,71
2025-10-19,SKU057,155,0,8,71
2025-10-26,SKU057,223,0,8,71
2025-11-02,SKU057,145,0,8,71
2025-11-09,SKU057,75,0,8,71
2025-11-16,SKU057,140,0,8,71
2025-11-23,SKU057,194,0,8,71
2025-11-30,SKU057,117,0,8,71
2025-12-07,SKU057,42,142,8,71
2025-12-14,SKU057,200,0,8,71
2025-12-21,SKU057,145,0,8,71
2025-12-28,SKU057,98,0,8,71
2024-01-07,SKU058,44,0,11,40
2024-01-14,SKU058,21,53,11,40
2024-01-21,SKU058,0,50,11,40
2024-01-28,SKU058,49,0,11,40
2024-02-04,SKU058,86,0,11,40
2024-02-11,SKU058,59,0,11,40
2024-02-18,SKU058,38,47,11,40
2024-02-25,SKU058,90,0,11,40
2024-03-03,SKU058,63,0,11,40
2024-03-10,SKU058,76,0,11,40
2024-03-17,SKU058,52,0,11,40
2024-03-24,SKU058,90,0,11,40
2024-03-31,SKU058,64,0,11,40
2024-04-07,SKU058,43,0,11,40
2024-04-14,SKU058,80,0,11,40
2024-04-21,SKU058,59,0,11,40
2024-04-28,SKU058,111,0,11,40
2024-05-05,SKU058,89,0,11,40
2024-05-12,SKU058,66,0,11,40
2024-05-19,SKU058,44,0,11,40
2024-05-26,SKU058,17,73,11,40
2024-06-02,SKU058,41,0,11,40
2024-06-09,SKU058,17,77,11,40
2024-06-16,SKU058,0,85,11,40
2024-06-23,SKU058,0,74,11,40
2024-06-30,SKU058,79,0,11,40
2024-07-07,SKU058,52,0,11,40
2024-07-14,SKU058,28,82,11,40
2024-07-21,SKU058,3,71,11,40
2024-07-28,SKU058,0,65,11,40
2024-08-04,SKU058,0,56,11,40
2024-08-11,SKU058,85,0,11,40
2024-08-18,SKU058,64,0,11,40
2024-08-25,SKU058,79,0,11,40
2024-09-01,SKU058,52,0,11,40
2024-09-08,SKU058,28,40,11,40
2024-09-15,SKU058,8,60,11,40
2024-09-22,SKU058,88,0,11,40
2024-09-29,SKU058,72,0,11,40
2024-10-06,SKU058,48,0,11,40
2024-10-13,SKU058,74,0,11,40
2024-10-20,SKU058,40,74,11,40
2024-10-27,SKU058,37,0,11,40
2024-11-03,SKU058,77,0,11,40
2024-11-10,SKU058,53,0,11,40
2024-11-17,SKU058,32,38,11,40
2024-11-24,SKU058,6,74,11,40
2024-12-01,SKU058,0,66,11,40
2024-12-08,SKU058,0,55,11,40
2024-12-15,SKU058,0,88,11,40
2024-12-22,SKU058,73,0,11,40
2024-12-29,SKU058,46,0,11,40
2025-01-05,SKU058,89,0,11,40
2025-01-12,SKU058,70,0,11,40
2025-01-19,SKU058,47,0,11,40
2025-01-26,SKU058,104,0,11,40
2025-02-02,SKU058,88,0,11,40
2025-02-09,SKU058,70,0,11,40
2025-02-16,SKU058,54,0,11,40
2025-02-23,SKU058,111,0,11,40
2025-03-02,SKU058,88,0,11,40
2025-03-09,SKU058,69,0,11,40
2025-03-16,SKU058,44,0,11,40
2025-03-23,SKU058,14,84,11,40
2025-03-30,SKU058,0,64,11,40
2025-04-06,SKU058,0,41,11,40
2025-04-13,SKU058,61,0,11,40
2025-04-20,SKU058,43,0,11,40
2025-04-27,SKU058,23,62,11,40
2025-05-04,SKU058,61,0,11,40
2025-05-11,SKU058,105,0,11,40
2025-05-18,SKU058,83,0,11,40
2025-05-25,SKU058,59,0,11,40
2025-06-01,SKU058,42,0,11,40
2025-06-08,SKU058,74,0,11,40
2025-06-15,SKU058,52,0,11,40
2025-06-22,SKU058,27,51,11,40
2025-06-29,SKU058,7,47,11,40
2025-07-06,SKU058,60,0,11,40
2025-07-13,SKU058,44,0,11,40
2025-07-20,SKU058,106,0,11,40
2025-07-27,SKU058,89,0,11,40
2025-08-03,SKU058,72,0,11,40
2025-08-10,SKU058,56,0,11,40
2025-08-17,SKU058,89,0,11,40
2025-08-24,SKU058,61,0,11,40
2025-08-31,SKU058,42,0,11,40
2025-09-07,SKU058,78,0,11,40
2025-09-14,SKU058,60,0,11,40
2025-09-21,SKU058,44,0,11,40
2025-09-28,SKU058,82,0,11,40
2025-10-05,SKU058,62,0,11,40
2025-10-12,SKU058,39,73,11,40
2025-10-19,SKU058,94,0,11,40
2025-10-26,SKU058,60,0,11,40
2025-11-02,SKU058,101,0,11,40
2025-11-09,SKU058,76,0,11,40
2025-11-16,SKU058,53,0,11,40
2025-11-23,SKU058,22,71,11,40
2025-11-30,SKU058,0,70,11,40
2025-12-07,SKU058,0,66,11,40
2025-12-14,SKU058,39,0,11,40
2025-12-21,SKU058,16,41,11,40
2025-12-28,SKU058,58,0,11,40
2024-01-07,SKU059,108,0,12,48
2024-01-14,SKU059,89,0,12,48
2024-01-21,SKU059,68,0,12,48
2024-01-28,SKU059,48,56,12,48
2024-02-04,SKU059,72,0,12,48
2024-02-11,SKU059,55,0,12,48
2024-02-18,SKU059,79,0,12,48
2024-02-25,SKU059,62,0,12,48
2024-03-03,SKU059,71,0,12,48
2024-03-10,SKU059,54,0,12,48
2024-03-17,SKU059,38,42,12,48
2024-03-24,SKU059,87,0,12,48
2024-03-31,SKU059,70,0,12,48
2024-04-07,SKU059,100,0,12,48
2024-04-14,SKU059,80,0,12,48
2024-04-21,SKU059,58,0,12,48
2024-04-28,SKU059,37,34,12,48
2024-05-05,SKU059,15,59,12,48
2024-05-12,SKU059,0,59,12,48
2024-05-19,SKU059,46,0,12,48
2024-05-26,SKU059,79,0,12,48
2024-06-02,SKU059,61,0,12,48
2024-06-09,SKU059,90,0,12,48
2024-06-16,SKU059,68,0,12,48
2024-06-23,SKU059,119,0,12,48
2024-06-30,SKU059,101,0,12,48
2024-07-07,SKU059,79,0,12,48
2024-07-14,SKU059,57,0,12,48
2024-07-21,SKU059,81,0,12,48
2024-07-28,SKU059,62,0,12,48
2024-08-04,SKU059,81,0,12,48
2024-08-11,SKU059,64,0,12,48
2024-08-18,SKU059,45,65,12,48
2024-08-25,SKU059,26,72,12,48
2024-09-01,SKU059,9,48,12,48
2024-09-08,SKU059,33,0,12,48
2024-09-15,SKU059,79,0,12,48
2024-09-22,SKU059,59,0,12,48
2024-09-29,SKU059,94,0,12,48
2024-10-06,SKU059,77,0,12,48
2024-10-13,SKU059,57,0,12,48
2024-10-20,SKU059,103,0,12,48
2024-10-27,SKU059,85,0,12,48
2024-11-03,SKU059,68,0,12,48
2024-11-10,SKU059,48,50,12,48
2024-11-17,SKU059,30,44,12,48
2024-11-24,SKU059,0,39,12,48
2024-12-01,SKU059,45,0,12,48
2024-12-08,SKU059,55,0,12,48
2024-12-15,SKU059,74,0,12,48
2024-12-22,SKU059,57,0,12,48
2024-12-29,SKU059,88,0,12,48
2025-01-05,SKU059,66,0,12,48
2025-01-12,SKU059,50,0,12,48
2025-01-19,SKU059,69,0,12,48
2025-01-26,SKU059,55,0,12,48
2025-02-02,SKU059,37,62,12,48
2025-02-09,SKU059,77,0,12,48
2025-02-16,SKU059,59,0,12,48
2025-02-23,SKU059,78,0,12,48
2025-03-02,SKU059,58,0,12,48
2025-03-09,SKU059,84,0,12,48
2025-03-16,SKU059,63,0,12,48
2025-03-23,SKU059,38,67,12,48
2025-03-30,SKU059,20,41,12,48
2025-04-06,SKU059,2,71,12,48
2025-04-13,SKU059,64,0,12,48
2025-04-20,SKU059,48,40,12,48
2025-04-27,SKU059,100,0,12,48
2025-05-04,SKU059,84,0,12,48
2025-05-11,SKU059,68,0,12,48
2025-05-18,SKU059,99,0,12,48
2025-05-25,SKU059,82,0,12,48
2025-06-01,SKU059,69,0,12,48
2025-06-08,SKU059,55,0,12,48
2025-06-15,SKU059,81,0,12,48
2025-06-22,SKU059,61,0,12,48
2025-06-29,SKU059,84,0,12,48
2025-07-06,SKU059,69,0,12,48
2025-07-13,SKU059,52,0,12,48
2025-07-20,SKU059,75,0,12,48
2025-07-27,SKU059,59,0,12,48
2025-08-03,SKU059,93,0,12,48
2025-08-10,SKU059,77,0,12,48
2025-08-17,SKU059,54,0,12,48
2025-08-24,SKU059,99,0,12,48
2025-08-31,SKU059,84,0,12,48
2025-09-07,SKU059,67,0,12,48
2025-09-14,SKU059,55,0,12,48
2025-09-21,SKU059,39,36,12,48
2025-09-28,SKU059,25,54,12,48
2025-10-05,SKU059,64,0,12,48
2025-10-12,SKU059,79,0,12,48
2025-10-19,SKU059,63,0,12,48
2025-10-26,SKU059,28,35,12,48
2025-11-02,SKU059,72,0,12,48
2025-11-09,SKU059,52,0,12,48
2025-11-16,SKU059,99,0,12,48
2025-11-23,SKU059,76,0,12,48
2025-11-30,SKU059,45,45,12,48
2025-12-07,SKU059,61,0,12,48
2025-12-14,SKU059,108,0,12,48
2025-12-21,SKU059,93,0,12,48
2025-12-28,SKU059,71,0,12,48
2024-01-07,SKU060,133,0,5,49
2024-01-14,SKU060,77,0,5,49
2024-01-21,SKU060,252,0,5,49
2024-01-28,SKU060,206,0,5,49
2024-02-04,SKU060,163,0,5,49
2024-02-11,SKU060,108,0,5,49
2024-02-18,SKU060,51,0,5,49
2024-02-25,SKU060,194,0,5,49
2024-03-03,SKU060,144,0,5,49
2024-03-10,SKU060,85,0,5,49
2024-03-17,SKU060,34,213,5,49
2024-03-24,SKU060,0,127,5,49
2024-03-31,SKU060,163,0,5,49
2024-04-07,SKU060,111,0,5,49
2024-04-14,SKU060,60,0,5,49
2024-04-21,SKU060,15,213,5,49
2024-04-28,SKU060,0,179,5,49
2024-05-05,SKU060,0,191,5,49
2024-05-12,SKU060,0,199,5,49
2024-05-19,SKU060,180,0,5,49
2024-05-26,SKU060,135,0,5,49
2024-06-02,SKU060,90,0,5,49
2024-06-09,SKU060,251,0,5,49
2024-06-16,SKU060,181,0,5,49
2024-06-23,SKU060,126,0,5,49
2024-06-30,SKU060,84,0,5,49
2024-07-07,SKU060,151,0,5,49
2024-07-14,SKU060,102,0,5,49
2024-07-21,SKU060,55,0,5,49
2024-07-28,SKU060,9,221,5,49
2024-08-04,SKU060,0,147,5,49
2024-08-11,SKU060,130,0,5,49
2024-08-18,SKU060,60,0,5,49
2024-08-25,SKU060,214,0,5,49
2024-09-01,SKU060,156,0,5,49
2024-09-08,SKU060,99,0,5,49
2024-09-15,SKU060,52,0,5,49
2024-09-22,SKU060,14,151,5,49
2024-09-29,SKU060,0,90,5,49
2024-10-06,SKU060,213,0,5,49
2024-10-13,SKU060,148,0,5,49
2024-10-20,SKU060,73,0,5,49
2024-10-27,SKU060,210,0,5,49
2024-11-03,SKU060,131,0,5,49
2024-11-10,SKU060,50,0,5,49
2024-11-17,SKU060,123,0,5,49
2024-11-24,SKU060,43,161,5,49
2024-12-01,SKU060,182,0,5,49
2024-12-08,SKU060,91,0,5,49
2024-12-15,SKU060,34,204,5,49
2024-12-22,SKU060,196,0,5,49
2024-12-29,SKU060,132,0,5,49
2025-01-05,SKU060,86,0,5,49
2025-01-12,SKU060,159,0,5,49
2025-01-19,SKU060,113,0,5,49
2025-01-26,SKU060,63,0,5,49
2025-02-02,SKU060,210,0,5,49
2025-02-09,SKU060,150,0,5,49
2025-02-16,SKU060,96,0,5,49
2025-02-23,SKU060,50,0,5,49
2025-03-02,SKU060,223,0,5,49
2025-03-09,SKU060,163,0,5,49
2025-03-16,SKU060,97,0,5,49
2025-03-23,SKU060,24,175,5,49
2025-03-30,SKU060,0,126,5,49
2025-04-06,SKU060,0,160,5,49
2025-04-13,SKU060,142,0,5,49
2025-04-20,SKU060,86,0,5,49
2025-04-27,SKU060,179,0,5,49
2025-05-04,SKU060,129,0,5,49
2025-05-11,SKU060,72,0,5,49
2025-05-18,SKU060,234,0,5,49
2025-05-25,SKU060,187,0,5,49
2025-06-01,SKU060,138,0,5,49
2025-06-08,SKU060,91,0,5,49
2025-06-15,SKU060,19,103,5,49
2025-06-22,SKU060,94,0,5,49
2025-06-29,SKU060,51,0,5,49
2025-07-06,SKU060,180,0,5,49
2025-07-13,SKU060,137,0,5,49
2025-07-20,SKU060,87,0,5,49
2025-07-27,SKU060,260,0,5,49
2025-08-03,SKU060,218,0,5,49
2025-08-10,SKU060,168,0,5,49
2025-08-17,SKU060,89,0,5,49
2025-08-24,SKU060,161,0,5,49
2025-08-31,SKU060,102,0,5,49
2025-09-07,SKU060,57,0,5,49
2025-09-14,SKU060,2,154,5,49
2025-09-21,SKU060,148,0,5,49
2025-09-28,SKU060,98,0,5,49
2025-10-05,SKU060,234,0,5,49
2025-10-12,SKU060,172,0,5,49
2025-10-19,SKU060,99,0,5,49
2025-10-26,SKU060,204,0,5,49
2025-11-02,SKU060,100,0,5,49
2025-11-09,SKU060,191,0,5,49
2025-11-16,SKU060,115,0,5,49
2025-11-23,SKU060,42,154,5,49
2025-11-30,SKU060,192,0,5,49
2025-12-07,SKU060,112,0,5,49
2025-12-14,SKU060,213,0,5,49
2025-12-21,SKU060,144,0,5,49
2025-12-28,SKU060,86,0,5,49
2024-01-07,SKU061,97,0,7,46
2024-01-14,SKU061,65,0,7,46
2024-01-21,SKU061,34,80,7,46
2024-01-28,SKU061,0,99,7,46
2024-02-04,SKU061,0,117,7,46
2024-02-11,SKU061,103,0,7,46
2024-02-18,SKU061,72,0,7,46
2024-02-25,SKU061,108,0,7,46
2024-03-03,SKU061,73,0,7,46
2024-03-10,SKU061,129,0,7,46
2024-03-17,SKU061,97,0,7,46
2024-03-24,SKU061,67,0,7,46
2024-03-31,SKU061,156,0,7,46
2024-04-07,SKU061,118,0,7,46
2024-04-14,SKU061,89,0,7,46
2024-04-21,SKU061,58,0,7,46
2024-04-28,SKU061,140,0,7,46
2024-05-05,SKU061,105,0,7,46
2024-05-12,SKU061,77,0,7,46
2024-05-19,SKU061,40,80,7,46
2024-05-26,SKU061,124,0,7,46
2024-06-02,SKU061,96,0,7,46
2024-06-09,SKU061,64,0,7,46
2024-06-16,SKU061,85,0,7,46
2024-06-23,SKU061,46,83,7,46
2024-06-30,SKU061,138,0,7,46
2024-07-07,SKU061,111,0,7,46
2024-07-14,SKU061,84,0,7,46
2024-07-21,SKU061,62,0,7,46
2024-07-28,SKU061,104,0,7,46
2024-08-04,SKU061,73,0,7,46
2024-08-11,SKU061,111,0,7,46
2024-08-18,SKU061,64,0,7,46
2024-08-25,SKU061,154,0,7,46
2024-09-01,SKU061,122,0,7,46
2024-09-08,SKU061,89,0,7,46
2024-09-15,SKU061,63,0,7,46
2024-09-22,SKU061,40,129,7,46
2024-09-29,SKU061,0,128,7,46
2024-10-06,SKU061,0,131,7,46
2024-10-13,SKU061,0,73,7,46
2024-10-20,SKU061,0,71,7,46
2024-10-27,SKU061,0,130,7,46
2024-11-03,SKU061,72,0,7,46
2024-11-10,SKU061,141,0,7,46
2024-11-17,SKU061,104,0,7,46
2024-11-24,SKU061,118,0,7,46
2024-12-01,SKU061,72,0,7,46
2024-12-08,SKU061,138,0,7,46
2024-12-15,SKU061,95,0,7,46
2024-12-22,SKU061,54,0,7,46
2024-12-29,SKU061,15,62,7,46
2025-01-05,SKU061,0,53,7,46
2025-01-12,SKU061,74,0,7,46
2025-01-19,SKU061,144,0,7,46
2025-01-26,SKU061,113,0,7,46
2025-02-02,SKU061,83,0,7,46
2025-02-09,SKU061,55,0,7,46
2025-02-16,SKU061,157,0,7,46
2025-02-23,SKU061,132,0,7,46
2025-03-02,SKU061,98,0,7,46
2025-03-09,SKU061,72,0,7,46
2025-03-16,SKU061,116,0,7,46
2025-03-23,SKU061,67,0,7,46
2025-03-30,SKU061,32,92,7,46
2025-04-06,SKU061,87,0,7,46
2025-04-13,SKU061,56,0,7,46
2025-04-20,SKU061,133,0,7,46
2025-04-27,SKU061,103,0,7,46
2025-05-04,SKU061,68,0,7,46
2025-05-11,SKU061,32,66,7,46
2025-05-18,SKU061,5,61,7,46
2025-05-25,SKU061,0,124,7,46
2025-06-01,SKU061,118,0,7,46
2025-06-08,SKU061,89,0,7,46
2025-06-15,SKU061,124,0,7,46
2025-06-22,SKU061,90,0,7,46
2025-06-29,SKU061,61,0,7,46
2025-07-06,SKU061,29,101,7,46
2025-07-13,SKU061,76,0,7,46
2025-07-20,SKU061,49,0,7,46
2025-07-27,SKU061,17,98,7,46
2025-08-03,SKU061,119,0,7,46
2025-08-10,SKU061,81,0,7,46
2025-08-17,SKU061,159,0,7,46
2025-08-24,SKU061,121,0,7,46
2025-08-31,SKU061,93,0,7,46
2025-09-07,SKU061,61,0,7,46
2025-09-14,SKU061,37,70,7,46
2025-09-21,SKU061,7,120,7,46
2025-09-28,SKU061,65,0,7,46
2025-10-05,SKU061,120,0,7,46
2025-10-12,SKU061,75,0,7,46
2025-10-19,SKU061,161,0,7,46
2025-10-26,SKU061,98,0,7,46
2025-11-02,SKU061,92,0,7,46
2025-11-09,SKU061,48,0,7,46
2025-11-16,SKU061,135,0,7,46
2025-11-23,SKU061,87,0,7,46
2025-11-30,SKU061,129,0,7,46
2025-12-07,SKU061,74,0,7,46
2025-12-14,SKU061,158,0,7,46
2025-12-21,SKU061,123,0,7,46
2025-12-28,SKU061,88,0,7,46
2024-01-07,SKU062,274,0,12,190
2024-01-14,SKU062,199,0,12,190
2024-01-21,SKU062,297,0,12,190
2024-01-28,SKU062,212,0,12,190
2024-02-04,SKU062,123,131,12,190
2024-02-11,SKU062,34,208,12,190
2024-02-18,SKU062,132,0,12,190
2024-02-25,SKU062,252,0,12,190
2024-03-03,SKU062,484,0,12,190
2024-03-10,SKU062,411,0,12,190
2024-03-17,SKU062,322,0,12,190
2024-03-24,SKU062,235,0,12,190
2024-03-31,SKU062,148,142,12,190
2024-04-07,SKU062,67,312,12,190
2024-04-14,SKU062,241,0,12,190
2024-04-21,SKU062,160,159,12,190
2024-04-28,SKU062,269,0,12,190
2024-05-05,SKU062,176,309,12,190
2024-05-12,SKU062,81,226,12,190
2024-05-19,SKU062,291,0,12,190
2024-05-26,SKU062,203,0,12,190
2024-06-02,SKU062,358,0,12,190
2024-06-09,SKU062,285,0,12,190
2024-06-16,SKU062,192,0,12,190
2024-06-23,SKU062,364,0,12,190
2024-06-30,SKU062,275,0,12,190
2024-07-07,SKU062,192,0,12,190
2024-07-14,SKU062,366,0,12,190
2024-07-21,SKU062,268,0,12,190
2024-07-28,SKU062,190,159,12,190
2024-08-04,SKU062,116,197,12,190
2024-08-11,SKU062,19,184,12,190
2024-08-18,SKU062,0,266,12,190
2024-08-25,SKU062,279,0,12,190
2024-09-01,SKU062,191,0,12,190
2024-09-08,SKU062,364,0,12,190
2024-09-15,SKU062,280,0,12,190
2024-09-22,SKU062,201,0,12,190
2024-09-29,SKU062,125,293,12,190
2024-10-06,SKU062,346,0,12,190
2024-10-13,SKU062,262,0,12,190
2024-10-20,SKU062,166,165,12,190
2024-10-27,SKU062,76,273,12,190
2024-11-03,SKU062,0,244,12,190
2024-11-10,SKU062,242,0,12,190
2024-11-17,SKU062,160,197,12,190
2024-11-24,SKU062,192,0,12,190
2024-12-01,SKU062,289,0,12,190
2024-12-08,SKU062,382,0,12,190
2024-12-15,SKU062,288,0,12,190
2024-12-22,SKU062,206,0,12,190
2024-12-29,SKU062,346,0,12,190
2025-01-05,SKU062,267,0,12,190
2025-01-12,SKU062,192,0,12,190
2025-01-19,SKU062,452,0,12,190
2025-01-26,SKU062,368,0,12,190
2025-02-02,SKU062,297,0,12,190
2025-02-09,SKU062,213,0,12,190
2025-02-16,SKU062,457,0,12,190
2025-02-23,SKU062,394,0,12,190
2025-03-02,SKU062,326,0,12,190
2025-03-09,SKU062,256,0,12,190
2025-03-16,SKU062,335,0,12,190
2025-03-23,SKU062,226,0,12,190
2025-03-30,SKU062,128,184,12,190
2025-04-06,SKU062,54,265,12,190
2025-04-13,SKU062,0,287,12,190
2025-04-20,SKU062,152,0,12,190
2025-04-27,SKU062,318,0,12,190
2025-05-04,SKU062,258,0,12,190
2025-05-11,SKU062,413,0,12,190
2025-05-18,SKU062,356,0,12,190
2025-05-25,SKU062,275,0,12,190
2025-06-01,SKU062,218,0,12,190
2025-06-08,SKU062,140,192,12,190
2025-06-15,SKU062,30,220,12,190
2025-06-22,SKU062,259,0,12,190
2025-06-29,SKU062,203,0,12,190
2025-07-06,SKU062,124,309,12,190
2025-07-13,SKU062,208,0,12,190
2025-07-20,SKU062,341,0,12,190
2025-07-27,SKU062,263,0,12,190
2025-08-03,SKU062,199,0,12,190
2025-08-10,SKU062,143,259,12,190
2025-08-17,SKU062,36,283,12,190
2025-08-24,SKU062,208,0,12,190
2025-08-31,SKU062,427,0,12,190
2025-09-07,SKU062,348,0,12,190
2025-09-14,SKU062,280,0,12,190
2025-09-21,SKU062,211,0,12,190
2025-09-28,SKU062,143,241,12,190
2025-10-05,SKU062,279,0,12,190
2025-10-12,SKU062,184,262,12,190
2025-10-19,SKU062,402,0,12,190
2025-10-26,SKU062,281,0,12,190
2025-11-02,SKU062,137,208,12,190
2025-11-09,SKU062,198,0,12,190
2025-11-16,SKU062,410,0,12,190
2025-11-23,SKU062,317,0,12,190
2025-11-30,SKU062,192,0,12,190
2025-12-07,SKU062,346,0,12,190
2025-12-14,SKU062,232,0,12,190
2025-12-21,SKU062,403,0,12,190
2025-12-28,SKU062,297,0,12,190
2024-01-07,SKU063,220,0,11,156
2024-01-14,SKU063,288,0,11,156
2024-01-21,SKU063,224,0,11,156
2024-01-28,SKU063,161,0,11,156
2024-02-04,SKU063,96,149,11,156
2024-02-11,SKU063,136,0,11,156
2024-02-18,SKU063,56,172,11,156
2024-02-25,SKU063,0,214,11,156
2024-03-03,SKU063,187,0,11,156
2024-03-10,SKU063,115,175,11,156
2024-03-17,SKU063,313,0,11,156
2024-03-24,SKU063,252,0,11,156
2024-03-31,SKU063,174,0,11,156
2024-04-07,SKU063,280,0,11,156
2024-04-14,SKU063,218,0,11,156
2024-04-21,SKU063,295,0,11,156
2024-04-28,SKU063,215,0,11,156
2024-05-05,SKU063,368,0,11,156
2024-05-12,SKU063,302,0,11,156
2024-05-19,SKU063,242,0,11,156
2024-05-26,SKU063,168,0,11,156
2024-06-02,SKU063,88,252,11,156
2024-06-09,SKU063,20,167,11,156
2024-06-16,SKU063,129,0,11,156
2024-06-23,SKU063,53,259,11,156
2024-06-30,SKU063,132,0,11,156
2024-07-07,SKU063,299,0,11,156
2024-07-14,SKU063,256,0,11,156
2024-07-21,SKU063,206,0,11,156
2024-07-28,SKU063,147,216,11,156
2024-08-04,SKU063,225,0,11,156
2024-08-11,SKU063,161,0,11,156
2024-08-18,SKU063,92,147,11,156
2024-08-25,SKU063,254,0,11,156
2024-09-01,SKU063,209,0,11,156
2024-09-08,SKU063,329,0,11,156
2024-09-15,SKU063,282,0,11,156
2024-09-22,SKU063,209,0,11,156
2024-09-29,SKU063,166,0,11,156
2024-10-06,SKU063,98,251,11,156
2024-10-13,SKU063,227,0,11,156
2024-10-20,SKU063,296,0,11,156
2024-10-27,SKU063,167,0,11,156
2024-11-03,SKU063,70,264,11,156
2024-11-10,SKU063,116,0,11,156
2024-11-17,SKU063,201,0,11,156
2024-11-24,SKU063,116,196,11,156
2024-12-01,SKU063,166,0,11,156
2024-12-08,SKU063,55,163,11,156
2024-12-15,SKU063,0,240,11,156
2024-12-22,SKU063,177,0,11,156
2024-12-29,SKU063,293,0,11,156
2025-01-05,SKU063,232,0,11,156
2025-01-12,SKU063,178,0,11,156
2025-01-19,SKU063,241,0,11,156
2025-01-26,SKU063,192,0,11,156
2025-02-02,SKU063,269,0,11,156
2025-02-09,SKU063,219,0,11,156
2025-02-16,SKU063,175,0,11,156
2025-02-23,SKU063,365,0,11,156
2025-03-02,SKU063,310,0,11,156
2025-03-09,SKU063,243,0,11,156
2025-03-16,SKU063,166,0,11,156
2025-03-23,SKU063,324,0,11,156
2025-03-30,SKU063,257,0,11,156
2025-04-06,SKU063,189,0,11,156
2025-04-13,SKU063,247,0,11,156
2025-04-20,SKU063,192,0,11,156
2025-04-27,SKU063,240,0,11,156
2025-05-04,SKU063,170,0,11,156
2025-05-11,SKU063,117,151,11,156
2025-05-18,SKU063,76,208,11,156
2025-05-25,SKU063,262,0,11,156
2025-06-01,SKU063,198,0,11,156
2025-06-08,SKU063,257,0,11,156
2025-06-15,SKU063,179,0,11,156
2025-06-22,SKU063,280,0,11,156
2025-06-29,SKU063,220,0,11,156
2025-07-06,SKU063,170,0,11,156
2025-07-13,SKU063,368,0,11,156
2025-07-20,SKU063,311,0,11,156
2025-07-27,SKU063,259,0,11,156
2025-08-03,SKU063,206,0,11,156
2025-08-10,SKU063,137,243,11,156
2025-08-17,SKU063,21,115,11,156
2025-08-24,SKU063,247,0,11,156
2025-08-31,SKU063,190,0,11,156
2025-09-07,SKU063,134,169,11,156
2025-09-14,SKU063,307,0,11,156
2025-09-21,SKU063,234,0,11,156
2025-09-28,SKU063,158,0,11,156
2025-10-05,SKU063,53,146,11,156
2025-10-12,SKU063,156,0,11,156
2025-10-19,SKU063,72,123,11,156
2025-10-26,SKU063,230,0,11,156
2025-11-02,SKU063,313,0,11,156
2025-11-09,SKU063,217,0,11,156
2025-11-16,SKU063,269,0,11,156
2025-11-23,SKU063,188,0,11,156
2025-11-30,SKU063,56,116,11,156
2025-12-07,SKU063,264,0,11,156
2025-12-14,SKU063,186,0,11,156
2025-12-21,SKU063,270,0,11,156
2025-12-28,SKU063,196,0,11,156
2024-01-07,SKU064,296,0,14,146
2024-01-14,SKU064,231,0,14,146
2024-01-21,SKU064,182,0,14,146
2024-01-28,SKU064,117,204,14,146
2024-02-04,SKU064,198,0,14,146
2024-02-11,SKU064,149,0,14,146
2024-02-18,SKU064,89,101,14,146
2024-02-25,SKU064,26,172,14,146
2024-03-03,SKU064,128,0,14,146
2024-03-10,SKU064,275,0,14,146
2024-03-17,SKU064,215,0,14,146
2024-03-24,SKU064,149,0,14,146
2024-03-31,SKU064,85,117,14,146
2024-04-07,SKU064,28,160,14,146
2024-04-14,SKU064,0,121,14,146
2024-04-21,SKU064,130,0,14,146
2024-04-28,SKU064,264,0,14,146
2024-05-05,SKU064,205,0,14,146
2024-05-12,SKU064,150,0,14,146
2024-05-19,SKU064,279,0,14,146
2024-05-26,SKU064,231,0,14,146
2024-06-02,SKU064,172,0,14,146
2024-06-09,SKU064,117,161,14,146
2024-06-16,SKU064,275,0,14,146
2024-06-23,SKU064,214,0,14,146
2024-06-30,SKU064,151,0,14,146
2024-07-07,SKU064,185,0,14,146
2024-07-14,SKU064,321,0,14,146
2024-07-21,SKU064,265,0,14,146
2024-07-28,SKU064,202,0,14,146
2024-08-04,SKU064,139,191,14,146
2024-08-11,SKU064,222,0,14,146
2024-08-18,SKU064,169,0,14,146
2024-08-25,SKU064,213,0,14,146
2024-09-01,SKU064,155,0,14,146
2024-09-08,SKU064,250,0,14,146
2024-09-15,SKU064,185,0,14,146
2024-09-22,SKU064,287,0,14,146
2024-09-29,SKU064,222,0,14,146
2024-10-06,SKU064,174,0,14,146
2024-10-13,SKU064,110,159,14,146
2024-10-20,SKU064,48,173,14,146
2024-10-27,SKU064,0,125,14,146
2024-11-03,SKU064,0,192,14,146
2024-11-10,SKU064,0,200,14,146
2024-11-17,SKU064,120,0,14,146
2024-11-24,SKU064,42,193,14,146
2024-12-01,SKU064,204,0,14,146
2024-12-08,SKU064,135,129,14,146
2024-12-15,SKU064,220,0,14,146
2024-12-22,SKU064,160,0,14,146
2024-12-29,SKU064,259,0,14,146
2025-01-05,SKU064,207,0,14,146
2025-01-12,SKU064,155,0,14,146
2025-01-19,SKU064,295,0,14,146
2025-01-26,SKU064,241,0,14,146
2025-02-02,SKU064,190,0,14,146
2025-02-09,SKU064,262,0,14,146
2025-02-16,SKU064,205,0,14,146
2025-02-23,SKU064,150,0,14,146
2025-03-02,SKU064,105,202,14,146
2025-03-09,SKU064,56,212,14,146
2025-03-16,SKU064,174,0,14,146
2025-03-23,SKU064,95,111,14,146
2025-03-30,SKU064,44,179,14,146
2025-04-06,SKU064,0,116,14,146
2025-04-13,SKU064,173,0,14,146
2025-04-20,SKU064,297,0,14,146
2025-04-27,SKU064,237,0,14,146
2025-05-04,SKU064,199,0,14,146
2025-05-11,SKU064,147,0,14,146
2025-05-18,SKU064,203,0,14,146
2025-05-25,SKU064,155,0,14,146
2025-06-01,SKU064,252,0,14,146
2025-06-08,SKU064,198,0,14,146
2025-06-15,SKU064,140,164,14,146
2025-06-22,SKU064,293,0,14,146
2025-06-29,SKU064,249,0,14,146
2025-07-06,SKU064,203,0,14,146
2025-07-13,SKU064,150,0,14,146
2025-07-20,SKU064,210,0,14,146
2025-07-27,SKU064,163,0,14,146
2025-08-03,SKU064,297,0,14,146
2025-08-10,SKU064,249,0,14,146
2025-08-17,SKU064,189,0,14,146
2025-08-24,SKU064,139,120,14,146
2025-08-31,SKU064,94,131,14,146
2025-09-07,SKU064,50,118,14,146
2025-09-14,SKU064,97,0,14,146
2025-09-21,SKU064,45,121,14,146
2025-09-28,SKU064,0,167,14,146
2025-10-05,SKU064,145,0,14,146
2025-10-12,SKU064,86,207,14,146
2025-10-19,SKU064,16,86,14,146
2025-10-26,SKU064,153,0,14,146
2025-11-02,SKU064,57,90,14,146
2025-11-09,SKU064,94,0,14,146
2025-11-16,SKU064,200,0,14,146
2025-11-23,SKU064,126,148,14,146
2025-11-30,SKU064,40,204,14,146
2025-12-07,SKU064,0,191,14,146
2025-12-14,SKU064,114,0,14,146
2025-12-21,SKU064,151,0,14,146
2025-12-28,SKU064,290,0,14,146
2024-01-07,SKU065,106,0,2,27
2024-01-14,SKU065,198,0,2,27
2024-01-21,SKU065,117,0,2,27
2024-01-28,SKU065,40,0,2,27
2024-02-04,SKU065,136,0,2,27
2024-02-11,SKU065,48,0,2,27
2024-02-18,SKU065,201,0,2,27
2024-02-25,SKU065,123,0,2,27
2024-03-03,SKU065,33,0,2,27
2024-03-10,SKU065,0,183,2,27
2024-03-17,SKU065,150,0,2,27
2024-03-24,SKU065,56,0,2,27
2024-03-31,SKU065,0,291,2,27
2024-04-07,SKU065,0,190,2,27
2024-04-14,SKU065,0,146,2,27
2024-04-21,SKU065,173,0,2,27
2024-04-28,SKU065,90,0,2,27
2024-05-05,SKU065,308,0,2,27
2024-05-12,SKU065,214,0,2,27
2024-05-19,SKU065,122,0,2,27
2024-05-26,SKU065,42,0,2,27
2024-06-02,SKU065,197,0,2,27
2024-06-09,SKU065,110,0,2,27
2024-06-16,SKU065,194,0,2,27
2024-06-23,SKU065,121,0,2,27
2024-06-30,SKU065,30,0,2,27
2024-07-07,SKU065,0,246,2,27
2024-07-14,SKU065,0,254,2,27
2024-07-21,SKU065,0,272,2,27
2024-07-28,SKU065,242,0,2,27
2024-08-04,SKU065,149,0,2,27
2024-08-11,SKU065,71,0,2,27
2024-08-18,SKU065,244,0,2,27
2024-08-25,SKU065,152,0,2,27
2024-09-01,SKU065,81,0,2,27
2024-09-08,SKU065,0,245,2,27
2024-09-15,SKU065,0,158,2,27
2024-09-22,SKU065,0,281,2,27
2024-09-29,SKU065,0,231,2,27
2024-10-06,SKU065,148,0,2,27
2024-10-13,SKU065,58,0,2,27
2024-10-20,SKU065,0,181,2,27
2024-10-27,SKU065,157,0,2,27
2024-11-03,SKU065,73,0,2,27
2024-11-10,SKU065,0,245,2,27
2024-11-17,SKU065,211,0,2,27
2024-11-24,SKU065,137,0,2,27
2024-12-01,SKU065,59,0,2,27
2024-12-08,SKU065,0,292,2,27
2024-12-15,SKU065,0,151,2,27
2024-12-22,SKU065,201,0,2,27
2024-12-29,SKU065,140,0,2,27
2025-01-05,SKU065,79,0,2,27
2025-01-12,SKU065,265,0,2,27
2025-01-19,SKU065,195,0,2,27
2025-01-26,SKU065,121,0,2,27
2025-02-02,SKU065,28,0,2,27
2025-02-09,SKU065,0,144,2,27
2025-02-16,SKU065,151,0,2,27
2025-02-23,SKU065,72,0,2,27
2025-03-02,SKU065,0,245,2,27
2025-03-09,SKU065,0,306,2,27
2025-03-16,SKU065,244,0,2,27
2025-03-23,SKU065,112,0,2,27
2025-03-30,SKU065,0,280,2,27
2025-04-06,SKU065,142,0,2,27
2025-04-13,SKU065,64,0,2,27
2025-04-20,SKU065,229,0,2,27
2025-04-27,SKU065,140,0,2,27
2025-05-04,SKU065,77,0,2,27
2025-05-11,SKU065,203,0,2,27
2025-05-18,SKU065,131,0,2,27
2025-05-25,SKU065,57,0,2,27
2025-06-01,SKU065,195,0,2,27
2025-06-08,SKU065,127,0,2,27
2025-06-15,SKU065,25,138,2,27
2025-06-22,SKU065,307,0,2,27
2025-06-29,SKU065,240,0,2,27
2025-07-06,SKU065,186,0,2,27
2025-07-13,SKU065,122,0,2,27
2025-07-20,SKU065,48,0,2,27
2025-07-27,SKU065,0,219,2,27
2025-08-03,SKU065,292,0,2,27
2025-08-10,SKU065,226,0,2,27
2025-08-17,SKU065,107,0,2,27
2025-08-24,SKU065,31,0,2,27
2025-08-31,SKU065,292,0,2,27
2025-09-07,SKU065,227,0,2,27
2025-09-14,SKU065,156,0,2,27
2025-09-21,SKU065,82,0,2,27
2025-09-28,SKU065,318,0,2,27
2025-10-05,SKU065,241,0,2,27
2025-10-12,SKU065,171,0,2,27
2025-10-19,SKU065,78,0,2,27
2025-10-26,SKU065,229,0,2,27
2025-11-02,SKU065,89,0,2,27
2025-11-09,SKU065,0,219,2,27
2025-11-16,SKU065,263,0,2,27
2025-11-23,SKU065,152,0,2,27
2025-11-30,SKU065,31,0,2,27
2025-12-07,SKU065,135,0,2,27
2025-12-14,SKU065,38,0,2,27
2025-12-21,SKU065,302,0,2,27
2025-12-28,SKU065,214,0,2,27
2024-01-07,SKU066,76,186,13,129
2024-01-14,SKU066,30,90,13,129
2024-01-21,SKU066,166,0,13,129
2024-01-28,SKU066,199,0,13,129
2024-02-04,SKU066,141,0,13,129
2024-02-11,SKU066,96,114,13,129
2024-02-18,SKU066,51,198,13,129
2024-02-25,SKU066,0,120,13,129
2024-03-03,SKU066,180,0,13,129
2024-03-10,SKU066,119,81,13,129
2024-03-17,SKU066,66,157,13,129
2024-03-24,SKU066,19,145,13,129
2024-03-31,SKU066,0,86,13,129
2024-04-07,SKU066,160,0,13,129
2024-04-14,SKU066,212,0,13,129
2024-04-21,SKU066,162,0,13,129
2024-04-28,SKU066,254,0,13,129
2024-05-05,SKU066,205,0,13,129
2024-05-12,SKU066,158,0,13,129
2024-05-19,SKU066,235,0,13,129
2024-05-26,SKU066,181,0,13,129
2024-06-02,SKU066,238,0,13,129
2024-06-09,SKU066,203,0,13,129
2024-06-16,SKU066,140,0,13,129
2024-06-23,SKU066,291,0,13,129
2024-06-30,SKU066,252,0,13,129
2024-07-07,SKU066,223,0,13,129
2024-07-14,SKU066,187,0,13,129
2024-07-21,SKU066,152,0,13,129
2024-07-28,SKU066,256,0,13,129
2024-08-04,SKU066,221,0,13,129
2024-08-11,SKU066,177,0,13,129
2024-08-18,SKU066,248,0,13,129
2024-08-25,SKU066,205,0,13,129
2024-09-01,SKU066,165,0,13,129
2024-09-08,SKU066,230,0,13,129
2024-09-15,SKU066,194,0,13,129
2024-09-22,SKU066,162,0,13,129
2024-09-29,SKU066,118,193,13,129
2024-10-06,SKU066,255,0,13,129
2024-10-13,SKU066,213,0,13,129
2024-10-20,SKU066,167,0,13,129
2024-10-27,SKU066,155,0,13,129
2024-11-03,SKU066,227,0,13,129
2024-11-10,SKU066,169,0,13,129
2024-11-17,SKU066,213,0,13,129
2024-11-24,SKU066,150,0,13,129
2024-12-01,SKU066,69,120,13,129
2024-12-08,SKU066,124,0,13,129
2024-12-15,SKU066,243,0,13,129
2024-12-22,SKU066,181,0,13,129
2024-12-29,SKU066,130,0,13,129
2025-01-05,SKU066,96,105,13,129
2025-01-12,SKU066,148,0,13,129
2025-01-19,SKU066,118,160,13,129
2025-01-26,SKU066,73,95,13,129
2025-02-02,SKU066,173,0,13,129
2025-02-09,SKU066,249,0,13,129
2025-02-16,SKU066,206,0,13,129
2025-02-23,SKU066,164,0,13,129
2025-03-02,SKU066,203,0,13,129
2025-03-09,SKU066,145,0,13,129
2025-03-16,SKU066,96,182,13,129
2025-03-23,SKU066,27,163,13,129
2025-03-30,SKU066,0,131,13,129
2025-04-06,SKU066,98,0,13,129
2025-04-13,SKU066,55,87,13,129
2025-04-20,SKU066,128,0,13,129
2025-04-27,SKU066,78,97,13,129
2025-05-04,SKU066,42,188,13,129
2025-05-11,SKU066,129,0,13,129
2025-05-18,SKU066,89,151,13,129
2025-05-25,SKU066,48,143,13,129
2025-06-01,SKU066,197,0,13,129
2025-06-08,SKU066,153,0,13,129
2025-06-15,SKU066,277,0,13,129
2025-06-22,SKU066,220,0,13,129
2025-06-29,SKU066,173,0,13,129
2025-07-06,SKU066,132,0,13,129
2025-07-13,SKU066,278,0,13,129
2025-07-20,SKU066,229,0,13,129
2025-07-27,SKU066,183,0,13,129
2025-08-03,SKU066,132,0,13,129
2025-08-10,SKU066,271,0,13,129
2025-08-17,SKU066,204,0,13,129
2025-08-24,SKU066,148,0,13,129
2025-08-31,SKU066,112,109,13,129
2025-09-07,SKU066,209,0,13,129
2025-09-14,SKU066,165,0,13,129
2025-09-21,SKU066,305,0,13,129
2025-09-28,SKU066,249,0,13,129
2025-10-05,SKU066,194,0,13,129
2025-10-12,SKU066,131,0,13,129
2025-10-19,SKU066,83,138,13,129
2025-10-26,SKU066,0,148,13,129
2025-11-02,SKU066,83,0,13,129
2025-11-09,SKU066,180,0,13,129
2025-11-16,SKU066,218,0,13,129
2025-11-23,SKU066,138,0,13,129
2025-11-30,SKU066,202,0,13,129
2025-12-07,SKU066,209,0,13,129
2025-12-14,SKU066,157,0,13,129
2025-12-21,SKU066,95,162,13,129
2025-12-28,SKU066,154,0,13,129
2024-01-07,SKU067,135,0,8,88
2024-01-14,SKU067,80,189,8,88
2024-01-21,SKU067,21,167,8,88
2024-01-28,SKU067,0,195,8,88
2024-02-04,SKU067,135,0,8,88
2024-02-11,SKU067,81,208,8,88
2024-02-18,SKU067,175,0,8,88
2024-02-25,SKU067,123,0,8,88
2024-03-03,SKU067,176,0,8,88
2024-03-10,SKU067,118,0,8,88
2024-03-17,SKU067,242,0,8,88
2024-03-24,SKU067,186,0,8,88
2024-03-31,SKU067,136,0,8,88
2024-04-07,SKU067,82,179,8,88
2024-04-14,SKU067,131,0,8,88
2024-04-21,SKU067,168,0,8,88
2024-04-28,SKU067,111,0,8,88
2024-05-05,SKU067,56,92,8,88
2024-05-12,SKU067,203,0,8,88
2024-05-19,SKU067,139,0,8,88
2024-05-26,SKU067,253,0,8,88
2024-06-02,SKU067,195,0,8,88
2024-06-09,SKU067,146,0,8,88
2024-06-16,SKU067,89,0,8,88
2024-06-23,SKU067,30,125,8,88
2024-06-30,SKU067,0,159,8,88
2024-07-07,SKU067,196,0,8,88
2024-07-14,SKU067,133,0,8,88
2024-07-21,SKU067,280,0,8,88
2024-07-28,SKU067,230,0,8,88
2024-08-04,SKU067,176,0,8,88
2024-08-11,SKU067,122,0,8,88
2024-08-18,SKU067,60,149,8,88
2024-08-25,SKU067,147,0,8,88
2024-09-01,SKU067,87,201,8,88
2024-09-08,SKU067,137,0,8,88
2024-09-15,SKU067,280,0,8,88
2024-09-22,SKU067,226,0,8,88
2024-09-29,SKU067,167,0,8,88
2024-10-06,SKU067,106,0,8,88
2024-10-13,SKU067,136,0,8,88
2024-10-20,SKU067,88,150,8,88
2024-10-27,SKU067,174,0,8,88
2024-11-03,SKU067,87,145,8,88
2024-11-10,SKU067,134,0,8,88
2024-11-17,SKU067,79,156,8,88
2024-11-24,SKU067,0,185,8,88
2024-12-01,SKU067,0,103,8,88
2024-12-08,SKU067,179,0,8,88
2024-12-15,SKU067,123,0,8,88
2024-12-22,SKU067,244,0,8,88
2024-12-29,SKU067,198,0,8,88
2025-01-05,SKU067,152,0,8,88
2025-01-12,SKU067,102,0,8,88
2025-01-19,SKU067,63,164,8,88
2025-01-26,SKU067,22,116,8,88
2025-02-02,SKU067,0,153,8,88
2025-02-09,SKU067,0,130,8,88
2025-02-16,SKU067,115,0,8,88
2025-02-23,SKU067,234,0,8,88
2025-03-02,SKU067,191,0,8,88
2025-03-09,SKU067,147,0,8,88
2025-03-16,SKU067,96,0,8,88
2025-03-23,SKU067,213,0,8,88
2025-03-30,SKU067,163,0,8,88
2025-04-06,SKU067,104,0,8,88
2025-04-13,SKU067,187,0,8,88
2025-04-20,SKU067,137,0,8,88
2025-04-27,SKU067,78,113,8,88
2025-05-04,SKU067,217,0,8,88
2025-05-11,SKU067,176,0,8,88
2025-05-18,SKU067,125,0,8,88
2025-05-25,SKU067,169,0,8,88
2025-06-01,SKU067,127,0,8,88
2025-06-08,SKU067,72,199,8,88
2025-06-15,SKU067,180,0,8,88
2025-06-22,SKU067,119,0,8,88
2025-06-29,SKU067,72,97,8,88
2025-07-06,SKU067,32,110,8,88
2025-07-13,SKU067,0,201,8,88
2025-07-20,SKU067,160,0,8,88
2025-07-27,SKU067,113,0,8,88
2025-08-03,SKU067,225,0,8,88
2025-08-10,SKU067,170,0,8,88
2025-08-17,SKU067,96,0,8,88
2025-08-24,SKU067,137,0,8,88
2025-08-31,SKU067,92,0,8,88
2025-09-07,SKU067,49,205,8,88
2025-09-14,SKU067,3,204,8,88
2025-09-21,SKU067,0,178,8,88
2025-09-28,SKU067,0,86,8,88
2025-10-05,SKU067,0,152,8,88
2025-10-12,SKU067,207,0,8,88
2025-10-19,SKU067,150,0,8,88
2025-10-26,SKU067,165,0,8,88
2025-11-02,SKU067,76,141,8,88
2025-11-09,SKU067,5,201,8,88
2025-11-16,SKU067,140,0,8,88
2025-11-23,SKU067,58,185,8,88
2025-11-30,SKU067,118,0,8,88
2025-12-07,SKU067,46,156,8,88
2025-12-14,SKU067,208,0,8,88
2025-12-21,SKU067,161,0,8,88
2025-12-28,SKU067,89,0,8,88
2024-01-07,SKU068,37,76,10,68
2024-01-14,SKU068,0,99,10,68
2024-01-21,SKU068,0,53,10,68
2024-01-28,SKU068,0,95,10,68
2024-02-04,SKU068,100,0,10,68
2024-02-11,SKU068,81,0,10,68
2024-02-18,SKU068,156,0,10,68
2024-02-25,SKU068,124,0,10,68
2024-03-03,SKU068,96,0,10,68
2024-03-10,SKU068,158,0,10,68
2024-03-17,SKU068,118,0,10,68
2024-03-24,SKU068,72,0,10,68
2024-03-31,SKU068,35,124,10,68
2024-04-07,SKU068,0,71,10,68
2024-04-14,SKU068,106,0,10,68
2024-04-21,SKU068,75,0,10,68
2024-04-28,SKU068,45,79,10,68
2024-05-05,SKU068,77,0,10,68
2024-05-12,SKU068,159,0,10,68
2024-05-19,SKU068,130,0,10,68
2024-05-26,SKU068,97,0,10,68
2024-06-02,SKU068,69,0,10,68
2024-06-09,SKU068,44,124,10,68
2024-06-16,SKU068,4,55,10,68
2024-06-23,SKU068,59,0,10,68
2024-06-30,SKU068,128,0,10,68
2024-07-07,SKU068,97,0,10,68
2024-07-14,SKU068,73,0,10,68
2024-07-21,SKU068,112,0,10,68
2024-07-28,SKU068,86,0,10,68
2024-08-04,SKU068,148,0,10,68
2024-08-11,SKU068,107,0,10,68
2024-08-18,SKU068,158,0,10,68
2024-08-25,SKU068,121,0,10,68
2024-09-01,SKU068,86,0,10,68
2024-09-08,SKU068,132,0,10,68
2024-09-15,SKU068,97,0,10,68
2024-09-22,SKU068,73,0,10,68
2024-09-29,SKU068,43,66,10,68
2024-10-06,SKU068,12,63,10,68
2024-10-13,SKU068,133,0,10,68
2024-10-20,SKU068,92,0,10,68
2024-10-27,SKU068,148,0,10,68
2024-11-03,SKU068,101,0,10,68
2024-11-10,SKU068,185,0,10,68
2024-11-17,SKU068,151,0,10,68
2024-11-24,SKU068,94,0,10,68
2024-12-01,SKU068,111,0,10,68
2024-12-08,SKU068,74,0,10,68
2024-12-15,SKU068,143,0,10,68
2024-12-22,SKU068,108,0,10,68
2024-12-29,SKU068,69,0,10,68
2025-01-05,SKU068,145,0,10,68
2025-01-12,SKU068,118,0,10,68
2025-01-19,SKU068,88,0,10,68
2025-01-26,SKU068,55,73,10,68
2025-02-02,SKU068,19,83,10,68
2025-02-09,SKU068,0,91,10,68
2025-02-16,SKU068,0,57,10,68
2025-02-23,SKU068,0,54,10,68
2025-03-02,SKU068,82,0,10,68
2025-03-09,SKU068,52,94,10,68
2025-03-16,SKU068,18,119,10,68
2025-03-23,SKU068,72,0,10,68
2025-03-30,SKU068,94,0,10,68
2025-04-06,SKU068,70,0,10,68
2025-04-13,SKU068,37,86,10,68
2025-04-20,SKU068,1,133,10,68
2025-04-27,SKU068,124,0,10,68
2025-05-04,SKU068,94,0,10,68
2025-05-11,SKU068,59,130,10,68
2025-05-18,SKU068,142,0,10,68
2025-05-25,SKU068,114,0,10,68
2025-06-01,SKU068,88,0,10,68
2025-06-08,SKU068,61,79,10,68
2025-06-15,SKU068,14,56,10,68
2025-06-22,SKU068,106,0,10,68
2025-06-29,SKU068,71,0,10,68
2025-07-06,SKU068,117,0,10,68
2025-07-13,SKU068,83,0,10,68
2025-07-20,SKU068,60,112,10,68
2025-07-27,SKU068,116,0,10,68
2025-08-03,SKU068,87,0,10,68
2025-08-10,SKU068,185,0,10,68
2025-08-17,SKU068,129,0,10,68
2025-08-24,SKU068,97,0,10,68
2025-08-31,SKU068,72,0,10,68
2025-09-07,SKU068,107,0,10,68
2025-09-14,SKU068,76,0,10,68
2025-09-21,SKU068,172,0,10,68
2025-09-28,SKU068,141,0,10,68
2025-10-05,SKU068,100,0,10,68
2025-10-12,SKU068,187,0,10,68
2025-10-19,SKU068,146,0,10,68
2025-10-26,SKU068,91,0,10,68
2025-11-02,SKU068,140,0,10,68
2025-11-09,SKU068,90,0,10,68
2025-11-16,SKU068,55,67,10,68
2025-11-23,SKU068,57,0,10,68
2025-11-30,SKU068,80,0,10,68
2025-12-07,SKU068,36,77,10,68
2025-12-14,SKU068,132,0,10,68
2025-12-21,SKU068,100,0,10,68
2025-12-28,SKU068,61,95,10,68
2024-01-07,SKU069,342,0,14,162
2024-01-14,SKU069,280,0,14,162
2024-01-21,SKU069,217,0,14,162
2024-01-28,SKU069,394,0,14,162
2024-02-04,SKU069,316,0,14,162
2024-02-11,SKU069,253,0,14,162
2024-02-18,SKU069,181,0,14,162
2024-02-25,SKU069,329,0,14,162
2024-03-03,SKU069,254,0,14,162
2024-03-10,SKU069,180,0,14,162
2024-03-17,SKU069,299,0,14,162
2024-03-24,SKU069,219,0,14,162
2024-03-31,SKU069,144,129,14,162
2024-04-07,SKU069,207,0,14,162
2024-04-14,SKU069,287,0,14,162
2024-04-21,SKU069,209,0,14,162
2024-04-28,SKU069,134,148,14,162
2024-05-05,SKU069,295,0,14,162
2024-05-12,SKU069,222,0,14,162
2024-05-19,SKU069,148,189,14,162
2024-05-26,SKU069,73,185,14,162
2024-06-02,SKU069,237,0,14,162
2024-06-09,SKU069,175,0,14,162
2024-06-16,SKU069,93,244,14,162
2024-06-23,SKU069,29,267,14,162
2024-06-30,SKU069,0,121,14,162
2024-07-07,SKU069,197,0,14,162
2024-07-14,SKU069,336,0,14,162
2024-07-21,SKU069,273,0,14,162
2024-07-28,SKU069,208,0,14,162
2024-08-04,SKU069,129,242,14,162
2024-08-11,SKU069,193,0,14,162
2024-08-18,SKU069,109,154,14,162
2024-08-25,SKU069,147,0,14,162
2024-09-01,SKU069,67,120,14,162
2024-09-08,SKU069,142,0,14,162
2024-09-15,SKU069,300,0,14,162
2024-09-22,SKU069,231,0,14,162
2024-09-29,SKU069,407,0,14,162
2024-10-06,SKU069,337,0,14,162
2024-10-13,SKU069,257,0,14,162
2024-10-20,SKU069,176,0,14,162
2024-10-27,SKU069,379,0,14,162
2024-11-03,SKU069,317,0,14,162
2024-11-10,SKU069,268,0,14,162
2024-11-17,SKU069,202,0,14,162
2024-11-24,SKU069,317,0,14,162
2024-12-01,SKU069,217,0,14,162
2024-12-08,SKU069,397,0,14,162
2024-12-15,SKU069,335,0,14,162
2024-12-22,SKU069,263,0,14,162
2024-12-29,SKU069,203,0,14,162
2025-01-05,SKU069,367,0,14,162
2025-01-12,SKU069,313,0,14,162
2025-01-19,SKU069,270,0,14,162
2025-01-26,SKU069,221,0,14,162
2025-02-02,SKU069,175,0,14,162
2025-02-09,SKU069,371,0,14,162
2025-02-16,SKU069,313,0,14,162
2025-02-23,SKU069,253,0,14,162
2025-03-02,SKU069,194,0,14,162
2025-03-09,SKU069,260,0,14,162
2025-03-16,SKU069,179,0,14,162
2025-03-23,SKU069,213,0,14,162
2025-03-30,SKU069,271,0,14,162
2025-04-06,SKU069,207,0,14,162
2025-04-13,SKU069,143,219,14,162
2025-04-20,SKU069,85,256,14,162
2025-04-27,SKU069,275,0,14,162
2025-05-04,SKU069,205,0,14,162
2025-05-11,SKU069,301,0,14,162
2025-05-18,SKU069,248,0,14,162
2025-05-25,SKU069,189,0,14,162
2025-06-01,SKU069,138,180,14,162
2025-06-08,SKU069,240,0,14,162
2025-06-15,SKU069,176,0,14,162
2025-06-22,SKU069,98,258,14,162
2025-06-29,SKU069,261,0,14,162
2025-07-06,SKU069,196,0,14,162
2025-07-13,SKU069,268,0,14,162
2025-07-20,SKU069,208,0,14,162
2025-07-27,SKU069,160,189,14,162
2025-08-03,SKU069,354,0,14,162
2025-08-10,SKU069,289,0,14,162
2025-08-17,SKU069,213,0,14,162
2025-08-24,SKU069,281,0,14,162
2025-08-31,SKU069,231,0,14,162
2025-09-07,SKU069,174,0,14,162
2025-09-14,SKU069,101,168,14,162
2025-09-21,SKU069,24,271,14,162
2025-09-28,SKU069,0,165,14,162
2025-10-05,SKU069,0,172,14,162
2025-10-12,SKU069,191,0,14,162
2025-10-19,SKU069,105,207,14,162
2025-10-26,SKU069,0,144,14,162
2025-11-02,SKU069,0,255,14,162
2025-11-09,SKU069,0,217,14,162
2025-11-16,SKU069,270,0,14,162
2025-11-23,SKU069,166,0,14,162
2025-11-30,SKU069,279,0,14,162
2025-12-07,SKU069,185,0,14,162
2025-12-14,SKU069,107,255,14,162
2025-12-21,SKU069,200,0,14,162
2025-12-28,SKU069,277,0,14,162
2024-01-07,SKU070,311,0,13,149
2024-01-14,SKU070,247,0,13,149
2024-01-21,SKU070,190,0,13,149
2024-01-28,SKU070,117,214,13,149
2024-02-04,SKU070,281,0,13,149
2024-02-11,SKU070,215,0,13,149
2024-02-18,SKU070,153,0,13,149
2024-02-25,SKU070,229,0,13,149
2024-03-03,SKU070,166,0,13,149
2024-03-10,SKU070,95,133,13,149
2024-03-17,SKU070,164,0,13,149
2024-03-24,SKU070,253,0,13,149
2024-03-31,SKU070,192,0,13,149
2024-04-07,SKU070,135,152,13,149
2024-04-14,SKU070,207,0,13,149
2024-04-21,SKU070,299,0,13,149
2024-04-28,SKU070,237,0,13,149
2024-05-05,SKU070,164,0,13,149
2024-05-12,SKU070,103,103,13,149
2024-05-19,SKU070,41,191,13,149
2024-05-26,SKU070,204,0,13,149
2024-06-02,SKU070,308,0,13,149
2024-06-09,SKU070,258,0,13,149
2024-06-16,SKU070,163,0,13,149
2024-06-23,SKU070,88,232,13,149
2024-06-30,SKU070,40,153,13,149
2024-07-07,SKU070,130,0,13,149
2024-07-14,SKU070,169,0,13,149
2024-07-21,SKU070,292,0,13,149
2024-07-28,SKU070,232,0,13,149
2024-08-04,SKU070,183,0,13,149
2024-08-11,SKU070,287,0,13,149
2024-08-18,SKU070,205,0,13,149
2024-08-25,SKU070,306,0,13,149
2024-09-01,SKU070,253,0,13,149
2024-09-08,SKU070,192,0,13,149
2024-09-15,SKU070,373,0,13,149
2024-09-22,SKU070,311,0,13,149
2024-09-29,SKU070,250,0,13,149
2024-10-06,SKU070,182,0,13,149
2024-10-13,SKU070,257,0,13,149
2024-10-20,SKU070,182,0,13,149
2024-10-27,SKU070,250,0,13,149
2024-11-03,SKU070,164,0,13,149
2024-11-10,SKU070,93,141,13,149
2024-11-17,SKU070,152,0,13,149
2024-11-24,SKU070,72,192,13,149
2024-12-01,SKU070,102,0,13,149
2024-12-08,SKU070,0,207,13,149
2024-12-15,SKU070,218,0,13,149
2024-12-22,SKU070,142,192,13,149
2024-12-29,SKU070,77,128,13,149
2025-01-05,SKU070,26,210,13,149
2025-01-12,SKU070,184,0,13,149
2025-01-19,SKU070,268,0,13,149
2025-01-26,SKU070,213,0,13,149
2025-02-02,SKU070,155,0,13,149
2025-02-09,SKU070,106,191,13,149
2025-02-16,SKU070,39,194,13,149
2025-02-23,SKU070,190,0,13,149
2025-03-02,SKU070,127,106,13,149
2025-03-09,SKU070,61,240,13,149
2025-03-16,SKU070,123,0,13,149
2025-03-23,SKU070,210,0,13,149
2025-03-30,SKU070,285,0,13,149
2025-04-06,SKU070,228,0,13,149
2025-04-13,SKU070,182,0,13,149
2025-04-20,SKU070,132,141,13,149
2025-04-27,SKU070,70,128,13,149
2025-05-04,SKU070,17,218,13,149
2025-05-11,SKU070,238,0,13,149
2025-05-18,SKU070,191,0,13,149
2025-05-25,SKU070,148,230,13,149
2025-06-01,SKU070,101,195,13,149
2025-06-08,SKU070,44,208,13,149
2025-06-15,SKU070,0,229,13,149
2025-06-22,SKU070,0,133,13,149
2025-06-29,SKU070,129,0,13,149
2025-07-06,SKU070,225,0,13,149
2025-07-13,SKU070,168,0,13,149
2025-07-20,SKU070,286,0,13,149
2025-07-27,SKU070,228,0,13,149
2025-08-03,SKU070,171,0,13,149
2025-08-10,SKU070,291,0,13,149
2025-08-17,SKU070,227,0,13,149
2025-08-24,SKU070,179,0,13,149
2025-08-31,SKU070,128,214,13,149
2025-09-07,SKU070,72,189,13,149
2025-09-14,SKU070,208,0,13,149
2025-09-21,SKU070,159,0,13,149
2025-09-28,SKU070,236,0,13,149
2025-10-05,SKU070,167,0,13,149
2025-10-12,SKU070,296,0,13,149
2025-10-19,SKU070,241,0,13,149
2025-10-26,SKU070,120,237,13,149
2025-11-02,SKU070,217,0,13,149
2025-11-09,SKU070,366,0,13,149
2025-11-16,SKU070,294,0,13,149
2025-11-23,SKU070,219,0,13,149
2025-11-30,SKU070,140,198,13,149
2025-12-07,SKU070,287,0,13,149
2025-12-14,SKU070,216,0,13,149
2025-12-21,SKU070,143,196,13,149
2025-12-28,SKU070,66,144,13,149
2024-01-07,SKU071,174,279,13,236
2024-01-14,SKU071,241,0,13,236
2024-01-21,SKU071,298,0,13,236
2024-01-28,SKU071,189,150,13,236
2024-02-04,SKU071,443,0,13,236
2024-02-11,SKU071,354,0,13,236
2024-02-18,SKU071,256,0,13,236
2024-02-25,SKU071,159,292,13,236
2024-03-03,SKU071,75,278,13,236
2024-03-10,SKU071,343,0,13,236
2024-03-17,SKU071,237,0,13,236
2024-03-24,SKU071,506,0,13,236
2024-03-31,SKU071,418,0,13,236
2024-04-07,SKU071,333,0,13,236
2024-04-14,SKU071,425,0,13,236
2024-04-21,SKU071,342,0,13,236
2024-04-28,SKU071,232,234,13,236
2024-05-05,SKU071,125,313,13,236
2024-05-12,SKU071,42,304,13,236
2024-05-19,SKU071,0,260,13,236
2024-05-26,SKU071,239,0,13,236
2024-06-02,SKU071,348,0,13,236
2024-06-09,SKU071,265,0,13,236
2024-06-16,SKU071,495,0,13,236
2024-06-23,SKU071,388,0,13,236
2024-06-30,SKU071,287,0,13,236
2024-07-07,SKU071,253,0,13,236
2024-07-14,SKU071,190,334,13,236
2024-07-21,SKU071,464,0,13,236
2024-07-28,SKU071,399,0,13,236
2024-08-04,SKU071,330,0,13,236
2024-08-11,SKU071,251,0,13,236
2024-08-18,SKU071,488,0,13,236
2024-08-25,SKU071,383,0,13,236
2024-09-01,SKU071,301,0,13,236
2024-09-08,SKU071,453,0,13,236
2024-09-15,SKU071,376,0,13,236
2024-09-22,SKU071,296,0,13,236
2024-09-29,SKU071,225,211,13,236
2024-10-06,SKU071,435,0,13,236
2024-10-13,SKU071,339,0,13,236
2024-10-20,SKU071,260,0,13,236
2024-10-27,SKU071,406,0,13,236
2024-11-03,SKU071,258,0,13,236
2024-11-10,SKU071,127,285,13,236
2024-11-17,SKU071,28,225,13,236
2024-11-24,SKU071,271,0,13,236
2024-12-01,SKU071,102,334,13,236
2024-12-08,SKU071,0,242,13,236
2024-12-15,SKU071,0,147,13,236
2024-12-22,SKU071,362,0,13,236
2024-12-29,SKU071,257,0,13,236
2025-01-05,SKU071,435,0,13,236
2025-01-12,SKU071,355,0,13,236
2025-01-19,SKU071,295,0,13,236
2025-01-26,SKU071,579,0,13,236
2025-02-02,SKU071,499,0,13,236
2025-02-09,SKU071,417,0,13,236
2025-02-16,SKU071,315,0,13,236
2025-02-23,SKU071,240,0,13,236
2025-03-02,SKU071,496,0,13,236
2025-03-09,SKU071,414,0,13,236
2025-03-16,SKU071,313,0,13,236
2025-03-23,SKU071,363,0,13,236
2025-03-30,SKU071,272,0,13,236
2025-04-06,SKU071,449,0,13,236
2025-04-13,SKU071,355,0,13,236
2025-04-20,SKU071,269,0,13,236
2025-04-27,SKU071,169,279,13,236
2025-05-04,SKU071,89,239,13,236
2025-05-11,SKU071,0,330,13,236
2025-05-18,SKU071,302,0,13,236
2025-05-25,SKU071,539,0,13,236
2025-06-01,SKU071,477,0,13,236
2025-06-08,SKU071,375,0,13,236
2025-06-15,SKU071,253,0,13,236
2025-06-22,SKU071,394,0,13,236
2025-06-29,SKU071,321,0,13,236
2025-07-06,SKU071,240,0,13,236
2025-07-13,SKU071,479,0,13,236
2025-07-20,SKU071,399,0,13,236
2025-07-27,SKU071,317,0,13,236
2025-08-03,SKU071,239,0,13,236
2025-08-10,SKU071,135,158,13,236
2025-08-17,SKU071,248,0,13,236
2025-08-24,SKU071,456,0,13,236
2025-08-31,SKU071,373,0,13,236
2025-09-07,SKU071,299,0,13,236
2025-09-14,SKU071,563,0,13,236
2025-09-21,SKU071,491,0,13,236
2025-09-28,SKU071,406,0,13,236
2025-10-05,SKU071,304,0,13,236
2025-10-12,SKU071,372,0,13,236
2025-10-19,SKU071,457,0,13,236
2025-10-26,SKU071,311,0,13,236
2025-11-02,SKU071,458,0,13,236
2025-11-09,SKU071,324,0,13,236
2025-11-16,SKU071,514,0,13,236
2025-11-23,SKU071,402,0,13,236
2025-11-30,SKU071,206,249,13,236
2025-12-07,SKU071,216,0,13,236
2025-12-14,SKU071,416,0,13,236
2025-12-21,SKU071,286,0,13,236
2025-12-28,SKU071,187,316,13,236
2024-01-07,SKU072,20,0,2,10
2024-01-14,SKU072,95,0,2,10
2024-01-21,SKU072,65,0,2,10
2024-01-28,SKU072,27,0,2,10
2024-02-04,SKU072,75,0,2,10
2024-02-11,SKU072,41,0,2,10
2024-02-18,SKU072,112,0,2,10
2024-02-25,SKU072,79,0,2,10
2024-03-03,SKU072,47,0,2,10
2024-03-10,SKU072,17,0,2,10
2024-03-17,SKU072,54,0,2,10
2024-03-24,SKU072,17,0,2,10
2024-03-31,SKU072,83,0,2,10
2024-04-07,SKU072,51,0,2,10
2024-04-14,SKU072,15,0,2,10
2024-04-21,SKU072,0,75,2,10
2024-04-28,SKU072,0,81,2,10
2024-05-05,SKU072,0,80,2,10
2024-05-12,SKU072,57,0,2,10
2024-05-19,SKU072,23,0,2,10
2024-05-26,SKU072,121,0,2,10
2024-06-02,SKU072,91,0,2,10
2024-06-09,SKU072,55,0,2,10
2024-06-16,SKU072,18,0,2,10
2024-06-23,SKU072,70,0,2,10
2024-06-30,SKU072,41,0,2,10
2024-07-07,SKU072,13,0,2,10
2024-07-14,SKU072,113,0,2,10
2024-07-21,SKU072,82,0,2,10
2024-07-28,SKU072,44,0,2,10
2024-08-04,SKU072,13,0,2,10
2024-08-11,SKU072,95,0,2,10
2024-08-18,SKU072,65,0,2,10
2024-08-25,SKU072,27,0,2,10
2024-09-01,SKU072,73,0,2,10
2024-09-08,SKU072,45,0,2,10
2024-09-15,SKU072,75,0,2,10
2024-09-22,SKU072,47,0,2,10
2024-09-29,SKU072,11,0,2,10
2024-10-06,SKU072,0,123,2,10
2024-10-13,SKU072,66,0,2,10
2024-10-20,SKU072,32,0,2,10
2024-10-27,SKU072,126,0,2,10
2024-11-03,SKU072,91,0,2,10
2024-11-10,SKU072,61,0,2,10
2024-11-17,SKU072,26,0,2,10
2024-11-24,SKU072,66,0,2,10
2024-12-01,SKU072,31,0,2,10
2024-12-08,SKU072,21,0,2,10
2024-12-15,SKU072,0,118,2,10
2024-12-22,SKU072,81,0,2,10
2024-12-29,SKU072,43,0,2,10
2025-01-05,SKU072,13,0,2,10
2025-01-12,SKU072,0,65,2,10
2025-01-19,SKU072,82,0,2,10
2025-01-26,SKU072,55,0,2,10
2025-02-02,SKU072,22,0,2,10
2025-02-09,SKU072,0,122,2,10
2025-02-16,SKU072,104,0,2,10
2025-02-23,SKU072,75,0,2,10
2025-03-02,SKU072,49,0,2,10
2025-03-09,SKU072,19,0,2,10
2025-03-16,SKU072,77,0,2,10
2025-03-23,SKU072,13,0,2,10
2025-03-30,SKU072,71,0,2,10
2025-04-06,SKU072,43,0,2,10
2025-04-13,SKU072,95,0,2,10
2025-04-20,SKU072,65,0,2,10
2025-04-27,SKU072,38,0,2,10
2025-05-04,SKU072,77,0,2,10
2025-05-11,SKU072,51,0,2,10
2025-05-18,SKU072,23,0,2,10
2025-05-25,SKU072,107,0,2,10
2025-06-01,SKU072,77,0,2,10
2025-06-08,SKU072,50,0,2,10
2025-06-15,SKU072,11,0,2,10
2025-06-22,SKU072,111,0,2,10
2025-06-29,SKU072,84,0,2,10
2025-07-06,SKU072,55,0,2,10
2025-07-13,SKU072,26,0,2,10
2025-07-20,SKU072,0,115,2,10
2025-07-27,SKU072,88,0,2,10
2025-08-03,SKU072,65,0,2,10
2025-08-10,SKU072,26,0,2,10
2025-08-17,SKU072,0,71,2,10
2025-08-24,SKU072,52,0,2,10
2025-08-31,SKU072,24,0,2,10
2025-09-07,SKU072,55,0,2,10
2025-09-14,SKU072,29,0,2,10
2025-09-21,SKU072,105,0,2,10
2025-09-28,SKU072,85,0,2,10
2025-10-05,SKU072,52,0,2,10
2025-10-12,SKU072,16,0,2,10
2025-10-19,SKU072,85,0,2,10
2025-10-26,SKU072,45,0,2,10
2025-11-02,SKU072,55,0,2,10
2025-11-09,SKU072,10,113,2,10
2025-11-16,SKU072,0,125,2,10
2025-11-23,SKU072,0,54,2,10
2025-11-30,SKU072,80,0,2,10
2025-12-07,SKU072,30,0,2,10
2025-12-14,SKU072,0,89,2,10
2025-12-21,SKU072,76,0,2,10
2025-12-28,SKU072,37,0,2,10
2024-01-07,SKU073,213,0,12,121
2024-01-14,SKU073,154,0,12,121
2024-01-21,SKU073,215,0,12,121
2024-01-28,SKU073,162,0,12,121
2024-02-04,SKU073,280,0,12,121
2024-02-11,SKU073,230,0,12,121
2024-02-18,SKU073,178,0,12,121
2024-02-25,SKU073,232,0,12,121
2024-03-03,SKU073,184,0,12,121
2024-03-10,SKU073,131,0,12,121
2024-03-17,SKU073,203,0,12,121
2024-03-24,SKU073,154,0,12,121
2024-03-31,SKU073,195,0,12,121
2024-04-07,SKU073,134,0,12,121
2024-04-14,SKU073,247,0,12,121
2024-04-21,SKU073,201,0,12,121
2024-04-28,SKU073,139,0,12,121
2024-05-05,SKU073,295,0,12,121
2024-05-12,SKU073,249,0,12,121
2024-05-19,SKU073,193,0,12,121
2024-05-26,SKU073,146,0,12,121
2024-06-02,SKU073,221,0,12,121
2024-06-09,SKU073,178,0,12,121
2024-06-16,SKU073,126,0,12,121
2024-06-23,SKU073,80,182,12,121
2024-06-30,SKU073,30,170,12,121
2024-07-07,SKU073,0,199,12,121
2024-07-14,SKU073,194,0,12,121
2024-07-21,SKU073,158,0,12,121
2024-07-28,SKU073,241,0,12,121
2024-08-04,SKU073,198,0,12,121
2024-08-11,SKU073,142,0,12,121
2024-08-18,SKU073,171,0,12,121
2024-08-25,SKU073,123,0,12,121
2024-09-01,SKU073,269,0,12,121
2024-09-08,SKU073,230,0,12,121
2024-09-15,SKU073,171,0,12,121
2024-09-22,SKU073,129,0,12,121
2024-09-29,SKU073,232,0,12,121
2024-10-06,SKU073,181,0,12,121
2024-10-13,SKU073,120,110,12,121
2024-10-20,SKU073,58,141,12,121
2024-10-27,SKU073,111,0,12,121
2024-11-03,SKU073,201,0,12,121
2024-11-10,SKU073,142,0,12,121
2024-11-17,SKU073,218,0,12,121
2024-11-24,SKU073,139,0,12,121
2024-12-01,SKU073,201,0,12,121
2024-12-08,SKU073,128,0,12,121
2024-12-15,SKU073,275,0,12,121
2024-12-22,SKU073,220,0,12,121
2024-12-29,SKU073,156,0,12,121
2025-01-05,SKU073,114,100,12,121
2025-01-12,SKU073,206,0,12,121
2025-01-19,SKU073,167,0,12,121
2025-01-26,SKU073,118,148,12,121
2025-02-02,SKU073,203,0,12,121
2025-02-09,SKU073,159,0,12,121
2025-02-16,SKU073,318,0,12,121
2025-02-23,SKU073,270,0,12,121
2025-03-02,SKU073,221,0,12,121
2025-03-09,SKU073,172,0,12,121
2025-03-16,SKU073,189,0,12,121
2025-03-23,SKU073,105,98,12,121
2025-03-30,SKU073,142,0,12,121
2025-04-06,SKU073,180,0,12,121
2025-04-13,SKU073,134,0,12,121
2025-04-20,SKU073,207,0,12,121
2025-04-27,SKU073,150,0,12,121
2025-05-04,SKU073,215,0,12,121
2025-05-11,SKU073,166,0,12,121
2025-05-18,SKU073,121,172,12,121
2025-05-25,SKU073,240,0,12,121
2025-06-01,SKU073,183,0,12,121
2025-06-08,SKU073,148,0,12,121
2025-06-15,SKU073,89,142,12,121
2025-06-22,SKU073,208,0,12,121
2025-06-29,SKU073,159,0,12,121
2025-07-06,SKU073,250,0,12,121
2025-07-13,SKU073,217,0,12,121
2025-07-20,SKU073,172,0,12,121
2025-07-27,SKU073,130,0,12,121
2025-08-03,SKU073,224,0,12,121
2025-08-10,SKU073,179,0,12,121
2025-08-17,SKU073,247,0,12,121
2025-08-24,SKU073,190,0,12,121
2025-08-31,SKU073,145,0,12,121
2025-09-07,SKU073,90,208,12,121
2025-09-14,SKU073,183,0,12,121
2025-09-21,SKU073,129,0,12,121
2025-09-28,SKU073,222,0,12,121
2025-10-05,SKU073,175,0,12,121
2025-10-12,SKU073,110,95,12,121
2025-10-19,SKU073,169,0,12,121
2025-10-26,SKU073,224,0,12,121
2025-11-02,SKU073,121,91,12,121
2025-11-09,SKU073,150,0,12,121
2025-11-16,SKU073,244,0,12,121
2025-11-23,SKU073,170,0,12,121
2025-11-30,SKU073,84,150,12,121
2025-12-07,SKU073,181,0,12,121
2025-12-14,SKU073,308,0,12,121
2025-12-21,SKU073,260,0,12,121
2025-12-28,SKU073,200,0,12,121
2024-01-07,SKU074,376,0,14,285
2024-01-14,SKU074,299,0,14,285
2024-01-21,SKU074,391,0,14,285
2024-01-28,SKU074,312,0,14,285
2024-02-04,SKU074,481,0,14,285
2024-02-11,SKU074,398,0,14,285
2024-02-18,SKU074,325,0,14,285
2024-02-25,SKU074,241,348,14,285
2024-03-03,SKU074,406,0,14,285
2024-03-10,SKU074,323,0,14,285
2024-03-17,SKU074,431,0,14,285
2024-03-24,SKU074,290,0,14,285
2024-03-31,SKU074,561,0,14,285
2024-04-07,SKU074,462,0,14,285
2024-04-14,SKU074,370,0,14,285
2024-04-21,SKU074,266,170,14,285
2024-04-28,SKU074,174,186,14,285
2024-05-05,SKU074,282,0,14,285
2024-05-12,SKU074,461,0,14,285
2024-05-19,SKU074,370,0,14,285
2024-05-26,SKU074,303,0,14,285
2024-06-02,SKU074,214,202,14,285
2024-06-09,SKU074,131,151,14,285
2024-06-16,SKU074,276,0,14,285
2024-06-23,SKU074,377,0,14,285
2024-06-30,SKU074,314,0,14,285
2024-07-07,SKU074,593,0,14,285
2024-07-14,SKU074,500,0,14,285
2024-07-21,SKU074,426,0,14,285
2024-07-28,SKU074,336,0,14,285
2024-08-04,SKU074,427,0,14,285
2024-08-11,SKU074,316,0,14,285
2024-08-18,SKU074,404,0,14,285
2024-08-25,SKU074,316,0,14,285
2024-09-01,SKU074,545,0,14,285
2024-09-08,SKU074,458,0,14,285
2024-09-15,SKU074,350,0,14,285
2024-09-22,SKU074,512,0,14,285
2024-09-29,SKU074,444,0,14,285
2024-10-06,SKU074,349,0,14,285
2024-10-13,SKU074,578,0,14,285
2024-10-20,SKU074,468,0,14,285
2024-10-27,SKU074,303,0,14,285
2024-11-03,SKU074,348,0,14,285
2024-11-10,SKU074,240,195,14,285
2024-11-17,SKU074,131,210,14,285
2024-11-24,SKU074,0,190,14,285
2024-12-01,SKU074,0,260,14,285
2024-12-08,SKU074,260,0,14,285
2024-12-15,SKU074,429,0,14,285
2024-12-22,SKU074,345,0,14,285
2024-12-29,SKU074,587,0,14,285
2025-01-05,SKU074,501,0,14,285
2025-01-12,SKU074,428,0,14,285
2025-01-19,SKU074,353,0,14,285
2025-01-26,SKU074,625,0,14,285
2025-02-02,SKU074,546,0,14,285
2025-02-09,SKU074,474,0,14,285
2025-02-16,SKU074,392,0,14,285
2025-02-23,SKU074,309,0,14,285
2025-03-02,SKU074,188,315,14,285
2025-03-09,SKU074,93,348,14,285
2025-03-16,SKU074,150,0,14,285
2025-03-23,SKU074,324,0,14,285
2025-03-30,SKU074,223,252,14,285
2025-04-06,SKU074,371,0,14,285
2025-04-13,SKU074,279,372,14,285
2025-04-20,SKU074,478,0,14,285
2025-04-27,SKU074,389,0,14,285
2025-05-04,SKU074,294,0,14,285
2025-05-11,SKU074,516,0,14,285
2025-05-18,SKU074,422,0,14,285
2025-05-25,SKU074,329,0,14,285
2025-06-01,SKU074,240,236,14,285
2025-06-08,SKU074,452,0,14,285
2025-06-15,SKU074,353,0,14,285
2025-06-22,SKU074,421,0,14,285
2025-06-29,SKU074,349,0,14,285
2025-07-06,SKU074,249,208,14,285
2025-07-13,SKU074,166,199,14,285
2025-07-20,SKU074,400,0,14,285
2025-07-27,SKU074,319,0,14,285
2025-08-03,SKU074,237,372,14,285
2025-08-10,SKU074,147,362,14,285
2025-08-17,SKU074,225,0,14,285
2025-08-24,SKU074,317,0,14,285
2025-08-31,SKU074,229,270,14,285
2025-09-07,SKU074,138,355,14,285
2025-09-14,SKU074,240,0,14,285
2025-09-21,SKU074,518,0,14,285
2025-09-28,SKU074,424,0,14,285
2025-10-05,SKU074,333,0,14,285
2025-10-12,SKU074,570,0,14,285
2025-10-19,SKU074,457,0,14,285
2025-10-26,SKU074,295,0,14,285
2025-11-02,SKU074,398,0,14,285
2025-11-09,SKU074,472,0,14,285
2025-11-16,SKU074,365,0,14,285
2025-11-23,SKU074,498,0,14,285
2025-11-30,SKU074,333,0,14,285
2025-12-07,SKU074,570,0,14,285
2025-12-14,SKU074,487,0,14,285
2025-12-21,SKU074,397,0,14,285
2025-12-28,SKU074,288,0,14,285
2024-01-07,SKU075,116,0,3,22
2024-01-14,SKU075,72,0,3,22
2024-01-21,SKU075,29,0,3,22
2024-01-28,SKU075,155,0,3,22
2024-02-04,SKU075,110,0,3,22
2024-02-11,SKU075,62,0,3,22
2024-02-18,SKU075,47,0,3,22
2024-02-25,SKU075,6,70,3,22
2024-03-03,SKU075,0,162,3,22
2024-03-10,SKU075,0,140,3,22
2024-03-17,SKU075,165,0,3,22
2024-03-24,SKU075,96,0,3,22
2024-03-31,SKU075,52,0,3,22
2024-04-07,SKU075,89,0,3,22
2024-04-14,SKU075,41,0,3,22
2024-04-21,SKU075,0,96,3,22
2024-04-28,SKU075,96,0,3,22
2024-05-05,SKU075,57,0,3,22
2024-05-12,SKU075,16,94,3,22
2024-05-19,SKU075,96,0,3,22
2024-05-26,SKU075,57,0,3,22
2024-06-02,SKU075,19,71,3,22
2024-06-09,SKU075,167,0,3,22
2024-06-16,SKU075,114,0,3,22
2024-06-23,SKU075,66,0,3,22
2024-06-30,SKU075,37,0,3,22
2024-07-07,SKU075,76,0,3,22
2024-07-14,SKU075,34,0,3,22
2024-07-21,SKU075,74,0,3,22
2024-07-28,SKU075,40,0,3,22
2024-08-04,SKU075,132,0,3,22
2024-08-11,SKU075,95,0,3,22
2024-08-18,SKU075,41,0,3,22
2024-08-25,SKU075,103,0,3,22
2024-09-01,SKU075,70,0,3,22
2024-09-08,SKU075,25,0,3,22
2024-09-15,SKU075,92,0,3,22
2024-09-22,SKU075,56,0,3,22
2024-09-29,SKU075,9,79,3,22
2024-10-06,SKU075,0,127,3,22
2024-10-13,SKU075,77,0,3,22
2024-10-20,SKU075,29,0,3,22
2024-10-27,SKU075,0,121,3,22
2024-11-03,SKU075,0,104,3,22
2024-11-10,SKU075,0,154,3,22
2024-11-17,SKU075,103,0,3,22
2024-11-24,SKU075,40,0,3,22
2024-12-01,SKU075,0,155,3,22
2024-12-08,SKU075,0,68,3,22
2024-12-15,SKU075,118,0,3,22
2024-12-22,SKU075,66,0,3,22
2024-12-29,SKU075,24,0,3,22
2025-01-05,SKU075,102,0,3,22
2025-01-12,SKU075,65,0,3,22
2025-01-19,SKU075,33,0,3,22
2025-01-26,SKU075,116,0,3,22
2025-02-02,SKU075,72,0,3,22
2025-02-09,SKU075,43,0,3,22
2025-02-16,SKU075,4,111,3,22
2025-02-23,SKU075,148,0,3,22
2025-03-02,SKU075,112,0,3,22
2025-03-09,SKU075,74,0,3,22
2025-03-16,SKU075,21,97,3,22
2025-03-23,SKU075,71,0,3,22
2025-03-30,SKU075,27,0,3,22
2025-04-06,SKU075,167,0,3,22
2025-04-13,SKU075,131,0,3,22
2025-04-20,SKU075,85,0,3,22
2025-04-27,SKU075,47,0,3,22
2025-05-04,SKU075,11,157,3,22
2025-05-11,SKU075,134,0,3,22
2025-05-18,SKU075,97,0,3,22
2025-05-25,SKU075,56,0,3,22
2025-06-01,SKU075,23,0,3,22
2025-06-08,SKU075,106,0,3,22
2025-06-15,SKU075,66,0,3,22
2025-06-22,SKU075,183,0,3,22
2025-06-29,SKU075,147,0,3,22
2025-07-06,SKU075,106,0,3,22
2025-07-13,SKU075,64,0,3,22
2025-07-20,SKU075,33,0,3,22
2025-07-27,SKU075,0,155,3,22
2025-08-03,SKU075,124,0,3,22
2025-08-10,SKU075,79,0,3,22
2025-08-17,SKU075,119,0,3,22
2025-08-24,SKU075,77,0,3,22
2025-08-31,SKU075,33,0,3,22
2025-09-07,SKU075,0,90,3,22
2025-09-14,SKU075,0,157,3,22
2025-09-21,SKU075,0,132,3,22
2025-09-28,SKU075,102,0,3,22
2025-10-05,SKU075,58,0,3,22
2025-10-12,SKU075,19,77,3,22
2025-10-19,SKU075,68,0,3,22
2025-10-26,SKU075,154,0,3,22
2025-11-02,SKU075,70,0,3,22
2025-11-09,SKU075,141,0,3,22
2025-11-16,SKU075,94,0,3,22
2025-11-23,SKU075,45,0,3,22
2025-11-30,SKU075,132,0,3,22
2025-12-07,SKU075,70,0,3,22
2025-12-14,SKU075,25,0,3,22
2025-12-21,SKU075,124,0,3,22
2025-12-28,SKU075,82,0,3,22
2024-01-07,SKU076,86,0,5,43
2024-01-14,SKU076,192,0,5,43
2024-01-21,SKU076,143,0,5,43
2024-01-28,SKU076,89,0,5,43
2024-02-04,SKU076,41,93,5,43
2024-02-11,SKU076,156,0,5,43
2024-02-18,SKU076,113,0,5,43
2024-02-25,SKU076,69,0,5,43
2024-03-03,SKU076,20,82,5,43
2024-03-10,SKU076,0,113,5,43
2024-03-17,SKU076,80,0,5,43
2024-03-24,SKU076,202,0,5,43
2024-03-31,SKU076,150,0,5,43
2024-04-07,SKU076,98,0,5,43
2024-04-14,SKU076,59,0,5,43
2024-04-21,SKU076,173,0,5,43
2024-04-28,SKU076,127,0,5,43
2024-05-05,SKU076,112,0,5,43
2024-05-12,SKU076,71,0,5,43
2024-05-19,SKU076,182,0,5,43
2024-05-26,SKU076,142,0,5,43
2024-06-02,SKU076,104,0,5,43
2024-06-09,SKU076,64,0,5,43
2024-06-16,SKU076,155,0,5,43
2024-06-23,SKU076,113,0,5,43
2024-06-30,SKU076,81,0,5,43
2024-07-07,SKU076,203,0,5,43
2024-07-14,SKU076,153,0,5,43
2024-07-21,SKU076,119,0,5,43
2024-07-28,SKU076,73,0,5,43
2024-08-04,SKU076,125,0,5,43
2024-08-11,SKU076,77,0,5,43
2024-08-18,SKU076,104,0,5,43
2024-08-25,SKU076,53,0,5,43
2024-09-01,SKU076,87,0,5,43
2024-09-08,SKU076,53,0,5,43
2024-09-15,SKU076,116,0,5,43
2024-09-22,SKU076,79,0,5,43
2024-09-29,SKU076,139,0,5,43
2024-10-06,SKU076,86,0,5,43
2024-10-13,SKU076,39,169,5,43
2024-10-20,SKU076,140,0,5,43
2024-10-27,SKU076,79,0,5,43
2024-11-03,SKU076,4,147,5,43
2024-11-10,SKU076,132,0,5,43
2024-11-17,SKU076,76,0,5,43
2024-11-24,SKU076,5,108,5,43
2024-12-01,SKU076,156,0,5,43
2024-12-08,SKU076,102,0,5,43
2024-12-15,SKU076,45,0,5,43
2024-12-22,SKU076,0,88,5,43
2024-12-29,SKU076,96,0,5,43
2025-01-05,SKU076,63,0,5,43
2025-01-12,SKU076,23,129,5,43
2025-01-19,SKU076,85,0,5,43
2025-01-26,SKU076,54,0,5,43
2025-02-02,SKU076,90,0,5,43
2025-02-09,SKU076,54,0,5,43
2025-02-16,SKU076,163,0,5,43
2025-02-23,SKU076,129,0,5,43
2025-03-02,SKU076,83,0,5,43
2025-03-09,SKU076,37,76,5,43
2025-03-16,SKU076,120,0,5,43
2025-03-23,SKU076,60,0,5,43
2025-03-30,SKU076,9,150,5,43
2025-04-06,SKU076,0,173,5,43
2025-04-13,SKU076,146,0,5,43
2025-04-20,SKU076,104,0,5,43
2025-04-27,SKU076,62,0,5,43
2025-05-04,SKU076,115,0,5,43
2025-05-11,SKU076,79,0,5,43
2025-05-18,SKU076,44,0,5,43
2025-05-25,SKU076,128,0,5,43
2025-06-01,SKU076,95,0,5,43
2025-06-08,SKU076,62,0,5,43
2025-06-15,SKU076,88,0,5,43
2025-06-22,SKU076,124,0,5,43
2025-06-29,SKU076,84,0,5,43
2025-07-06,SKU076,48,0,5,43
2025-07-13,SKU076,11,78,5,43
2025-07-20,SKU076,0,152,5,43
2025-07-27,SKU076,99,0,5,43
2025-08-03,SKU076,48,0,5,43
2025-08-10,SKU076,131,0,5,43
2025-08-17,SKU076,62,0,5,43
2025-08-24,SKU076,132,0,5,43
2025-08-31,SKU076,89,0,5,43
2025-09-07,SKU076,53,0,5,43
2025-09-14,SKU076,91,0,5,43
2025-09-21,SKU076,42,138,5,43
2025-09-28,SKU076,136,0,5,43
2025-10-05,SKU076,79,0,5,43
2025-10-12,SKU076,191,0,5,43
2025-10-19,SKU076,145,0,5,43
2025-10-26,SKU076,58,0,5,43
2025-11-02,SKU076,109,0,5,43
2025-11-09,SKU076,50,0,5,43
2025-11-16,SKU076,0,74,5,43
2025-11-23,SKU076,142,0,5,43
2025-11-30,SKU076,74,0,5,43
2025-12-07,SKU076,13,91,5,43
2025-12-14,SKU076,156,0,5,43
2025-12-21,SKU076,100,0,5,43
2025-12-28,SKU076,58,0,5,43
2024-01-07,SKU077,120,358,6,131
2024-01-14,SKU077,391,0,6,131
2024-01-21,SKU077,285,0,6,131
2024-01-28,SKU077,156,0,6,131
2024-02-04,SKU077,347,0,6,131
2024-02-11,SKU077,241,0,6,131
2024-02-18,SKU077,433,0,6,131
2024-02-25,SKU077,312,0,6,131
2024-03-03,SKU077,222,0,6,131
2024-03-10,SKU077,322,0,6,131
2024-03-17,SKU077,170,0,6,131
2024-03-24,SKU077,473,0,6,131
2024-03-31,SKU077,339,0,6,131
2024-04-07,SKU077,242,0,6,131
2024-04-14,SKU077,429,0,6,131
2024-04-21,SKU077,316,0,6,131
2024-04-28,SKU077,198,0,6,131
2024-05-05,SKU077,463,0,6,131
2024-05-12,SKU077,354,0,6,131
2024-05-19,SKU077,263,0,6,131
2024-05-26,SKU077,156,0,6,131
2024-06-02,SKU077,300,0,6,131
2024-06-09,SKU077,211,0,6,131
2024-06-16,SKU077,444,0,6,131
2024-06-23,SKU077,335,0,6,131
2024-06-30,SKU077,219,0,6,131
2024-07-07,SKU077,111,361,6,131
2024-07-14,SKU077,433,0,6,131
2024-07-21,SKU077,346,0,6,131
2024-07-28,SKU077,264,0,6,131
2024-08-04,SKU077,145,0,6,131
2024-08-11,SKU077,453,0,6,131
2024-08-18,SKU077,310,0,6,131
2024-08-25,SKU077,189,0,6,131
2024-09-01,SKU077,288,0,6,131
2024-09-08,SKU077,177,0,6,131
2024-09-15,SKU077,317,0,6,131
2024-09-22,SKU077,229,0,6,131
2024-09-29,SKU077,142,0,6,131
2024-10-06,SKU077,222,0,6,131
2024-10-13,SKU077,95,287,6,131
2024-10-20,SKU077,264,0,6,131
2024-10-27,SKU077,49,244,6,131
2024-11-03,SKU077,0,208,6,131
2024-11-10,SKU077,376,0,6,131
2024-11-17,SKU077,249,0,6,131
2024-11-24,SKU077,57,399,6,131
2024-12-01,SKU077,0,306,6,131
2024-12-08,SKU077,0,321,6,131
2024-12-15,SKU077,379,0,6,131
2024-12-22,SKU077,208,0,6,131
2024-12-29,SKU077,476,0,6,131
2025-01-05,SKU077,348,0,6,131
2025-01-12,SKU077,260,0,6,131
2025-01-19,SKU077,171,0,6,131
2025-01-26,SKU077,433,0,6,131
2025-02-02,SKU077,318,0,6,131
2025-02-09,SKU077,204,0,6,131
2025-02-16,SKU077,114,252,6,131
2025-02-23,SKU077,2,234,6,131
2025-03-02,SKU077,0,234,6,131
2025-03-09,SKU077,0,322,6,131
2025-03-16,SKU077,387,0,6,131
2025-03-23,SKU077,229,0,6,131
2025-03-30,SKU077,425,0,6,131
2025-04-06,SKU077,331,0,6,131
2025-04-13,SKU077,234,0,6,131
2025-04-20,SKU077,565,0,6,131
2025-04-27,SKU077,469,0,6,131
2025-05-04,SKU077,350,0,6,131
2025-05-11,SKU077,247,0,6,131
2025-05-18,SKU077,145,0,6,131
2025-05-25,SKU077,44,310,6,131
2025-06-01,SKU077,281,0,6,131
2025-06-08,SKU077,197,0,6,131
2025-06-15,SKU077,347,0,6,131
2025-06-22,SKU077,218,0,6,131
2025-06-29,SKU077,133,0,6,131
2025-07-06,SKU077,383,0,6,131
2025-07-13,SKU077,283,0,6,131
2025-07-20,SKU077,202,0,6,131
2025-07-27,SKU077,310,0,6,131
2025-08-03,SKU077,221,0,6,131
2025-08-10,SKU077,499,0,6,131
2025-08-17,SKU077,377,0,6,131
2025-08-24,SKU077,268,0,6,131
2025-08-31,SKU077,192,0,6,131
2025-09-07,SKU077,348,0,6,131
2025-09-14,SKU077,258,0,6,131
2025-09-21,SKU077,172,0,6,131
2025-09-28,SKU077,56,413,6,131
2025-10-05,SKU077,0,222,6,131
2025-10-12,SKU077,0,194,6,131
2025-10-19,SKU077,258,0,6,131
2025-10-26,SKU077,473,0,6,131
2025-11-02,SKU077,327,0,6,131
2025-11-09,SKU077,204,0,6,131
2025-11-16,SKU077,437,0,6,131
2025-11-23,SKU077,280,0,6,131
2025-11-30,SKU077,110,298,6,131
2025-12-07,SKU077,398,0,6,131
2025-12-14,SKU077,260,0,6,131
2025-12-21,SKU077,163,0,6,131
2025-12-28,SKU077,12,361,6,131
2024-01-07,SKU078,92,0,8,72
2024-01-14,SKU078,121,0,8,72
2024-01-21,SKU078,74,0,8,72
2024-01-28,SKU078,24,86,8,72
2024-02-04,SKU078,0,155,8,72
2024-02-11,SKU078,90,0,8,72
2024-02-18,SKU078,211,0,8,72
2024-02-25,SKU078,153,0,8,72
2024-03-03,SKU078,99,0,8,72
2024-03-10,SKU078,41,97,8,72
2024-03-17,SKU078,189,0,8,72
2024-03-24,SKU078,134,0,8,72
2024-03-31,SKU078,83,0,8,72
2024-04-07,SKU078,121,0,8,72
2024-04-14,SKU078,190,0,8,72
2024-04-21,SKU078,143,0,8,72
2024-04-28,SKU078,86,0,8,72
2024-05-05,SKU078,39,102,8,72
2024-05-12,SKU078,166,0,8,72
2024-05-19,SKU078,120,0,8,72
2024-05-26,SKU078,65,115,8,72
2024-06-02,SKU078,180,0,8,72
2024-06-09,SKU078,126,0,8,72
2024-06-16,SKU078,74,0,8,72
2024-06-23,SKU078,116,0,8,72
2024-06-30,SKU078,63,80,8,72
2024-07-07,SKU078,143,0,8,72
2024-07-14,SKU078,88,0,8,72
2024-07-21,SKU078,170,0,8,72
2024-07-28,SKU078,121,0,8,72
2024-08-04,SKU078,201,0,8,72
2024-08-11,SKU078,154,0,8,72
2024-08-18,SKU078,108,0,8,72
2024-08-25,SKU078,60,124,8,72
2024-09-01,SKU078,184,0,8,72
2024-09-08,SKU078,139,0,8,72
2024-09-15,SKU078,87,0,8,72
2024-09-22,SKU078,44,173,8,72
2024-09-29,SKU078,93,0,8,72
2024-10-06,SKU078,75,0,8,72
2024-10-13,SKU078,150,0,8,72
2024-10-20,SKU078,82,0,8,72
2024-10-27,SKU078,0,160,8,72
2024-11-03,SKU078,120,0,8,72
2024-11-10,SKU078,70,109,8,72
2024-11-17,SKU078,17,107,8,72
2024-11-24,SKU078,180,0,8,72
2024-12-01,SKU078,82,0,8,72
2024-12-08,SKU078,151,0,8,72
2024-12-15,SKU078,104,0,8,72
2024-12-22,SKU078,55,106,8,72
2024-12-29,SKU078,109,0,8,72
2025-01-05,SKU078,195,0,8,72
2025-01-12,SKU078,149,0,8,72
2025-01-19,SKU078,115,0,8,72
2025-01-26,SKU078,75,0,8,72
2025-02-02,SKU078,130,0,8,72
2025-02-09,SKU078,92,0,8,72
2025-02-16,SKU078,212,0,8,72
2025-02-23,SKU078,169,0,8,72
2025-03-02,SKU078,127,0,8,72
2025-03-09,SKU078,80,0,8,72
2025-03-16,SKU078,186,0,8,72
2025-03-23,SKU078,119,0,8,72
2025-03-30,SKU078,71,112,8,72
2025-04-06,SKU078,170,0,8,72
2025-04-13,SKU078,124,0,8,72
2025-04-20,SKU078,253,0,8,72
2025-04-27,SKU078,214,0,8,72
2025-05-04,SKU078,171,0,8,72
2025-05-11,SKU078,121,0,8,72
2025-05-18,SKU078,84,0,8,72
2025-05-25,SKU078,130,0,8,72
2025-06-01,SKU078,93,0,8,72
2025-06-08,SKU078,250,0,8,72
2025-06-15,SKU078,205,0,8,72
2025-06-22,SKU078,160,0,8,72
2025-06-29,SKU078,121,0,8,72
2025-07-06,SKU078,81,0,8,72
2025-07-13,SKU078,182,0,8,72
2025-07-20,SKU078,138,0,8,72
2025-07-27,SKU078,106,0,8,72
2025-08-03,SKU078,66,185,8,72
2025-08-10,SKU078,30,167,8,72
2025-08-17,SKU078,120,0,8,72
2025-08-24,SKU078,73,0,8,72
2025-08-31,SKU078,37,137,8,72
2025-09-07,SKU078,187,0,8,72
2025-09-14,SKU078,146,0,8,72
2025-09-21,SKU078,97,0,8,72
2025-09-28,SKU078,154,0,8,72
2025-10-05,SKU078,110,0,8,72
2025-10-12,SKU078,68,143,8,72
2025-10-19,SKU078,200,0,8,72
2025-10-26,SKU078,136,0,8,72
2025-11-02,SKU078,224,0,8,72
2025-11-09,SKU078,171,0,8,72
2025-11-16,SKU078,118,0,8,72
2025-11-23,SKU078,176,0,8,72
2025-11-30,SKU078,92,0,8,72
2025-12-07,SKU078,18,88,8,72
2025-12-14,SKU078,0,162,8,72
2025-12-21,SKU078,143,0,8,72
2025-12-28,SKU078,99,0,8,72
2024-01-07,SKU079,163,0,5,53
2024-01-14,SKU079,115,0,5,53
2024-01-21,SKU079,59,0,5,53
2024-01-28,SKU079,0,99,5,53
2024-02-04,SKU079,0,153,5,53
2024-02-11,SKU079,170,0,5,53
2024-02-18,SKU079,125,0,5,53
2024-02-25,SKU079,72,0,5,53
2024-03-03,SKU079,162,0,5,53
2024-03-10,SKU079,114,0,5,53
2024-03-17,SKU079,62,0,5,53
2024-03-24,SKU079,111,0,5,53
2024-03-31,SKU079,159,0,5,53
2024-04-07,SKU079,109,0,5,53
2024-04-14,SKU079,196,0,5,53
2024-04-21,SKU079,143,0,5,53
2024-04-28,SKU079,85,0,5,53
2024-05-05,SKU079,62,0,5,53
2024-05-12,SKU079,18,93,5,53
2024-05-19,SKU079,126,0,5,53
2024-05-26,SKU079,90,0,5,53
2024-06-02,SKU079,46,83,5,53
2024-06-09,SKU079,186,0,5,53
2024-06-16,SKU079,119,0,5,53
2024-06-23,SKU079,74,0,5,53
2024-06-30,SKU079,125,0,5,53
2024-07-07,SKU079,77,0,5,53
2024-07-14,SKU079,188,0,5,53
2024-07-21,SKU079,146,0,5,53
2024-07-28,SKU079,105,0,5,53
2024-08-04,SKU079,71,0,5,53
2024-08-11,SKU079,22,107,5,53
2024-08-18,SKU079,0,108,5,53
2024-08-25,SKU079,136,0,5,53
2024-09-01,SKU079,95,0,5,53
2024-09-08,SKU079,62,0,5,53
2024-09-15,SKU079,17,175,5,53
2024-09-22,SKU079,0,110,5,53
2024-09-29,SKU079,144,0,5,53
2024-10-06,SKU079,94,0,5,53
2024-10-13,SKU079,150,0,5,53
2024-10-20,SKU079,103,0,5,53
2024-10-27,SKU079,156,0,5,53
2024-11-03,SKU079,90,0,5,53
2024-11-10,SKU079,38,146,5,53
2024-11-17,SKU079,194,0,5,53
2024-11-24,SKU079,106,0,5,53
2024-12-01,SKU079,105,0,5,53
2024-12-08,SKU079,113,0,5,53
2024-12-15,SKU079,62,0,5,53
2024-12-22,SKU079,84,0,5,53
2024-12-29,SKU079,192,0,5,53
2025-01-05,SKU079,141,0,5,53
2025-01-12,SKU079,101,0,5,53
2025-01-19,SKU079,57,0,5,53
2025-01-26,SKU079,177,0,5,53
2025-02-02,SKU079,136,0,5,53
2025-02-09,SKU079,99,0,5,53
2025-02-16,SKU079,173,0,5,53
2025-02-23,SKU079,125,0,5,53
2025-03-02,SKU079,85,0,5,53
2025-03-09,SKU079,37,158,5,53
2025-03-16,SKU079,83,0,5,53
2025-03-23,SKU079,138,0,5,53
2025-03-30,SKU079,88,0,5,53
2025-04-06,SKU079,47,170,5,53
2025-04-13,SKU079,96,0,5,53
2025-04-20,SKU079,180,0,5,53
2025-04-27,SKU079,126,0,5,53
2025-05-04,SKU079,78,0,5,53
2025-05-11,SKU079,28,146,5,53
2025-05-18,SKU079,189,0,5,53
2025-05-25,SKU079,144,0,5,53
2025-06-01,SKU079,90,0,5,53
2025-06-08,SKU079,51,198,5,53
2025-06-15,SKU079,174,0,5,53
2025-06-22,SKU079,121,0,5,53
2025-06-29,SKU079,63,0,5,53
2025-07-06,SKU079,16,177,5,53
2025-07-13,SKU079,143,0,5,53
2025-07-20,SKU079,98,0,5,53
2025-07-27,SKU079,204,0,5,53
2025-08-03,SKU079,164,0,5,53
2025-08-10,SKU079,116,0,5,53
2025-08-17,SKU079,166,0,5,53
2025-08-24,SKU079,102,0,5,53
2025-08-31,SKU079,59,0,5,53
2025-09-07,SKU079,143,0,5,53
2025-09-14,SKU079,107,0,5,53
2025-09-21,SKU079,59,0,5,53
2025-09-28,SKU079,165,0,5,53
2025-10-05,SKU079,113,0,5,53
2025-10-12,SKU079,156,0,5,53
2025-10-19,SKU079,97,0,5,53
2025-10-26,SKU079,13,138,5,53
2025-11-02,SKU079,95,0,5,53
2025-11-09,SKU079,35,162,5,53
2025-11-16,SKU079,0,150,5,53
2025-11-23,SKU079,81,0,5,53
2025-11-30,SKU079,195,0,5,53
2025-12-07,SKU079,112,0,5,53
2025-12-14,SKU079,58,0,5,53
2025-12-21,SKU079,169,0,5,53
2025-12-28,SKU079,105,0,5,53
2024-01-07,SKU080,153,0,12,138
2024-01-14,SKU080,104,141,12,138
2024-01-21,SKU080,212,0,12,138
2024-01-28,SKU080,155,0,12,138
2024-02-04,SKU080,91,152,12,138
2024-02-11,SKU080,30,173,12,138
2024-02-18,SKU080,196,0,12,138
2024-02-25,SKU080,133,124,12,138
2024-03-03,SKU080,286,0,12,138
2024-03-10,SKU080,238,0,12,138
2024-03-17,SKU080,172,0,12,138
2024-03-24,SKU080,300,0,12,138
2024-03-31,SKU080,238,0,12,138
2024-04-07,SKU080,187,0,12,138
2024-04-14,SKU080,127,93,12,138
2024-04-21,SKU080,200,0,12,138
2024-04-28,SKU080,144,0,12,138
2024-05-05,SKU080,261,0,12,138
2024-05-12,SKU080,207,0,12,138
2024-05-19,SKU080,156,0,12,138
2024-05-26,SKU080,104,193,12,138
2024-06-02,SKU080,47,192,12,138
2024-06-09,SKU080,0,124,12,138
2024-06-16,SKU080,133,0,12,138
2024-06-23,SKU080,83,109,12,138
2024-06-30,SKU080,202,0,12,138
2024-07-07,SKU080,143,0,12,138
2024-07-14,SKU080,169,0,12,138
2024-07-21,SKU080,311,0,12,138
2024-07-28,SKU080,261,0,12,138
2024-08-04,SKU080,211,0,12,138
2024-08-11,SKU080,155,0,12,138
2024-08-18,SKU080,207,0,12,138
2024-08-25,SKU080,199,0,12,138
2024-09-01,SKU080,162,0,12,138
2024-09-08,SKU080,119,101,12,138
2024-09-15,SKU080,72,135,12,138
2024-09-22,SKU080,223,0,12,138
2024-09-29,SKU080,177,0,12,138
2024-10-06,SKU080,342,0,12,138
2024-10-13,SKU080,291,0,12,138
2024-10-20,SKU080,244,0,12,138
2024-10-27,SKU080,150,0,12,138
2024-11-03,SKU080,177,0,12,138
2024-11-10,SKU080,224,0,12,138
2024-11-17,SKU080,159,0,12,138
2024-11-24,SKU080,265,0,12,138
2024-12-01,SKU080,172,0,12,138
2024-12-08,SKU080,249,0,12,138
2024-12-15,SKU080,204,0,12,138
2024-12-22,SKU080,156,0,12,138
2024-12-29,SKU080,310,0,12,138
2025-01-05,SKU080,262,0,12,138
2025-01-12,SKU080,211,0,12,138
2025-01-19,SKU080,164,0,12,138
2025-01-26,SKU080,284,0,12,138
2025-02-02,SKU080,248,0,12,138
2025-02-09,SKU080,209,0,12,138
2025-02-16,SKU080,166,0,12,138
2025-02-23,SKU080,264,0,12,138
2025-03-02,SKU080,210,0,12,138
2025-03-09,SKU080,161,0,12,138
2025-03-16,SKU080,235,0,12,138
2025-03-23,SKU080,159,0,12,138
2025-03-30,SKU080,104,164,12,138
2025-04-06,SKU080,216,0,12,138
2025-04-13,SKU080,171,0,12,138
2025-04-20,SKU080,223,0,12,138
2025-04-27,SKU080,174,0,12,138
2025-05-04,SKU080,314,0,12,138
2025-05-11,SKU080,263,0,12,138
2025-05-18,SKU080,223,0,12,138
2025-05-25,SKU080,176,0,12,138
2025-06-01,SKU080,266,0,12,138
2025-06-08,SKU080,226,0,12,138
2025-06-15,SKU080,182,0,12,138
2025-06-22,SKU080,318,0,12,138
2025-06-29,SKU080,273,0,12,138
2025-07-06,SKU080,227,0,12,138
2025-07-13,SKU080,180,0,12,138
2025-07-20,SKU080,144,0,12,138
2025-07-27,SKU080,186,0,12,138
2025-08-03,SKU080,133,119,12,138
2025-08-10,SKU080,72,175,12,138
2025-08-17,SKU080,9,132,12,138
2025-08-24,SKU080,0,215,12,138
2025-08-31,SKU080,166,0,12,138
2025-09-07,SKU080,117,201,12,138
2025-09-14,SKU080,62,178,12,138
2025-09-21,SKU080,10,104,12,138
2025-09-28,SKU080,194,0,12,138
2025-10-05,SKU080,344,0,12,138
2025-10-12,SKU080,271,0,12,138
2025-10-19,SKU080,199,0,12,138
2025-10-26,SKU080,111,118,12,138
2025-11-02,SKU080,109,0,12,138
2025-11-09,SKU080,146,0,12,138
2025-11-16,SKU080,215,0,12,138
2025-11-23,SKU080,126,134,12,138
2025-11-30,SKU080,47,115,12,138
2025-12-07,SKU080,126,0,12,138
2025-12-14,SKU080,60,167,12,138
2025-12-21,SKU080,180,0,12,138
2025-12-28,SKU080,114,132,12,138
2024-01-07,SKU081,267,0,7,102
2024-01-14,SKU081,166,0,7,102
2024-01-21,SKU081,407,0,7,102
2024-01-28,SKU081,318,0,7,102
2024-02-04,SKU081,212,0,7,102
2024-02-11,SKU081,119,0,7,102
2024-02-18,SKU081,35,304,7,102
2024-02-25,SKU081,151,0,7,102
2024-03-03,SKU081,60,224,7,102
2024-03-10,SKU081,339,0,7,102
2024-03-17,SKU081,234,0,7,102
2024-03-24,SKU081,150,0,7,102
2024-03-31,SKU081,44,227,7,102
2024-04-07,SKU081,321,0,7,102
2024-04-14,SKU081,218,0,7,102
2024-04-21,SKU081,126,0,7,102
2024-04-28,SKU081,190,0,7,102
2024-05-05,SKU081,432,0,7,102
2024-05-12,SKU081,322,0,7,102
2024-05-19,SKU081,223,0,7,102
2024-05-26,SKU081,124,0,7,102
2024-06-02,SKU081,332,0,7,102
2024-06-09,SKU081,226,0,7,102
2024-06-16,SKU081,120,0,7,102
2024-06-23,SKU081,33,284,7,102
2024-06-30,SKU081,213,0,7,102
2024-07-07,SKU081,431,0,7,102
2024-07-14,SKU081,325,0,7,102
2024-07-21,SKU081,234,0,7,102
2024-07-28,SKU081,124,0,7,102
2024-08-04,SKU081,341,0,7,102
2024-08-11,SKU081,258,0,7,102
2024-08-18,SKU081,152,0,7,102
2024-08-25,SKU081,57,350,7,102
2024-09-01,SKU081,0,203,7,102
2024-09-08,SKU081,267,0,7,102
2024-09-15,SKU081,158,0,7,102
2024-09-22,SKU081,313,0,7,102
2024-09-29,SKU081,202,0,7,102
2024-10-06,SKU081,107,0,7,102
2024-10-13,SKU081,247,0,7,102
2024-10-20,SKU081,163,0,7,102
2024-10-27,SKU081,257,0,7,102
2024-11-03,SKU081,169,0,7,102
2024-11-10,SKU081,347,0,7,102
2024-11-17,SKU081,255,0,7,102
2024-11-24,SKU081,167,0,7,102
2024-12-01,SKU081,397,0,7,102
2024-12-08,SKU081,312,0,7,102
2024-12-15,SKU081,284,0,7,102
2024-12-22,SKU081,195,0,7,102
2024-12-29,SKU081,66,290,7,102
2025-01-05,SKU081,0,150,7,102
2025-01-12,SKU081,149,0,7,102
2025-01-19,SKU081,434,0,7,102
2025-01-26,SKU081,355,0,7,102
2025-02-02,SKU081,243,0,7,102
2025-02-09,SKU081,159,0,7,102
2025-02-16,SKU081,91,350,7,102
2025-02-23,SKU081,17,162,7,102
2025-03-02,SKU081,224,0,7,102
2025-03-09,SKU081,140,0,7,102
2025-03-16,SKU081,385,0,7,102
2025-03-23,SKU081,239,0,7,102
2025-03-30,SKU081,146,0,7,102
2025-04-06,SKU081,55,347,7,102
2025-04-13,SKU081,0,323,7,102
2025-04-20,SKU081,0,187,7,102
2025-04-27,SKU081,150,0,7,102
2025-05-04,SKU081,72,256,7,102
2025-05-11,SKU081,0,329,7,102
2025-05-18,SKU081,152,0,7,102
2025-05-25,SKU081,80,324,7,102
2025-06-01,SKU081,293,0,7,102
2025-06-08,SKU081,229,0,7,102
2025-06-15,SKU081,105,0,7,102
2025-06-22,SKU081,282,0,7,102
2025-06-29,SKU081,192,0,7,102
2025-07-06,SKU081,115,0,7,102
2025-07-13,SKU081,44,245,7,102
2025-07-20,SKU081,0,361,7,102
2025-07-27,SKU081,0,320,7,102
2025-08-03,SKU081,318,0,7,102
2025-08-10,SKU081,224,0,7,102
2025-08-17,SKU081,91,354,7,102
2025-08-24,SKU081,12,261,7,102
2025-08-31,SKU081,0,292,7,102
2025-09-07,SKU081,0,336,7,102
2025-09-14,SKU081,244,0,7,102
2025-09-21,SKU081,141,0,7,102
2025-09-28,SKU081,389,0,7,102
2025-10-05,SKU081,296,0,7,102
2025-10-12,SKU081,183,0,7,102
2025-10-19,SKU081,244,0,7,102
2025-10-26,SKU081,120,0,7,102
2025-11-02,SKU081,249,0,7,102
2025-11-09,SKU081,128,0,7,102
2025-11-16,SKU081,35,287,7,102
2025-11-23,SKU081,0,158,7,102
2025-11-30,SKU081,0,268,7,102
2025-12-07,SKU081,295,0,7,102
2025-12-14,SKU081,199,0,7,102
2025-12-21,SKU081,82,169,7,102
2025-12-28,SKU081,220,0,7,102
2024-01-07,SKU082,313,0,9,182
2024-01-14,SKU082,207,0,9,182
2024-01-21,SKU082,394,0,9,182
2024-01-28,SKU082,278,0,9,182
2024-02-04,SKU082,472,0,9,182
2024-02-11,SKU082,348,0,9,182
2024-02-18,SKU082,245,0,9,182
2024-02-25,SKU082,123,291,9,182
2024-03-03,SKU082,370,0,9,182
2024-03-10,SKU082,249,0,9,182
2024-03-17,SKU082,344,0,9,182
2024-03-24,SKU082,232,0,9,182
2024-03-31,SKU082,375,0,9,182
2024-04-07,SKU082,286,0,9,182
2024-04-14,SKU082,211,0,9,182
2024-04-21,SKU082,391,0,9,182
2024-04-28,SKU082,290,0,9,182
2024-05-05,SKU082,183,0,9,182
2024-05-12,SKU082,90,222,9,182
2024-05-19,SKU082,0,327,9,182
2024-05-26,SKU082,252,0,9,182
2024-06-02,SKU082,376,0,9,182
2024-06-09,SKU082,276,0,9,182
2024-06-16,SKU082,465,0,9,182
2024-06-23,SKU082,340,0,9,182
2024-06-30,SKU082,270,0,9,182
2024-07-07,SKU082,189,0,9,182
2024-07-14,SKU082,276,0,9,182
2024-07-21,SKU082,193,0,9,182
2024-07-28,SKU082,105,254,9,182
2024-08-04,SKU082,17,177,9,182
2024-08-11,SKU082,197,0,9,182
2024-08-18,SKU082,71,311,9,182
2024-08-25,SKU082,0,407,9,182
2024-09-01,SKU082,301,0,9,182
2024-09-08,SKU082,211,0,9,182
2024-09-15,SKU082,406,0,9,182
2024-09-22,SKU082,313,0,9,182
2024-09-29,SKU082,213,0,9,182
2024-10-06,SKU082,398,0,9,182
2024-10-13,SKU082,265,0,9,182
2024-10-20,SKU082,123,240,9,182
2024-10-27,SKU082,277,0,9,182
2024-11-03,SKU082,277,0,9,182
2024-11-10,SKU082,159,248,9,182
2024-11-17,SKU082,50,376,9,182
2024-11-24,SKU082,417,0,9,182
2024-12-01,SKU082,226,0,9,182
2024-12-08,SKU082,252,0,9,182
2024-12-15,SKU082,125,381,9,182
2024-12-22,SKU082,0,253,9,182
2024-12-29,SKU082,219,0,9,182
2025-01-05,SKU082,339,0,9,182
2025-01-12,SKU082,235,0,9,182
2025-01-19,SKU082,353,0,9,182
2025-01-26,SKU082,259,0,9,182
2025-02-02,SKU082,160,374,9,182
2025-02-09,SKU082,403,0,9,182
2025-02-16,SKU082,314,0,9,182
2025-02-23,SKU082,231,0,9,182
2025-03-02,SKU082,131,211,9,182
2025-03-09,SKU082,395,0,9,182
2025-03-16,SKU082,272,0,9,182
2025-03-23,SKU082,494,0,9,182
2025-03-30,SKU082,390,0,9,182
2025-04-06,SKU082,306,0,9,182
2025-04-13,SKU082,392,0,9,182
2025-04-20,SKU082,315,0,9,182
2025-04-27,SKU082,229,0,9,182
2025-05-04,SKU082,461,0,9,182
2025-05-11,SKU082,348,0,9,182
2025-05-18,SKU082,250,0,9,182
2025-05-25,SKU082,357,0,9,182
2025-06-01,SKU082,262,0,9,182
2025-06-08,SKU082,339,0,9,182
2025-06-15,SKU082,198,0,9,182
2025-06-22,SKU082,359,0,9,182
2025-06-29,SKU082,265,0,9,182
2025-07-06,SKU082,179,355,9,182
2025-07-13,SKU082,517,0,9,182
2025-07-20,SKU082,416,0,9,182
2025-07-27,SKU082,334,0,9,182
2025-08-03,SKU082,252,0,9,182
2025-08-10,SKU082,342,0,9,182
2025-08-17,SKU082,537,0,9,182
2025-08-24,SKU082,434,0,9,182
2025-08-31,SKU082,338,0,9,182
2025-09-07,SKU082,252,0,9,182
2025-09-14,SKU082,425,0,9,182
2025-09-21,SKU082,326,0,9,182
2025-09-28,SKU082,219,0,9,182
2025-10-05,SKU082,110,420,9,182
2025-10-12,SKU082,207,0,9,182
2025-10-19,SKU082,92,324,9,182
2025-10-26,SKU082,376,0,9,182
2025-11-02,SKU082,227,0,9,182
2025-11-09,SKU082,497,0,9,182
2025-11-16,SKU082,368,0,9,182
2025-11-23,SKU082,196,0,9,182
2025-11-30,SKU082,41,371,9,182
2025-12-07,SKU082,267,0,9,182
2025-12-14,SKU082,556,0,9,182
2025-12-21,SKU082,429,0,9,182
2025-12-28,SKU082,289,0,9,182
2024-01-07,SKU083,62,0,2,8
2024-01-14,SKU083,40,0,2,8
2024-01-21,SKU083,12,0,2,8
2024-01-28,SKU083,0,61,2,8
2024-02-04,SKU083,92,0,2,8
2024-02-11,SKU083,66,0,2,8
2024-02-18,SKU083,43,0,2,8
2024-02-25,SKU083,18,0,2,8
2024-03-03,SKU083,68,0,2,8
2024-03-10,SKU083,43,0,2,8
2024-03-17,SKU083,17,0,2,8
2024-03-24,SKU083,42,0,2,8
2024-03-31,SKU083,19,0,2,8
2024-04-07,SKU083,2,48,2,8
2024-04-14,SKU083,0,46,2,8
2024-04-21,SKU083,0,92,2,8
2024-04-28,SKU083,0,61,2,8
2024-05-05,SKU083,55,0,2,8
2024-05-12,SKU083,36,0,2,8
2024-05-19,SKU083,18,0,2,8
2024-05-26,SKU083,53,0,2,8
2024-06-02,SKU083,35,0,2,8
2024-06-09,SKU083,16,0,2,8
2024-06-16,SKU083,0,81,2,8
2024-06-23,SKU083,0,73,2,8
2024-06-30,SKU083,63,0,2,8
2024-07-07,SKU083,45,0,2,8
2024-07-14,SKU083,21,0,2,8
2024-07-21,SKU083,58,0,2,8
2024-07-28,SKU083,39,0,2,8
2024-08-04,SKU083,17,0,2,8
2024-08-11,SKU083,66,0,2,8
2024-08-18,SKU083,34,0,2,8
2024-08-25,SKU083,13,0,2,8
2024-09-01,SKU083,77,0,2,8
2024-09-08,SKU083,54,0,2,8
2024-09-15,SKU083,33,0,2,8
2024-09-22,SKU083,14,0,2,8
2024-09-29,SKU083,69,0,2,8
2024-10-06,SKU083,44,0,2,8
2024-10-13,SKU083,16,0,2,8
2024-10-20,SKU083,0,57,2,8
2024-10-27,SKU083,0,73,2,8
2024-11-03,SKU083,39,0,2,8
2024-11-10,SKU083,3,49,2,8
2024-11-17,SKU083,0,92,2,8
2024-11-24,SKU083,92,0,2,8
2024-12-01,SKU083,38,0,2,8
2024-12-08,SKU083,66,0,2,8
2024-12-15,SKU083,38,0,2,8
2024-12-22,SKU083,14,0,2,8
2024-12-29,SKU083,0,61,2,8
2025-01-05,SKU083,93,0,2,8
2025-01-12,SKU083,75,0,2,8
2025-01-19,SKU083,49,0,2,8
2025-01-26,SKU083,31,0,2,8
2025-02-02,SKU083,81,0,2,8
2025-02-09,SKU083,57,0,2,8
2025-02-16,SKU083,40,0,2,8
2025-02-23,SKU083,20,0,2,8
2025-03-02,SKU083,56,0,2,8
2025-03-09,SKU083,32,0,2,8
2025-03-16,SKU083,10,0,2,8
2025-03-23,SKU083,93,0,2,8
2025-03-30,SKU083,63,0,2,8
2025-04-06,SKU083,30,0,2,8
2025-04-13,SKU083,6,86,2,8
2025-04-20,SKU083,0,55,2,8
2025-04-27,SKU083,49,0,2,8
2025-05-04,SKU083,19,0,2,8
2025-05-11,SKU083,90,0,2,8
2025-05-18,SKU083,66,0,2,8
2025-05-25,SKU083,40,0,2,8
2025-06-01,SKU083,14,0,2,8
2025-06-08,SKU083,0,67,2,8
2025-06-15,SKU083,76,0,2,8
2025-06-22,SKU083,45,0,2,8
2025-06-29,SKU083,29,0,2,8
2025-07-06,SKU083,11,0,2,8
2025-07-13,SKU083,0,41,2,8
2025-07-20,SKU083,0,66,2,8
2025-07-27,SKU083,0,42,2,8
2025-08-03,SKU083,50,0,2,8
2025-08-10,SKU083,27,0,2,8
2025-08-17,SKU083,91,0,2,8
2025-08-24,SKU083,66,0,2,8
2025-08-31,SKU083,44,0,2,8
2025-09-07,SKU083,17,0,2,8
2025-09-14,SKU083,82,0,2,8
2025-09-21,SKU083,59,0,2,8
2025-09-28,SKU083,36,0,2,8
2025-10-05,SKU083,84,0,2,8
2025-10-12,SKU083,60,0,2,8
2025-10-19,SKU083,36,0,2,8
2025-10-26,SKU083,89,0,2,8
2025-11-02,SKU083,51,0,2,8
2025-11-09,SKU083,19,0,2,8
2025-11-16,SKU083,90,0,2,8
2025-11-23,SKU083,56,0,2,8
2025-11-30,SKU083,20,0,2,8
2025-12-07,SKU083,51,0,2,8
2025-12-14,SKU083,24,0,2,8
2025-12-21,SKU083,0,50,2,8
2025-12-28,SKU083,73,0,2,8
2024-01-07,SKU084,302,0,5,90
2024-01-14,SKU084,217,0,5,90
2024-01-21,SKU084,132,0,5,90
2024-01-28,SKU084,40,211,5,90
2024-02-04,SKU084,222,0,5,90
2024-02-11,SKU084,120,0,5,90
2024-02-18,SKU084,22,276,5,90
2024-02-25,SKU084,0,172,5,90
2024-03-03,SKU084,350,0,5,90
2024-03-10,SKU084,256,0,5,90
2024-03-17,SKU084,151,0,5,90
2024-03-24,SKU084,261,0,5,90
2024-03-31,SKU084,156,0,5,90
2024-04-07,SKU084,61,168,5,90
2024-04-14,SKU084,142,0,5,90
2024-04-21,SKU084,352,0,5,90
2024-04-28,SKU084,246,0,5,90
2024-05-05,SKU084,138,0,5,90
2024-05-12,SKU084,206,0,5,90
2024-05-19,SKU084,110,0,5,90
2024-05-26,SKU084,30,219,5,90
2024-06-02,SKU084,0,215,5,90
2024-06-09,SKU084,322,0,5,90
2024-06-16,SKU084,243,0,5,90
2024-06-23,SKU084,152,0,5,90
2024-06-30,SKU084,246,0,5,90
2024-07-07,SKU084,157,0,5,90
2024-07-14,SKU084,375,0,5,90
2024-07-21,SKU084,275,0,5,90
2024-07-28,SKU084,184,0,5,90
2024-08-04,SKU084,104,0,5,90
2024-08-11,SKU084,170,0,5,90
2024-08-18,SKU084,304,0,5,90
2024-08-25,SKU084,203,0,5,90
2024-09-01,SKU084,131,0,5,90
2024-09-08,SKU084,60,160,5,90
2024-09-15,SKU084,292,0,5,90
2024-09-22,SKU084,215,0,5,90
2024-09-29,SKU084,153,0,5,90
2024-10-06,SKU084,220,0,5,90
2024-10-13,SKU084,149,0,5,90
2024-10-20,SKU084,294,0,5,90
2024-10-27,SKU084,159,0,5,90
2024-11-03,SKU084,259,0,5,90
2024-11-10,SKU084,164,0,5,90
2024-11-17,SKU084,89,203,5,90
2024-11-24,SKU084,0,158,5,90
2024-12-01,SKU084,0,205,5,90
2024-12-08,SKU084,0,278,5,90
2024-12-15,SKU084,173,0,5,90
2024-12-22,SKU084,95,0,5,90
2024-12-29,SKU084,324,0,5,90
2025-01-05,SKU084,244,0,5,90
2025-01-12,SKU084,166,0,5,90
2025-01-19,SKU084,100,0,5,90
2025-01-26,SKU084,9,245,5,90
2025-02-02,SKU084,254,0,5,90
2025-02-09,SKU084,178,0,5,90
2025-02-16,SKU084,106,0,5,90
2025-02-23,SKU084,28,232,5,90
2025-03-02,SKU084,0,276,5,90
2025-03-09,SKU084,0,250,5,90
2025-03-16,SKU084,0,214,5,90
2025-03-23,SKU084,264,0,5,90
2025-03-30,SKU084,186,0,5,90
2025-04-06,SKU084,252,0,5,90
2025-04-13,SKU084,174,0,5,90
2025-04-20,SKU084,258,0,5,90
2025-04-27,SKU084,172,0,5,90
2025-05-04,SKU084,77,260,5,90
2025-05-11,SKU084,185,0,5,90
2025-05-18,SKU084,400,0,5,90
2025-05-25,SKU084,321,0,5,90
2025-06-01,SKU084,239,0,5,90
2025-06-08,SKU084,157,0,5,90
2025-06-15,SKU084,313,0,5,90
2025-06-22,SKU084,233,0,5,90
2025-06-29,SKU084,155,0,5,90
2025-07-06,SKU084,311,0,5,90
2025-07-13,SKU084,241,0,5,90
2025-07-20,SKU084,168,0,5,90
2025-07-27,SKU084,262,0,5,90
2025-08-03,SKU084,188,0,5,90
2025-08-10,SKU084,123,0,5,90
2025-08-17,SKU084,0,352,5,90
2025-08-24,SKU084,177,0,5,90
2025-08-31,SKU084,104,0,5,90
2025-09-07,SKU084,231,0,5,90
2025-09-14,SKU084,153,0,5,90
2025-09-21,SKU084,64,231,5,90
2025-09-28,SKU084,249,0,5,90
2025-10-05,SKU084,123,0,5,90
2025-10-12,SKU084,161,0,5,90
2025-10-19,SKU084,80,156,5,90
2025-10-26,SKU084,0,254,5,90
2025-11-02,SKU084,0,315,5,90
2025-11-09,SKU084,0,165,5,90
2025-11-16,SKU084,302,0,5,90
2025-11-23,SKU084,190,0,5,90
2025-11-30,SKU084,63,323,5,90
2025-12-07,SKU084,180,0,5,90
2025-12-14,SKU084,324,0,5,90
2025-12-21,SKU084,208,0,5,90
2025-12-28,SKU084,322,0,5,90
2024-01-07,SKU085,170,0,11,70
2024-01-14,SKU085,135,0,11,70
2024-01-21,SKU085,93,0,11,70
2024-01-28,SKU085,107,0,11,70
2024-02-04,SKU085,71,0,11,70
2024-02-11,SKU085,34,137,11,70
2024-02-18,SKU085,86,0,11,70
2024-02-25,SKU085,47,104,11,70
2024-03-03,SKU085,5,90,11,70
2024-03-10,SKU085,73,0,11,70
2024-03-17,SKU085,128,0,11,70
2024-03-24,SKU085,96,0,11,70
2024-03-31,SKU085,159,0,11,70
2024-04-07,SKU085,127,0,11,70
2024-04-14,SKU085,95,0,11,70
2024-04-21,SKU085,57,102,11,70
2024-04-28,SKU085,17,80,11,70
2024-05-05,SKU085,57,0,11,70
2024-05-12,SKU085,151,0,11,70
2024-05-19,SKU085,117,0,11,70
2024-05-26,SKU085,77,0,11,70
2024-06-02,SKU085,103,0,11,70
2024-06-09,SKU085,165,0,11,70
2024-06-16,SKU085,134,0,11,70
2024-06-23,SKU085,92,0,11,70
2024-06-30,SKU085,49,140,11,70
2024-07-07,SKU085,113,0,11,70
2024-07-14,SKU085,81,0,11,70
2024-07-21,SKU085,39,75,11,70
2024-07-28,SKU085,120,0,11,70
2024-08-04,SKU085,84,0,11,70
2024-08-11,SKU085,101,0,11,70
2024-08-18,SKU085,190,0,11,70
2024-08-25,SKU085,152,0,11,70
2024-09-01,SKU085,120,0,11,70
2024-09-08,SKU085,87,0,11,70
2024-09-15,SKU085,162,0,11,70
2024-09-22,SKU085,140,0,11,70
2024-09-29,SKU085,113,0,11,70
2024-10-06,SKU085,83,0,11,70
2024-10-13,SKU085,53,58,11,70
2024-10-20,SKU085,140,0,11,70
2024-10-27,SKU085,95,0,11,70
2024-11-03,SKU085,166,0,11,70
2024-11-10,SKU085,133,0,11,70
2024-11-17,SKU085,97,0,11,70
2024-11-24,SKU085,186,0,11,70
2024-12-01,SKU085,127,0,11,70
2024-12-08,SKU085,78,0,11,70
2024-12-15,SKU085,134,0,11,70
2024-12-22,SKU085,105,0,11,70
2024-12-29,SKU085,69,104,11,70
2025-01-05,SKU085,97,0,11,70
2025-01-12,SKU085,66,127,11,70
2025-01-19,SKU085,156,0,11,70
2025-01-26,SKU085,129,0,11,70
2025-02-02,SKU085,98,0,11,70
2025-02-09,SKU085,75,0,11,70
2025-02-16,SKU085,113,0,11,70
2025-02-23,SKU085,82,0,11,70
2025-03-02,SKU085,48,88,11,70
2025-03-09,SKU085,20,97,11,70
2025-03-16,SKU085,113,0,11,70
2025-03-23,SKU085,76,0,11,70
2025-03-30,SKU085,173,0,11,70
2025-04-06,SKU085,144,0,11,70
2025-04-13,SKU085,108,0,11,70
2025-04-20,SKU085,151,0,11,70
2025-04-27,SKU085,123,0,11,70
2025-05-04,SKU085,94,0,11,70
2025-05-11,SKU085,139,0,11,70
2025-05-18,SKU085,110,0,11,70
2025-05-25,SKU085,81,0,11,70
2025-06-01,SKU085,47,59,11,70
2025-06-08,SKU085,124,0,11,70
2025-06-15,SKU085,77,0,11,70
2025-06-22,SKU085,78,0,11,70
2025-06-29,SKU085,150,0,11,70
2025-07-06,SKU085,124,0,11,70
2025-07-13,SKU085,97,0,11,70
2025-07-20,SKU085,67,89,11,70
2025-07-27,SKU085,124,0,11,70
2025-08-03,SKU085,93,0,11,70
2025-08-10,SKU085,44,85,11,70
2025-08-17,SKU085,75,0,11,70
2025-08-24,SKU085,39,117,11,70
2025-08-31,SKU085,0,109,11,70
2025-09-07,SKU085,72,0,11,70
2025-09-14,SKU085,44,77,11,70
2025-09-21,SKU085,126,0,11,70
2025-09-28,SKU085,98,0,11,70
2025-10-05,SKU085,176,0,11,70
2025-10-12,SKU085,131,0,11,70
2025-10-19,SKU085,89,0,11,70
2025-10-26,SKU085,100,0,11,70
2025-11-02,SKU085,44,72,11,70
2025-11-09,SKU085,96,0,11,70
2025-11-16,SKU085,132,0,11,70
2025-11-23,SKU085,84,0,11,70
2025-11-30,SKU085,96,0,11,70
2025-12-07,SKU085,140,0,11,70
2025-12-14,SKU085,108,0,11,70
2025-12-21,SKU085,157,0,11,70
2025-12-28,SKU085,105,0,11,70
2024-01-07,SKU086,322,0,8,167
2024-01-14,SKU086,219,0,8,167
2024-01-21,SKU086,481,0,8,167
2024-01-28,SKU086,391,0,8,167
2024-02-04,SKU086,290,0,8,167
2024-02-11,SKU086,184,0,8,167
2024-02-18,SKU086,395,0,8,167
2024-02-25,SKU086,305,0,8,167
2024-03-03,SKU086,190,0,8,167
2024-03-10,SKU086,95,362,8,167
2024-03-17,SKU086,356,0,8,167
2024-03-24,SKU086,257,0,8,167
2024-03-31,SKU086,345,0,8,167
2024-04-07,SKU086,232,0,8,167
2024-04-14,SKU086,138,393,8,167
2024-04-21,SKU086,292,0,8,167
2024-04-28,SKU086,176,0,8,167
2024-05-05,SKU086,234,0,8,167
2024-05-12,SKU086,350,0,8,167
2024-05-19,SKU086,240,0,8,167
2024-05-26,SKU086,367,0,8,167
2024-06-02,SKU086,247,0,8,167
2024-06-09,SKU086,324,0,8,167
2024-06-16,SKU086,221,0,8,167
2024-06-23,SKU086,119,187,8,167
2024-06-30,SKU086,1,362,8,167
2024-07-07,SKU086,0,301,8,167
2024-07-14,SKU086,268,0,8,167
2024-07-21,SKU086,430,0,8,167
2024-07-28,SKU086,312,0,8,167
2024-08-04,SKU086,206,0,8,167
2024-08-11,SKU086,91,224,8,167
2024-08-18,SKU086,214,0,8,167
2024-08-25,SKU086,116,254,8,167
2024-09-01,SKU086,4,204,8,167
2024-09-08,SKU086,0,312,8,167
2024-09-15,SKU086,229,0,8,167
2024-09-22,SKU086,121,285,8,167
2024-09-29,SKU086,309,0,8,167
2024-10-06,SKU086,214,0,8,167
2024-10-13,SKU086,275,0,8,167
2024-10-20,SKU086,176,0,8,167
2024-10-27,SKU086,225,0,8,167
2024-11-03,SKU086,357,0,8,167
2024-11-10,SKU086,236,0,8,167
2024-11-17,SKU086,138,360,8,167
2024-11-24,SKU086,28,168,8,167
2024-12-01,SKU086,0,185,8,167
2024-12-08,SKU086,0,280,8,167
2024-12-15,SKU086,0,327,8,167
2024-12-22,SKU086,0,262,8,167
2024-12-29,SKU086,0,269,8,167
2025-01-05,SKU086,0,318,8,167
2025-01-12,SKU086,295,0,8,167
2025-01-19,SKU086,203,0,8,167
2025-01-26,SKU086,107,274,8,167
2025-02-02,SKU086,315,0,8,167
2025-02-09,SKU086,230,0,8,167
2025-02-16,SKU086,397,0,8,167
2025-02-23,SKU086,305,0,8,167
2025-03-02,SKU086,217,0,8,167
2025-03-09,SKU086,385,0,8,167
2025-03-16,SKU086,277,0,8,167
2025-03-23,SKU086,134,340,8,167
2025-03-30,SKU086,371,0,8,167
2025-04-06,SKU086,287,0,8,167
2025-04-13,SKU086,188,0,8,167
2025-04-20,SKU086,91,344,8,167
2025-04-27,SKU086,0,207,8,167
2025-05-04,SKU086,302,0,8,167
2025-05-11,SKU086,216,0,8,167
2025-05-18,SKU086,291,0,8,167
2025-05-25,SKU086,195,0,8,167
2025-06-01,SKU086,89,221,8,167
2025-06-08,SKU086,221,0,8,167
2025-06-15,SKU086,113,331,8,167
2025-06-22,SKU086,323,0,8,167
2025-06-29,SKU086,235,0,8,167
2025-07-06,SKU086,407,0,8,167
2025-07-13,SKU086,315,0,8,167
2025-07-20,SKU086,215,0,8,167
2025-07-27,SKU086,475,0,8,167
2025-08-03,SKU086,401,0,8,167
2025-08-10,SKU086,307,0,8,167
2025-08-17,SKU086,152,382,8,167
2025-08-24,SKU086,293,0,8,167
2025-08-31,SKU086,230,0,8,167
2025-09-07,SKU086,416,0,8,167
2025-09-14,SKU086,309,0,8,167
2025-09-21,SKU086,227,0,8,167
2025-09-28,SKU086,128,251,8,167
2025-10-05,SKU086,270,0,8,167
2025-10-12,SKU086,173,0,8,167
2025-10-19,SKU086,249,0,8,167
2025-10-26,SKU086,359,0,8,167
2025-11-02,SKU086,178,0,8,167
2025-11-09,SKU086,46,382,8,167
2025-11-16,SKU086,264,0,8,167
2025-11-23,SKU086,426,0,8,167
2025-11-30,SKU086,232,0,8,167
2025-12-07,SKU086,98,279,8,167
2025-12-14,SKU086,192,0,8,167
2025-12-21,SKU086,91,212,8,167
2025-12-28,SKU086,225,0,8,167
2024-01-07,SKU087,361,0,6,107
2024-01-14,SKU087,246,0,6,107
2024-01-21,SKU087,156,0,6,107
2024-01-28,SKU087,40,261,6,107
2024-02-04,SKU087,347,0,6,107
2024-02-11,SKU087,257,0,6,107
2024-02-18,SKU087,142,0,6,107
2024-02-25,SKU087,368,0,6,107
2024-03-03,SKU087,279,0,6,107
2024-03-10,SKU087,162,0,6,107
2024-03-17,SKU087,422,0,6,107
2024-03-24,SKU087,311,0,6,107
2024-03-31,SKU087,191,0,6,107
2024-04-07,SKU087,70,234,6,107
2024-04-14,SKU087,387,0,6,107
2024-04-21,SKU087,288,0,6,107
2024-04-28,SKU087,199,0,6,107
2024-05-05,SKU087,330,0,6,107
2024-05-12,SKU087,241,0,6,107
2024-05-19,SKU087,152,0,6,107
2024-05-26,SKU087,137,0,6,107
2024-06-02,SKU087,269,0,6,107
2024-06-09,SKU087,179,0,6,107
2024-06-16,SKU087,399,0,6,107
2024-06-23,SKU087,274,0,6,107
2024-06-30,SKU087,194,0,6,107
2024-07-07,SKU087,120,0,6,107
2024-07-14,SKU087,53,224,6,107
2024-07-21,SKU087,174,0,6,107
2024-07-28,SKU087,442,0,6,107
2024-08-04,SKU087,369,0,6,107
2024-08-11,SKU087,280,0,6,107
2024-08-18,SKU087,135,0,6,107
2024-08-25,SKU087,319,0,6,107
2024-09-01,SKU087,244,0,6,107
2024-09-08,SKU087,161,0,6,107
2024-09-15,SKU087,71,216,6,107
2024-09-22,SKU087,270,0,6,107
2024-09-29,SKU087,196,0,6,107
2024-10-06,SKU087,323,0,6,107
2024-10-13,SKU087,221,0,6,107
2024-10-20,SKU087,116,0,6,107
2024-10-27,SKU087,218,0,6,107
2024-11-03,SKU087,66,275,6,107
2024-11-10,SKU087,183,0,6,107
2024-11-17,SKU087,76,354,6,107
2024-11-24,SKU087,284,0,6,107
2024-12-01,SKU087,117,0,6,107
2024-12-08,SKU087,0,160,6,107
2024-12-15,SKU087,0,256,6,107
2024-12-22,SKU087,315,0,6,107
2024-12-29,SKU087,214,0,6,107
2025-01-05,SKU087,110,0,6,107
2025-01-12,SKU087,318,0,6,107
2025-01-19,SKU087,251,0,6,107
2025-01-26,SKU087,155,0,6,107
2025-02-02,SKU087,320,0,6,107
2025-02-09,SKU087,234,0,6,107
2025-02-16,SKU087,156,0,6,107
2025-02-23,SKU087,81,173,6,107
2025-03-02,SKU087,11,159,6,107
2025-03-09,SKU087,0,265,6,107
2025-03-16,SKU087,0,313,6,107
2025-03-23,SKU087,282,0,6,107
2025-03-30,SKU087,163,0,6,107
2025-04-06,SKU087,79,292,6,107
2025-04-13,SKU087,0,265,6,107
2025-04-20,SKU087,279,0,6,107
2025-04-27,SKU087,176,0,6,107
2025-05-04,SKU087,64,346,6,107
2025-05-11,SKU087,0,166,6,107
2025-05-18,SKU087,394,0,6,107
2025-05-25,SKU087,303,0,6,107
2025-06-01,SKU087,209,0,6,107
2025-06-08,SKU087,121,0,6,107
2025-06-15,SKU087,390,0,6,107
2025-06-22,SKU087,265,0,6,107
2025-06-29,SKU087,179,0,6,107
2025-07-06,SKU087,273,0,6,107
2025-07-13,SKU087,185,0,6,107
2025-07-20,SKU087,98,286,6,107
2025-07-27,SKU087,391,0,6,107
2025-08-03,SKU087,312,0,6,107
2025-08-10,SKU087,224,0,6,107
2025-08-17,SKU087,77,180,6,107
2025-08-24,SKU087,0,158,6,107
2025-08-31,SKU087,225,0,6,107
2025-09-07,SKU087,138,0,6,107
2025-09-14,SKU087,331,0,6,107
2025-09-21,SKU087,247,0,6,107
2025-09-28,SKU087,169,0,6,107
2025-10-05,SKU087,36,380,6,107
2025-10-12,SKU087,250,0,6,107
2025-10-19,SKU087,150,0,6,107
2025-10-26,SKU087,380,0,6,107
2025-11-02,SKU087,232,0,6,107
2025-11-09,SKU087,104,298,6,107
2025-11-16,SKU087,209,0,6,107
2025-11-23,SKU087,254,0,6,107
2025-11-30,SKU087,121,0,6,107
2025-12-07,SKU087,378,0,6,107
2025-12-14,SKU087,249,0,6,107
2025-12-21,SKU087,110,0,6,107
2025-12-28,SKU087,283,0,6,107
2024-01-07,SKU088,216,0,12,212
2024-01-14,SKU088,374,0,12,212
2024-01-21,SKU088,305,0,12,212
2024-01-28,SKU088,245,0,12,212
2024-02-04,SKU088,476,0,12,212
2024-02-11,SKU088,417,0,12,212
2024-02-18,SKU088,335,0,12,212
2024-02-25,SKU088,258,0,12,212
2024-03-03,SKU088,365,0,12,212
2024-03-10,SKU088,276,0,12,212
2024-03-17,SKU088,438,0,12,212
2024-03-24,SKU088,280,0,12,212
2024-03-31,SKU088,205,300,12,212
2024-04-07,SKU088,467,0,12,212
2024-04-14,SKU088,385,0,12,212
2024-04-21,SKU088,291,0,12,212
2024-04-28,SKU088,203,187,12,212
2024-05-05,SKU088,133,345,12,212
2024-05-12,SKU088,52,254,12,212
2024-05-19,SKU088,0,313,12,212
2024-05-26,SKU088,156,0,12,212
2024-06-02,SKU088,354,0,12,212
2024-06-09,SKU088,284,0,12,212
2024-06-16,SKU088,480,0,12,212
2024-06-23,SKU088,377,0,12,212
2024-06-30,SKU088,307,0,12,212
2024-07-07,SKU088,243,0,12,212
2024-07-14,SKU088,173,185,12,212
2024-07-21,SKU088,298,0,12,212
2024-07-28,SKU088,215,0,12,212
2024-08-04,SKU088,377,0,12,212
2024-08-11,SKU088,286,0,12,212
2024-08-18,SKU088,170,320,12,212
2024-08-25,SKU088,414,0,12,212
2024-09-01,SKU088,332,0,12,212
2024-09-08,SKU088,253,0,12,212
2024-09-15,SKU088,537,0,12,212
2024-09-22,SKU088,458,0,12,212
2024-09-29,SKU088,373,0,12,212
2024-10-06,SKU088,257,0,12,212
2024-10-13,SKU088,314,0,12,212
2024-10-20,SKU088,210,163,12,212
2024-10-27,SKU088,213,0,12,212
2024-11-03,SKU088,80,233,12,212
2024-11-10,SKU088,176,0,12,212
2024-11-17,SKU088,382,0,12,212
2024-11-24,SKU088,262,0,12,212
2024-12-01,SKU088,129,256,12,212
2024-12-08,SKU088,191,0,12,212
2024-12-15,SKU088,255,0,12,212
2024-12-22,SKU088,460,0,12,212
2024-12-29,SKU088,332,0,12,212
2025-01-05,SKU088,226,0,12,212
2025-01-12,SKU088,148,236,12,212
2025-01-19,SKU088,66,240,12,212
2025-01-26,SKU088,365,0,12,212
2025-02-02,SKU088,293,0,12,212
2025-02-09,SKU088,529,0,12,212
2025-02-16,SKU088,442,0,12,212
2025-02-23,SKU088,365,0,12,212
2025-03-02,SKU088,278,0,12,212
2025-03-09,SKU088,197,321,12,212
2025-03-16,SKU088,81,184,12,212
2025-03-23,SKU088,0,292,12,212
2025-03-30,SKU088,317,0,12,212
2025-04-06,SKU088,209,231,12,212
2025-04-13,SKU088,424,0,12,212
2025-04-20,SKU088,340,0,12,212
2025-04-27,SKU088,234,0,12,212
2025-05-04,SKU088,144,175,12,212
2025-05-11,SKU088,351,0,12,212
2025-05-18,SKU088,250,0,12,212
2025-05-25,SKU088,413,0,12,212
2025-06-01,SKU088,322,0,12,212
2025-06-08,SKU088,231,0,12,212
2025-06-15,SKU088,333,0,12,212
2025-06-22,SKU088,214,0,12,212
2025-06-29,SKU088,135,367,12,212
2025-07-06,SKU088,398,0,12,212
2025-07-13,SKU088,328,0,12,212
2025-07-20,SKU088,239,0,12,212
2025-07-27,SKU088,400,0,12,212
2025-08-03,SKU088,312,0,12,212
2025-08-10,SKU088,219,0,12,212
2025-08-17,SKU088,68,189,12,212
2025-08-24,SKU088,0,255,12,212
2025-08-31,SKU088,0,240,12,212
2025-09-07,SKU088,0,152,12,212
2025-09-14,SKU088,0,281,12,212
2025-09-21,SKU088,344,0,12,212
2025-09-28,SKU088,261,0,12,212
2025-10-05,SKU088,161,264,12,212
2025-10-12,SKU088,406,0,12,212
2025-10-19,SKU088,288,0,12,212
2025-10-26,SKU088,510,0,12,212
2025-11-02,SKU088,340,0,12,212
2025-11-09,SKU088,218,0,12,212
2025-11-16,SKU088,101,167,12,212
2025-11-23,SKU088,304,0,12,212
2025-11-30,SKU088,290,0,12,212
2025-12-07,SKU088,163,257,12,212
2025-12-14,SKU088,214,0,12,212
2025-12-21,SKU088,362,0,12,212
2025-12-28,SKU088,251,0,12,212
2024-01-07,SKU089,151,0,6,113
2024-01-14,SKU089,55,245,6,113
2024-01-21,SKU089,349,0,6,113
2024-01-28,SKU089,237,0,6,113
2024-02-04,SKU089,150,0,6,113
2024-02-11,SKU089,51,197,6,113
2024-02-18,SKU089,248,0,6,113
2024-02-25,SKU089,164,0,6,113
2024-03-03,SKU089,215,0,6,113
2024-03-10,SKU089,449,0,6,113
2024-03-17,SKU089,348,0,6,113
2024-03-24,SKU089,255,0,6,113
2024-03-31,SKU089,143,0,6,113
2024-04-07,SKU089,296,0,6,113
2024-04-14,SKU089,209,0,6,113
2024-04-21,SKU089,272,0,6,113
2024-04-28,SKU089,181,0,6,113
2024-05-05,SKU089,425,0,6,113
2024-05-12,SKU089,316,0,6,113
2024-05-19,SKU089,220,0,6,113
2024-05-26,SKU089,115,0,6,113
2024-06-02,SKU089,373,0,6,113
2024-06-09,SKU089,352,0,6,113
2024-06-16,SKU089,201,0,6,113
2024-06-23,SKU089,273,0,6,113
2024-06-30,SKU089,191,0,6,113
2024-07-07,SKU089,115,0,6,113
2024-07-14,SKU089,45,185,6,113
2024-07-21,SKU089,169,0,6,113
2024-07-28,SKU089,98,189,6,113
2024-08-04,SKU089,204,0,6,113
2024-08-11,SKU089,119,0,6,113
2024-08-18,SKU089,0,160,6,113
2024-08-25,SKU089,279,0,6,113
2024-09-01,SKU089,203,0,6,113
2024-09-08,SKU089,139,0,6,113
2024-09-15,SKU089,265,0,6,113
2024-09-22,SKU089,185,0,6,113
2024-09-29,SKU089,312,0,6,113
2024-10-06,SKU089,199,0,6,113
2024-10-13,SKU089,88,353,6,113
2024-10-20,SKU089,0,190,6,113
2024-10-27,SKU089,278,0,6,113
2024-11-03,SKU089,142,0,6,113
2024-11-10,SKU089,312,0,6,113
2024-11-17,SKU089,183,0,6,113
2024-11-24,SKU089,383,0,6,113
2024-12-01,SKU089,216,0,6,113
2024-12-08,SKU089,76,154,6,113
2024-12-15,SKU089,332,0,6,113
2024-12-22,SKU089,219,0,6,113
2024-12-29,SKU089,100,323,6,113
2025-01-05,SKU089,251,0,6,113
2025-01-12,SKU089,169,0,6,113
2025-01-19,SKU089,245,0,6,113
2025-01-26,SKU089,153,0,6,113
2025-02-02,SKU089,402,0,6,113
2025-02-09,SKU089,325,0,6,113
2025-02-16,SKU089,252,0,6,113
2025-02-23,SKU089,166,0,6,113
2025-03-02,SKU089,310,0,6,113
2025-03-09,SKU089,217,0,6,113
2025-03-16,SKU089,319,0,6,113
2025-03-23,SKU089,197,0,6,113
2025-03-30,SKU089,114,0,6,113
2025-04-06,SKU089,26,295,6,113
2025-04-13,SKU089,223,0,6,113
2025-04-20,SKU089,153,0,6,113
2025-04-27,SKU089,408,0,6,113
2025-05-04,SKU089,306,0,6,113
2025-05-11,SKU089,224,0,6,113
2025-05-18,SKU089,135,0,6,113
2025-05-25,SKU089,385,0,6,113
2025-06-01,SKU089,288,0,6,113
2025-06-08,SKU089,202,0,6,113
2025-06-15,SKU089,367,0,6,113
2025-06-22,SKU089,265,0,6,113
2025-06-29,SKU089,193,0,6,113
2025-07-06,SKU089,102,280,6,113
2025-07-13,SKU089,201,0,6,113
2025-07-20,SKU089,108,162,6,113
2025-07-27,SKU089,45,198,6,113
2025-08-03,SKU089,0,255,6,113
2025-08-10,SKU089,0,210,6,113
2025-08-17,SKU089,174,0,6,113
2025-08-24,SKU089,324,0,6,113
2025-08-31,SKU089,241,0,6,113
2025-09-07,SKU089,151,0,6,113
2025-09-14,SKU089,68,270,6,113
2025-09-21,SKU089,0,206,6,113
2025-09-28,SKU089,0,287,6,113
2025-10-05,SKU089,0,267,6,113
2025-10-12,SKU089,169,0,6,113
2025-10-19,SKU089,67,265,6,113
2025-10-26,SKU089,0,214,6,113
2025-11-02,SKU089,308,0,6,113
2025-11-09,SKU089,205,0,6,113
2025-11-16,SKU089,99,297,6,113
2025-11-23,SKU089,314,0,6,113
2025-11-30,SKU089,166,0,6,113
2025-12-07,SKU089,21,306,6,113
2025-12-14,SKU089,351,0,6,113
2025-12-21,SKU089,249,0,6,113
2025-12-28,SKU089,151,0,6,113
2024-01-07,SKU090,120,365,11,214
2024-01-14,SKU090,188,0,11,214
2024-01-21,SKU090,265,0,11,214
2024-01-28,SKU090,357,0,11,214
2024-02-04,SKU090,315,0,11,214
2024-02-11,SKU090,228,0,11,214
2024-02-18,SKU090,536,0,11,214
2024-02-25,SKU090,468,0,11,214
2024-03-03,SKU090,387,0,11,214
2024-03-10,SKU090,290,0,11,214
2024-03-17,SKU090,560,0,11,214
2024-03-24,SKU090,417,0,11,214
2024-03-31,SKU090,333,0,11,214
2024-04-07,SKU090,245,0,11,214
2024-04-14,SKU090,130,349,11,214
2024-04-21,SKU090,43,168,11,214
2024-04-28,SKU090,392,0,11,214
2024-05-05,SKU090,306,0,11,214
2024-05-12,SKU090,231,0,11,214
2024-05-19,SKU090,476,0,11,214
2024-05-26,SKU090,386,0,11,214
2024-06-02,SKU090,295,0,11,214
2024-06-09,SKU090,223,0,11,214
2024-06-16,SKU090,416,0,11,214
2024-06-23,SKU090,313,0,11,214
2024-06-30,SKU090,225,0,11,214
2024-07-07,SKU090,482,0,11,214
2024-07-14,SKU090,406,0,11,214
2024-07-21,SKU090,318,0,11,214
2024-07-28,SKU090,406,0,11,214
2024-08-04,SKU090,323,0,11,214
2024-08-11,SKU090,233,0,11,214
2024-08-18,SKU090,99,408,11,214
2024-08-25,SKU090,215,0,11,214
2024-09-01,SKU090,364,0,11,214
2024-09-08,SKU090,280,0,11,214
2024-09-15,SKU090,198,366,11,214
2024-09-22,SKU090,383,0,11,214
2024-09-29,SKU090,292,0,11,214
2024-10-06,SKU090,185,321,11,214
2024-10-13,SKU090,67,269,11,214
2024-10-20,SKU090,206,0,11,214
2024-10-27,SKU090,406,0,11,214
2024-11-03,SKU090,247,0,11,214
2024-11-10,SKU090,99,201,11,214
2024-11-17,SKU090,297,0,11,214
2024-11-24,SKU090,426,0,11,214
2024-12-01,SKU090,246,0,11,214
2024-12-08,SKU090,473,0,11,214
2024-12-15,SKU090,353,0,11,214
2024-12-22,SKU090,226,0,11,214
2024-12-29,SKU090,435,0,11,214
2025-01-05,SKU090,323,0,11,214
2025-01-12,SKU090,226,0,11,214
2025-01-19,SKU090,359,0,11,214
2025-01-26,SKU090,254,0,11,214
2025-02-02,SKU090,538,0,11,214
2025-02-09,SKU090,443,0,11,214
2025-02-16,SKU090,362,0,11,214
2025-02-23,SKU090,262,0,11,214
2025-03-02,SKU090,475,0,11,214
2025-03-09,SKU090,377,0,11,214
2025-03-16,SKU090,257,0,11,214
2025-03-23,SKU090,493,0,11,214
2025-03-30,SKU090,381,0,11,214
2025-04-06,SKU090,285,0,11,214
2025-04-13,SKU090,500,0,11,214
2025-04-20,SKU090,396,0,11,214
2025-04-27,SKU090,309,0,11,214
2025-05-04,SKU090,214,252,11,214
2025-05-11,SKU090,490,0,11,214
2025-05-18,SKU090,394,0,11,214
2025-05-25,SKU090,283,0,11,214
2025-06-01,SKU090,453,0,11,214
2025-06-08,SKU090,350,0,11,214
2025-06-15,SKU090,229,0,11,214
2025-06-22,SKU090,496,0,11,214
2025-06-29,SKU090,409,0,11,214
2025-07-06,SKU090,303,0,11,214
2025-07-13,SKU090,593,0,11,214
2025-07-20,SKU090,497,0,11,214
2025-07-27,SKU090,420,0,11,214
2025-08-03,SKU090,308,0,11,214
2025-08-10,SKU090,446,0,11,214
2025-08-17,SKU090,302,0,11,214
2025-08-24,SKU090,368,0,11,214
2025-08-31,SKU090,266,0,11,214
2025-09-07,SKU090,489,0,11,214
2025-09-14,SKU090,406,0,11,214
2025-09-21,SKU090,330,0,11,214
2025-09-28,SKU090,230,0,11,214
2025-10-05,SKU090,410,0,11,214
2025-10-12,SKU090,292,0,11,214
2025-10-19,SKU090,176,322,11,214
2025-10-26,SKU090,224,0,11,214
2025-11-02,SKU090,300,0,11,214
2025-11-09,SKU090,377,0,11,214
2025-11-16,SKU090,276,0,11,214
2025-11-23,SKU090,135,345,11,214
2025-11-30,SKU090,214,0,11,214
2025-12-07,SKU090,386,0,11,214
2025-12-14,SKU090,283,0,11,214
2025-12-21,SKU090,373,0,11,214
2025-12-28,SKU090,268,0,11,214
2024-01-07,SKU091,187,0,5,59
2024-01-14,SKU091,133,0,5,59
2024-01-21,SKU091,65,0,5,59
2024-01-28,SKU091,116,0,5,59
2024-02-04,SKU091,61,0,5,59
2024-02-11,SKU091,227,0,5,59
2024-02-18,SKU091,164,0,5,59
2024-02-25,SKU091,91,0,5,59
2024-03-03,SKU091,250,0,5,59
2024-03-10,SKU091,187,0,5,59
2024-03-17,SKU091,127,0,5,59
2024-03-24,SKU091,60,0,5,59
2024-03-31,SKU091,0,117,5,59
2024-04-07,SKU091,0,111,5,59
2024-04-14,SKU091,142,0,5,59
2024-04-21,SKU091,83,0,5,59
2024-04-28,SKU091,18,176,5,59
2024-05-05,SKU091,0,125,5,59
2024-05-12,SKU091,152,0,5,59
2024-05-19,SKU091,93,0,5,59
2024-05-26,SKU091,124,0,5,59
2024-06-02,SKU091,54,229,5,59
2024-06-09,SKU091,0,175,5,59
2024-06-16,SKU091,212,0,5,59
2024-06-23,SKU091,157,0,5,59
2024-06-30,SKU091,84,0,5,59
2024-07-07,SKU091,17,235,5,59
2024-07-14,SKU091,117,0,5,59
2024-07-21,SKU091,61,0,5,59
2024-07-28,SKU091,180,0,5,59
2024-08-04,SKU091,116,0,5,59
2024-08-11,SKU091,225,0,5,59
2024-08-18,SKU091,152,0,5,59
2024-08-25,SKU091,92,0,5,59
2024-09-01,SKU091,22,223,5,59
2024-09-08,SKU091,178,0,5,59
2024-09-15,SKU091,123,0,5,59
2024-09-22,SKU091,50,202,5,59
2024-09-29,SKU091,181,0,5,59
2024-10-06,SKU091,112,0,5,59
2024-10-13,SKU091,230,0,5,59
2024-10-20,SKU091,158,0,5,59
2024-10-27,SKU091,95,0,5,59
2024-11-03,SKU091,35,99,5,59
2024-11-10,SKU091,195,0,5,59
2024-11-17,SKU091,126,0,5,59
2024-11-24,SKU091,158,0,5,59
2024-12-01,SKU091,291,0,5,59
2024-12-08,SKU091,218,0,5,59
2024-12-15,SKU091,141,0,5,59
2024-12-22,SKU091,90,0,5,59
2024-12-29,SKU091,25,131,5,59
2025-01-05,SKU091,121,0,5,59
2025-01-12,SKU091,75,0,5,59
2025-01-19,SKU091,26,203,5,59
2025-01-26,SKU091,0,227,5,59
2025-02-02,SKU091,225,0,5,59
2025-02-09,SKU091,156,0,5,59
2025-02-16,SKU091,104,0,5,59
2025-02-23,SKU091,247,0,5,59
2025-03-02,SKU091,181,0,5,59
2025-03-09,SKU091,132,0,5,59
2025-03-16,SKU091,65,0,5,59
2025-03-23,SKU091,0,164,5,59
2025-03-30,SKU091,0,174,5,59
2025-04-06,SKU091,139,0,5,59
2025-04-13,SKU091,73,0,5,59
2025-04-20,SKU091,23,203,5,59
2025-04-27,SKU091,0,142,5,59
2025-05-04,SKU091,160,0,5,59
2025-05-11,SKU091,114,0,5,59
2025-05-18,SKU091,60,0,5,59
2025-05-25,SKU091,3,223,5,59
2025-06-01,SKU091,0,199,5,59
2025-06-08,SKU091,165,0,5,59
2025-06-15,SKU091,98,0,5,59
2025-06-22,SKU091,275,0,5,59
2025-06-29,SKU091,224,0,5,59
2025-07-06,SKU091,162,0,5,59
2025-07-13,SKU091,113,0,5,59
2025-07-20,SKU091,63,0,5,59
2025-07-27,SKU091,6,181,5,59
2025-08-03,SKU091,0,195,5,59
2025-08-10,SKU091,204,0,5,59
2025-08-17,SKU091,116,0,5,59
2025-08-24,SKU091,180,0,5,59
2025-08-31,SKU091,129,0,5,59
2025-09-07,SKU091,75,0,5,59
2025-09-14,SKU091,185,0,5,59
2025-09-21,SKU091,127,0,5,59
2025-09-28,SKU091,70,0,5,59
2025-10-05,SKU091,15,99,5,59
2025-10-12,SKU091,0,131,5,59
2025-10-19,SKU091,0,203,5,59
2025-10-26,SKU091,209,0,5,59
2025-11-02,SKU091,124,0,5,59
2025-11-09,SKU091,228,0,5,59
2025-11-16,SKU091,164,0,5,59
2025-11-23,SKU091,231,0,5,59
2025-11-30,SKU091,117,0,5,59
2025-12-07,SKU091,179,0,5,59
2025-12-14,SKU091,110,0,5,59
2025-12-21,SKU091,211,0,5,59
2025-12-28,SKU091,144,0,5,59
2024-01-07,SKU092,110,0,4,39
2024-01-14,SKU092,56,0,4,39
2024-01-21,SKU092,0,195,4,39
2024-01-28,SKU092,0,105,4,39
2024-02-04,SKU092,187,0,4,39
2024-02-11,SKU092,127,0,4,39
2024-02-18,SKU092,74,0,4,39
2024-02-25,SKU092,152,0,4,39
2024-03-03,SKU092,97,0,4,39
2024-03-10,SKU092,43,0,4,39
2024-03-17,SKU092,171,0,4,39
2024-03-24,SKU092,108,0,4,39
2024-03-31,SKU092,57,0,4,39
2024-04-07,SKU092,105,0,4,39
2024-04-14,SKU092,56,0,4,39
2024-04-21,SKU092,0,114,4,39
2024-04-28,SKU092,104,0,4,39
2024-05-05,SKU092,55,0,4,39
2024-05-12,SKU092,162,0,4,39
2024-05-19,SKU092,108,0,4,39
2024-05-26,SKU092,58,0,4,39
2024-06-02,SKU092,0,109,4,39
2024-06-09,SKU092,0,102,4,39
2024-06-16,SKU092,96,0,4,39
2024-06-23,SKU092,44,0,4,39
2024-06-30,SKU092,0,205,4,39
2024-07-07,SKU092,0,178,4,39
2024-07-14,SKU092,0,149,4,39
2024-07-21,SKU092,167,0,4,39
2024-07-28,SKU092,108,0,4,39
2024-08-04,SKU092,42,0,4,39
2024-08-11,SKU092,117,0,4,39
2024-08-18,SKU092,64,0,4,39
2024-08-25,SKU092,5,107,4,39
2024-09-01,SKU092,0,140,4,39
2024-09-08,SKU092,0,215,4,39
2024-09-15,SKU092,182,0,4,39
2024-09-22,SKU092,133,0,4,39
2024-09-29,SKU092,76,0,4,39
2024-10-06,SKU092,14,130,4,39
2024-10-13,SKU092,153,0,4,39
2024-10-20,SKU092,80,0,4,39
2024-10-27,SKU092,145,0,4,39
2024-11-03,SKU092,40,0,4,39
2024-11-10,SKU092,97,0,4,39
2024-11-17,SKU092,40,0,4,39
2024-11-24,SKU092,190,0,4,39
2024-12-01,SKU092,104,0,4,39
2024-12-08,SKU092,235,0,4,39
2024-12-15,SKU092,169,0,4,39
2024-12-22,SKU092,110,0,4,39
2024-12-29,SKU092,46,0,4,39
2025-01-05,SKU092,152,0,4,39
2025-01-12,SKU092,115,0,4,39
2025-01-19,SKU092,62,0,4,39
2025-01-26,SKU092,203,0,4,39
2025-02-02,SKU092,161,0,4,39
2025-02-09,SKU092,115,0,4,39
2025-02-16,SKU092,78,0,4,39
2025-02-23,SKU092,130,0,4,39
2025-03-02,SKU092,88,0,4,39
2025-03-09,SKU092,43,0,4,39
2025-03-16,SKU092,0,129,4,39
2025-03-23,SKU092,0,103,4,39
2025-03-30,SKU092,210,0,4,39
2025-04-06,SKU092,157,0,4,39
2025-04-13,SKU092,100,0,4,39
2025-04-20,SKU092,50,0,4,39
2025-04-27,SKU092,145,0,4,39
2025-05-04,SKU092,86,0,4,39
2025-05-11,SKU092,134,0,4,39
2025-05-18,SKU092,88,0,4,39
2025-05-25,SKU092,44,0,4,39
2025-06-01,SKU092,0,92,4,39
2025-06-08,SKU092,192,0,4,39
2025-06-15,SKU092,132,0,4,39
2025-06-22,SKU092,64,0,4,39
2025-06-29,SKU092,14,189,4,39
2025-07-06,SKU092,103,0,4,39
2025-07-13,SKU092,50,0,4,39
2025-07-20,SKU092,0,158,4,39
2025-07-27,SKU092,124,0,4,39
2025-08-03,SKU092,80,0,4,39
2025-08-10,SKU092,29,212,4,39
2025-08-17,SKU092,178,0,4,39
2025-08-24,SKU092,127,0,4,39
2025-08-31,SKU092,83,0,4,39
2025-09-07,SKU092,41,0,4,39
2025-09-14,SKU092,214,0,4,39
2025-09-21,SKU092,159,0,4,39
2025-09-28,SKU092,109,0,4,39
2025-10-05,SKU092,54,0,4,39
2025-10-12,SKU092,187,0,4,39
2025-10-19,SKU092,132,0,4,39
2025-10-26,SKU092,138,0,4,39
2025-11-02,SKU092,56,0,4,39
2025-11-09,SKU092,104,0,4,39
2025-11-16,SKU092,50,0,4,39
2025-11-23,SKU092,0,144,4,39
2025-11-30,SKU092,0,202,4,39
2025-12-07,SKU092,0,202,4,39
2025-12-14,SKU092,188,0,4,39
2025-12-21,SKU092,133,0,4,39
2025-12-28,SKU092,79,0,4,39
2024-01-07,SKU093,320,0,11,232
2024-01-14,SKU093,512,0,11,232
2024-01-21,SKU093,416,0,11,232
2024-01-28,SKU093,314,0,11,232
2024-02-04,SKU093,456,0,11,232
2024-02-11,SKU093,355,0,11,232
2024-02-18,SKU093,236,0,11,232
2024-02-25,SKU093,471,0,11,232
2024-03-03,SKU093,368,0,11,232
2024-03-10,SKU093,243,0,11,232
2024-03-17,SKU093,147,380,11,232
2024-03-24,SKU093,257,0,11,232
2024-03-31,SKU093,141,326,11,232
2024-04-07,SKU093,32,319,11,232
2024-04-14,SKU093,207,0,11,232
2024-04-21,SKU093,109,287,11,232
2024-04-28,SKU093,401,0,11,232
2024-05-05,SKU093,298,0,11,232
2024-05-12,SKU093,187,301,11,232
2024-05-19,SKU093,85,224,11,232
2024-05-26,SKU093,386,0,11,232
2024-06-02,SKU093,264,0,11,232
2024-06-09,SKU093,152,249,11,232
2024-06-16,SKU093,362,0,11,232
2024-06-23,SKU093,243,0,11,232
2024-06-30,SKU093,534,0,11,232
2024-07-07,SKU093,407,0,11,232
2024-07-14,SKU093,291,0,11,232
2024-07-21,SKU093,440,0,11,232
2024-07-28,SKU093,342,0,11,232
2024-08-04,SKU093,552,0,11,232
2024-08-11,SKU093,434,0,11,232
2024-08-18,SKU093,307,0,11,232
2024-08-25,SKU093,601,0,11,232
2024-09-01,SKU093,542,0,11,232
2024-09-08,SKU093,450,0,11,232
2024-09-15,SKU093,384,0,11,232
2024-09-22,SKU093,299,0,11,232
2024-09-29,SKU093,620,0,11,232
2024-10-06,SKU093,511,0,11,232
2024-10-13,SKU093,419,0,11,232
2024-10-20,SKU093,277,0,11,232
2024-10-27,SKU093,155,320,11,232
2024-11-03,SKU093,428,0,11,232
2024-11-10,SKU093,321,0,11,232
2024-11-17,SKU093,455,0,11,232
2024-11-24,SKU093,292,0,11,232
2024-12-01,SKU093,157,322,11,232
2024-12-08,SKU093,324,0,11,232
2024-12-15,SKU093,596,0,11,232
2024-12-22,SKU093,479,0,11,232
2024-12-29,SKU093,330,0,11,232
2025-01-05,SKU093,235,0,11,232
2025-01-12,SKU093,379,0,11,232
2025-01-19,SKU093,280,0,11,232
2025-01-26,SKU093,380,0,11,232
2025-02-02,SKU093,286,0,11,232
2025-02-09,SKU093,201,304,11,232
2025-02-16,SKU093,329,0,11,232
2025-02-23,SKU093,234,0,11,232
2025-03-02,SKU093,158,296,11,232
2025-03-09,SKU093,214,0,11,232
2025-03-16,SKU093,288,0,11,232
2025-03-23,SKU093,127,204,11,232
2025-03-30,SKU093,235,0,11,232
2025-04-06,SKU093,425,0,11,232
2025-04-13,SKU093,341,0,11,232
2025-04-20,SKU093,243,0,11,232
2025-04-27,SKU093,148,336,11,232
2025-05-04,SKU093,67,222,11,232
2025-05-11,SKU093,0,285,11,232
2025-05-18,SKU093,0,293,11,232
2025-05-25,SKU093,258,0,11,232
2025-06-01,SKU093,565,0,11,232
2025-06-08,SKU093,497,0,11,232
2025-06-15,SKU093,372,0,11,232
2025-06-22,SKU093,264,0,11,232
2025-06-29,SKU093,176,392,11,232
2025-07-06,SKU093,100,384,11,232
2025-07-13,SKU093,204,0,11,232
2025-07-20,SKU093,506,0,11,232
2025-07-27,SKU093,407,0,11,232
2025-08-03,SKU093,299,0,11,232
2025-08-10,SKU093,214,327,11,232
2025-08-17,SKU093,364,0,11,232
2025-08-24,SKU093,237,0,11,232
2025-08-31,SKU093,498,0,11,232
2025-09-07,SKU093,424,0,11,232
2025-09-14,SKU093,325,0,11,232
2025-09-21,SKU093,257,0,11,232
2025-09-28,SKU093,156,215,11,232
2025-10-05,SKU093,424,0,11,232
2025-10-12,SKU093,303,0,11,232
2025-10-19,SKU093,193,392,11,232
2025-10-26,SKU093,41,411,11,232
2025-11-02,SKU093,0,245,11,232
2025-11-09,SKU093,262,0,11,232
2025-11-16,SKU093,540,0,11,232
2025-11-23,SKU093,371,0,11,232
2025-11-30,SKU093,174,194,11,232
2025-12-07,SKU093,0,291,11,232
2025-12-14,SKU093,0,403,11,232
2025-12-21,SKU093,192,0,11,232
2025-12-28,SKU093,309,0,11,232
2024-01-07,SKU094,16,74,9,35
2024-01-14,SKU094,40,0,9,35
2024-01-21,SKU094,14,64,9,35
2024-01-28,SKU094,64,0,9,35
2024-02-04,SKU094,37,0,9,35
2024-02-11,SKU094,16,58,9,35
2024-02-18,SKU094,0,63,9,35
2024-02-25,SKU094,87,0,9,35
2024-03-03,SKU094,66,0,9,35
2024-03-10,SKU094,44,0,9,35
2024-03-17,SKU094,17,54,9,35
2024-03-24,SKU094,90,0,9,35
2024-03-31,SKU094,85,0,9,35
2024-04-07,SKU094,62,0,9,35
2024-04-14,SKU094,40,0,9,35
2024-04-21,SKU094,84,0,9,35
2024-04-28,SKU094,64,0,9,35
2024-05-05,SKU094,40,0,9,35
2024-05-12,SKU094,98,0,9,35
2024-05-19,SKU094,79,0,9,35
2024-05-26,SKU094,58,0,9,35
2024-06-02,SKU094,36,0,9,35
2024-06-09,SKU094,20,51,9,35
2024-06-16,SKU094,0,87,9,35
2024-06-23,SKU094,86,0,9,35
2024-06-30,SKU094,59,0,9,35
2024-07-07,SKU094,43,0,9,35
2024-07-14,SKU094,24,79,9,35
2024-07-21,SKU094,5,63,9,35
2024-07-28,SKU094,82,0,9,35
2024-08-04,SKU094,65,0,9,35
2024-08-11,SKU094,42,0,9,35
2024-08-18,SKU094,78,0,9,35
2024-08-25,SKU094,53,0,9,35
2024-09-01,SKU094,33,65,9,35
2024-09-08,SKU094,13,87,9,35
2024-09-15,SKU094,0,57,9,35
2024-09-22,SKU094,0,82,9,35
2024-09-29,SKU094,90,0,9,35
2024-10-06,SKU094,70,0,9,35
2024-10-13,SKU094,46,0,9,35
2024-10-20,SKU094,24,52,9,35
2024-10-27,SKU094,62,0,9,35
2024-11-03,SKU094,18,51,9,35
2024-11-10,SKU094,39,0,9,35
2024-11-17,SKU094,55,0,9,35
2024-11-24,SKU094,73,0,9,35
2024-12-01,SKU094,34,86,9,35
2024-12-08,SKU094,78,0,9,35
2024-12-15,SKU094,49,0,9,35
2024-12-22,SKU094,65,0,9,35
2024-12-29,SKU094,41,0,9,35
2025-01-05,SKU094,19,78,9,35
2025-01-12,SKU094,0,72,9,35
2025-01-19,SKU094,0,76,9,35
2025-01-26,SKU094,0,86,9,35
2025-02-02,SKU094,0,44,9,35
2025-02-09,SKU094,54,0,9,35
2025-02-16,SKU094,91,0,9,35
2025-02-23,SKU094,70,0,9,35
2025-03-02,SKU094,49,0,9,35
2025-03-09,SKU094,86,0,9,35
2025-03-16,SKU094,64,0,9,35
2025-03-23,SKU094,74,0,9,35
2025-03-30,SKU094,51,0,9,35
2025-04-06,SKU094,67,0,9,35
2025-04-13,SKU094,45,0,9,35
2025-04-20,SKU094,18,68,9,35
2025-04-27,SKU094,47,0,9,35
2025-05-04,SKU094,90,0,9,35
2025-05-11,SKU094,69,0,9,35
2025-05-18,SKU094,45,0,9,35
2025-05-25,SKU094,101,0,9,35
2025-06-01,SKU094,81,0,9,35
2025-06-08,SKU094,63,0,9,35
2025-06-15,SKU094,40,0,9,35
2025-06-22,SKU094,13,39,9,35
2025-06-29,SKU094,0,79,9,35
2025-07-06,SKU094,0,76,9,35
2025-07-13,SKU094,45,0,9,35
2025-07-20,SKU094,25,71,9,35
2025-07-27,SKU094,2,75,9,35
2025-08-03,SKU094,52,0,9,35
2025-08-10,SKU094,117,0,9,35
2025-08-17,SKU094,81,0,9,35
2025-08-24,SKU094,58,0,9,35
2025-08-31,SKU094,39,0,9,35
2025-09-07,SKU094,20,73,9,35
2025-09-14,SKU094,76,0,9,35
2025-09-21,SKU094,52,0,9,35
2025-09-28,SKU094,111,0,9,35
2025-10-05,SKU094,88,0,9,35
2025-10-12,SKU094,65,0,9,35
2025-10-19,SKU094,43,0,9,35
2025-10-26,SKU094,67,0,9,35
2025-11-02,SKU094,80,0,9,35
2025-11-09,SKU094,55,0,9,35
2025-11-16,SKU094,109,0,9,35
2025-11-23,SKU094,74,0,9,35
2025-11-30,SKU094,38,0,9,35
2025-12-07,SKU094,63,0,9,35
2025-12-14,SKU094,44,0,9,35
2025-12-21,SKU094,13,54,9,35
2025-12-28,SKU094,62,0,9,35
2024-01-07,SKU095,136,0,3,25
2024-01-14,SKU095,80,0,3,25
2024-01-21,SKU095,27,0,3,25
2024-01-28,SKU095,0,120,3,25
2024-02-04,SKU095,83,0,3,25
2024-02-11,SKU095,29,0,3,25
2024-02-18,SKU095,0,94,3,25
2024-02-25,SKU095,0,136,3,25
2024-03-03,SKU095,0,163,3,25
2024-03-10,SKU095,154,0,3,25
2024-03-17,SKU095,109,0,3,25
2024-03-24,SKU095,62,0,3,25
2024-03-31,SKU095,7,155,3,25
2024-04-07,SKU095,105,0,3,25
2024-04-14,SKU095,54,0,3,25
2024-04-21,SKU095,130,0,3,25
2024-04-28,SKU095,81,0,3,25
2024-05-05,SKU095,38,0,3,25
2024-05-12,SKU095,0,84,3,25
2024-05-19,SKU095,190,0,3,25
2024-05-26,SKU095,148,0,3,25
2024-06-02,SKU095,107,0,3,25
2024-06-09,SKU095,65,0,3,25
2024-06-16,SKU095,159,0,3,25
2024-06-23,SKU095,104,0,3,25
2024-06-30,SKU095,70,0,3,25
2024-07-07,SKU095,35,0,3,25
2024-07-14,SKU095,0,176,3,25
2024-07-21,SKU095,123,0,3,25
2024-07-28,SKU095,83,0,3,25
2024-08-04,SKU095,39,0,3,25
2024-08-11,SKU095,0,109,3,25
2024-08-18,SKU095,91,0,3,25
2024-08-25,SKU095,46,0,3,25
2024-09-01,SKU095,101,0,3,25
2024-09-08,SKU095,63,0,3,25
2024-09-15,SKU095,108,0,3,25
2024-09-22,SKU095,69,0,3,25
2024-09-29,SKU095,26,0,3,25
2024-10-06,SKU095,106,0,3,25
2024-10-13,SKU095,54,0,3,25
2024-10-20,SKU095,91,0,3,25
2024-10-27,SKU095,151,0,3,25
2024-11-03,SKU095,81,0,3,25
2024-11-10,SKU095,129,0,3,25
2024-11-17,SKU095,87,0,3,25
2024-11-24,SKU095,22,127,3,25
2024-12-01,SKU095,116,0,3,25
2024-12-08,SKU095,55,0,3,25
2024-12-15,SKU095,94,0,3,25
2024-12-22,SKU095,53,0,3,25
2024-12-29,SKU095,3,111,3,25
2025-01-05,SKU095,140,0,3,25
2025-01-12,SKU095,90,0,3,25
2025-01-19,SKU095,52,0,3,25
2025-01-26,SKU095,4,164,3,25
2025-02-02,SKU095,84,0,3,25
2025-02-09,SKU095,42,0,3,25
2025-02-16,SKU095,0,175,3,25
2025-02-23,SKU095,135,0,3,25
2025-03-02,SKU095,101,0,3,25
2025-03-09,SKU095,59,0,3,25
2025-03-16,SKU095,151,0,3,25
2025-03-23,SKU095,82,0,3,25
2025-03-30,SKU095,24,82,3,25
2025-04-06,SKU095,152,0,3,25
2025-04-13,SKU095,95,0,3,25
2025-04-20,SKU095,54,0,3,25
2025-04-27,SKU095,125,0,3,25
2025-05-04,SKU095,76,0,3,25
2025-05-11,SKU095,28,0,3,25
2025-05-18,SKU095,124,0,3,25
2025-05-25,SKU095,76,0,3,25
2025-06-01,SKU095,31,0,3,25
2025-06-08,SKU095,0,148,3,25
2025-06-15,SKU095,86,0,3,25
2025-06-22,SKU095,28,0,3,25
2025-06-29,SKU095,154,0,3,25
2025-07-06,SKU095,118,0,3,25
2025-07-13,SKU095,81,0,3,25
2025-07-20,SKU095,36,0,3,25
2025-07-27,SKU095,83,0,3,25
2025-08-03,SKU095,51,0,3,25
2025-08-10,SKU095,101,0,3,25
2025-08-17,SKU095,40,0,3,25
2025-08-24,SKU095,118,0,3,25
2025-08-31,SKU095,71,0,3,25
2025-09-07,SKU095,37,0,3,25
2025-09-14,SKU095,88,0,3,25
2025-09-21,SKU095,41,0,3,25
2025-09-28,SKU095,0,154,3,25
2025-10-05,SKU095,0,185,3,25
2025-10-12,SKU095,144,0,3,25
2025-10-19,SKU095,90,0,3,25
2025-10-26,SKU095,152,0,3,25
2025-11-02,SKU095,60,0,3,25
2025-11-09,SKU095,188,0,3,25
2025-11-16,SKU095,143,0,3,25
2025-11-23,SKU095,69,0,3,25
2025-11-30,SKU095,0,94,3,25
2025-12-07,SKU095,84,0,3,25
2025-12-14,SKU095,109,0,3,25
2025-12-21,SKU095,47,0,3,25
2025-12-28,SKU095,170,0,3,25
2024-01-07,SKU096,129,0,7,50
2024-01-14,SKU096,83,0,7,50
2024-01-21,SKU096,40,83,7,50
2024-01-28,SKU096,3,130,7,50
2024-02-04,SKU096,0,63,7,50
2024-02-11,SKU096,81,0,7,50
2024-02-18,SKU096,42,62,7,50
2024-02-25,SKU096,4,148,7,50
2024-03-03,SKU096,130,0,7,50
2024-03-10,SKU096,93,0,7,50
2024-03-17,SKU096,52,0,7,50
2024-03-24,SKU096,165,0,7,50
2024-03-31,SKU096,131,0,7,50
2024-04-07,SKU096,97,0,7,50
2024-04-14,SKU096,52,0,7,50
2024-04-21,SKU096,13,77,7,50
2024-04-28,SKU096,114,0,7,50
2024-05-05,SKU096,68,0,7,50
2024-05-12,SKU096,179,0,7,50
2024-05-19,SKU096,137,0,7,50
2024-05-26,SKU096,94,0,7,50
2024-06-02,SKU096,52,0,7,50
2024-06-09,SKU096,6,81,7,50
2024-06-16,SKU096,87,0,7,50
2024-06-23,SKU096,51,0,7,50
2024-06-30,SKU096,14,118,7,50
2024-07-07,SKU096,69,0,7,50
2024-07-14,SKU096,155,0,7,50
2024-07-21,SKU096,119,0,7,50
2024-07-28,SKU096,77,0,7,50
2024-08-04,SKU096,41,153,7,50
2024-08-11,SKU096,95,0,7,50
2024-08-18,SKU096,148,0,7,50
2024-08-25,SKU096,105,0,7,50
2024-09-01,SKU096,60,0,7,50
2024-09-08,SKU096,14,141,7,50
2024-09-15,SKU096,109,0,7,50
2024-09-22,SKU096,68,0,7,50
2024-09-29,SKU096,155,0,7,50
2024-10-06,SKU096,129,0,7,50
2024-10-13,SKU096,87,0,7,50
2024-10-20,SKU096,121,0,7,50
2024-10-27,SKU096,70,0,7,50
2024-11-03,SKU096,14,100,7,50
2024-11-10,SKU096,0,137,7,50
2024-11-17,SKU096,92,0,7,50
2024-11-24,SKU096,30,128,7,50
2024-12-01,SKU096,99,0,7,50
2024-12-08,SKU096,39,153,7,50
2024-12-15,SKU096,104,0,7,50
2024-12-22,SKU096,63,0,7,50
2024-12-29,SKU096,21,93,7,50
2025-01-05,SKU096,0,136,7,50
2025-01-12,SKU096,117,0,7,50
2025-01-19,SKU096,85,0,7,50
2025-01-26,SKU096,55,0,7,50
2025-02-02,SKU096,137,0,7,50
2025-02-09,SKU096,107,0,7,50
2025-02-16,SKU096,75,0,7,50
2025-02-23,SKU096,143,0,7,50
2025-03-02,SKU096,110,0,7,50
2025-03-09,SKU096,77,0,7,50
2025-03-16,SKU096,99,0,7,50
2025-03-23,SKU096,123,0,7,50
2025-03-30,SKU096,84,0,7,50
2025-04-06,SKU096,52,0,7,50
2025-04-13,SKU096,164,0,7,50
2025-04-20,SKU096,132,0,7,50
2025-04-27,SKU096,93,0,7,50
2025-05-04,SKU096,59,0,7,50
2025-05-11,SKU096,144,0,7,50
2025-05-18,SKU096,104,0,7,50
2025-05-25,SKU096,72,0,7,50
2025-06-01,SKU096,138,0,7,50
2025-06-08,SKU096,108,0,7,50
2025-06-15,SKU096,68,0,7,50
2025-06-22,SKU096,173,0,7,50
2025-06-29,SKU096,136,0,7,50
2025-07-06,SKU096,108,0,7,50
2025-07-13,SKU096,81,0,7,50
2025-07-20,SKU096,52,0,7,50
2025-07-27,SKU096,11,137,7,50
2025-08-03,SKU096,65,0,7,50
2025-08-10,SKU096,16,91,7,50
2025-08-17,SKU096,66,0,7,50
2025-08-24,SKU096,171,0,7,50
2025-08-31,SKU096,135,0,7,50
2025-09-07,SKU096,103,0,7,50
2025-09-14,SKU096,72,0,7,50
2025-09-21,SKU096,46,135,7,50
2025-09-28,SKU096,9,89,7,50
2025-10-05,SKU096,0,121,7,50
2025-10-12,SKU096,61,0,7,50
2025-10-19,SKU096,130,0,7,50
2025-10-26,SKU096,47,148,7,50
2025-11-02,SKU096,78,0,7,50
2025-11-09,SKU096,21,136,7,50
2025-11-16,SKU096,0,135,7,50
2025-11-23,SKU096,124,0,7,50
2025-11-30,SKU096,71,0,7,50
2025-12-07,SKU096,156,0,7,50
2025-12-14,SKU096,103,0,7,50
2025-12-21,SKU096,64,0,7,50
2025-12-28,SKU096,183,0,7,50
2024-01-07,SKU097,95,0,5,58
2024-01-14,SKU097,214,0,5,58
2024-01-21,SKU097,158,0,5,58
2024-01-28,SKU097,96,0,5,58
2024-02-04,SKU097,214,0,5,58
2024-02-11,SKU097,149,0,5,58
2024-02-18,SKU097,86,0,5,58
2024-02-25,SKU097,124,0,5,58
2024-03-03,SKU097,74,0,5,58
2024-03-10,SKU097,223,0,5,58
2024-03-17,SKU097,163,0,5,58
2024-03-24,SKU097,103,0,5,58
2024-03-31,SKU097,38,144,5,58
2024-04-07,SKU097,0,210,5,58
2024-04-14,SKU097,150,0,5,58
2024-04-21,SKU097,93,0,5,58
2024-04-28,SKU097,32,92,5,58
2024-05-05,SKU097,148,0,5,58
2024-05-12,SKU097,90,0,5,58
2024-05-19,SKU097,182,0,5,58
2024-05-26,SKU097,128,0,5,58
2024-06-02,SKU097,78,0,5,58
2024-06-09,SKU097,164,0,5,58
2024-06-16,SKU097,105,0,5,58
2024-06-23,SKU097,54,218,5,58
2024-06-30,SKU097,180,0,5,58
2024-07-07,SKU097,115,0,5,58
2024-07-14,SKU097,76,0,5,58
2024-07-21,SKU097,155,0,5,58
2024-07-28,SKU097,117,0,5,58
2024-08-04,SKU097,82,0,5,58
2024-08-11,SKU097,119,0,5,58
2024-08-18,SKU097,64,0,5,58
2024-08-25,SKU097,14,91,5,58
2024-09-01,SKU097,0,164,5,58
2024-09-08,SKU097,93,0,5,58
2024-09-15,SKU097,202,0,5,58
2024-09-22,SKU097,161,0,5,58
2024-09-29,SKU097,125,0,5,58
2024-10-06,SKU097,68,0,5,58
2024-10-13,SKU097,221,0,5,58
2024-10-20,SKU097,148,0,5,58
2024-10-27,SKU097,275,0,5,58
2024-11-03,SKU097,190,0,5,58
2024-11-10,SKU097,123,0,5,58
2024-11-17,SKU097,68,0,5,58
2024-11-24,SKU097,117,0,5,58
2024-12-01,SKU097,210,0,5,58
2024-12-08,SKU097,134,0,5,58
2024-12-15,SKU097,219,0,5,58
2024-12-22,SKU097,177,0,5,58
2024-12-29,SKU097,122,0,5,58
2025-01-05,SKU097,68,0,5,58
2025-01-12,SKU097,23,126,5,58
2025-01-19,SKU097,0,173,5,58
2025-01-26,SKU097,197,0,5,58
2025-02-02,SKU097,141,0,5,58
2025-02-09,SKU097,101,0,5,58
2025-02-16,SKU097,66,0,5,58
2025-02-23,SKU097,168,0,5,58
2025-03-02,SKU097,117,0,5,58
2025-03-09,SKU097,59,0,5,58
2025-03-16,SKU097,189,0,5,58
2025-03-23,SKU097,104,0,5,58
2025-03-30,SKU097,153,0,5,58
2025-04-06,SKU097,105,0,5,58
2025-04-13,SKU097,164,0,5,58
2025-04-20,SKU097,120,0,5,58
2025-04-27,SKU097,55,182,5,58
2025-05-04,SKU097,138,0,5,58
2025-05-11,SKU097,98,0,5,58
2025-05-18,SKU097,230,0,5,58
2025-05-25,SKU097,187,0,5,58
2025-06-01,SKU097,139,0,5,58
2025-06-08,SKU097,92,0,5,58
2025-06-15,SKU097,166,0,5,58
2025-06-22,SKU097,113,0,5,58
2025-06-29,SKU097,80,0,5,58
2025-07-06,SKU097,148,0,5,58
2025-07-13,SKU097,108,0,5,58
2025-07-20,SKU097,66,0,5,58
2025-07-27,SKU097,127,0,5,58
2025-08-03,SKU097,83,0,5,58
2025-08-10,SKU097,38,200,5,58
2025-08-17,SKU097,0,157,5,58
2025-08-24,SKU097,0,201,5,58
2025-08-31,SKU097,0,167,5,58
2025-09-07,SKU097,165,0,5,58
2025-09-14,SKU097,116,0,5,58
2025-09-21,SKU097,71,0,5,58
2025-09-28,SKU097,139,0,5,58
2025-10-05,SKU097,62,0,5,58
2025-10-12,SKU097,211,0,5,58
2025-10-19,SKU097,156,0,5,58
2025-10-26,SKU097,194,0,5,58
2025-11-02,SKU097,99,0,5,58
2025-11-09,SKU097,112,0,5,58
2025-11-16,SKU097,145,0,5,58
2025-11-23,SKU097,60,0,5,58
2025-11-30,SKU097,208,0,5,58
2025-12-07,SKU097,113,0,5,58
2025-12-14,SKU097,137,0,5,58
2025-12-21,SKU097,69,0,5,58
2025-12-28,SKU097,221,0,5,58
2024-01-07,SKU098,262,0,5,97
2024-01-14,SKU098,157,0,5,97
2024-01-21,SKU098,276,0,5,97
2024-01-28,SKU098,168,0,5,97
2024-02-04,SKU098,345,0,5,97
2024-02-11,SKU098,226,0,5,97
2024-02-18,SKU098,132,0,5,97
2024-02-25,SKU098,36,183,5,97
2024-03-03,SKU098,0,184,5,97
2024-03-10,SKU098,364,0,5,97
2024-03-17,SKU098,268,0,5,97
2024-03-24,SKU098,156,0,5,97
2024-03-31,SKU098,322,0,5,97
2024-04-07,SKU098,283,0,5,97
2024-04-14,SKU098,185,0,5,97
2024-04-21,SKU098,293,0,5,97
2024-04-28,SKU098,209,0,5,97
2024-05-05,SKU098,140,0,5,97
2024-05-12,SKU098,46,374,5,97
2024-05-19,SKU098,307,0,5,97
2024-05-26,SKU098,215,0,5,97
2024-06-02,SKU098,121,0,5,97
2024-06-09,SKU098,39,336,5,97
2024-06-16,SKU098,0,274,5,97
2024-06-23,SKU098,325,0,5,97
2024-06-30,SKU098,244,0,5,97
2024-07-07,SKU098,179,0,5,97
2024-07-14,SKU098,101,0,5,97
2024-07-21,SKU098,199,0,5,97
2024-07-28,SKU098,117,0,5,97
2024-08-04,SKU098,248,0,5,97
2024-08-11,SKU098,151,0,5,97
2024-08-18,SKU098,5,213,5,97
2024-08-25,SKU098,0,305,5,97
2024-09-01,SKU098,220,0,5,97
2024-09-08,SKU098,141,0,5,97
2024-09-15,SKU098,55,170,5,97
2024-09-22,SKU098,186,0,5,97
2024-09-29,SKU098,440,0,5,97
2024-10-06,SKU098,328,0,5,97
2024-10-13,SKU098,230,0,5,97
2024-10-20,SKU098,94,387,5,97
2024-10-27,SKU098,264,0,5,97
2024-11-03,SKU098,115,0,5,97
2024-11-10,SKU098,191,0,5,97
2024-11-17,SKU098,443,0,5,97
2024-11-24,SKU098,296,0,5,97
2024-12-01,SKU098,128,0,5,97
2024-12-08,SKU098,0,296,5,97
2024-12-15,SKU098,298,0,5,97
2024-12-22,SKU098,182,0,5,97
2024-12-29,SKU098,299,0,5,97
2025-01-05,SKU098,202,0,5,97
2025-01-12,SKU098,100,0,5,97
2025-01-19,SKU098,8,327,5,97
2025-01-26,SKU098,171,0,5,97
2025-02-02,SKU098,298,0,5,97
2025-02-09,SKU098,197,0,5,97
2025-02-16,SKU098,120,0,5,97
2025-02-23,SKU098,367,0,5,97
2025-03-02,SKU098,265,0,5,97
2025-03-09,SKU098,184,0,5,97
2025-03-16,SKU098,348,0,5,97
2025-03-23,SKU098,198,0,5,97
2025-03-30,SKU098,116,0,5,97
2025-04-06,SKU098,22,311,5,97
2025-04-13,SKU098,375,0,5,97
2025-04-20,SKU098,258,0,5,97
2025-04-27,SKU098,169,0,5,97
2025-05-04,SKU098,452,0,5,97
2025-05-11,SKU098,337,0,5,97
2025-05-18,SKU098,231,0,5,97
2025-05-25,SKU098,128,0,5,97
2025-06-01,SKU098,23,345,5,97
2025-06-08,SKU098,0,276,5,97
2025-06-15,SKU098,0,273,5,97
2025-06-22,SKU098,0,304,5,97
2025-06-29,SKU098,341,0,5,97
2025-07-06,SKU098,269,0,5,97
2025-07-13,SKU098,179,0,5,97
2025-07-20,SKU098,108,0,5,97
2025-07-27,SKU098,433,0,5,97
2025-08-03,SKU098,336,0,5,97
2025-08-10,SKU098,221,0,5,97
2025-08-17,SKU098,105,0,5,97
2025-08-24,SKU098,329,0,5,97
2025-08-31,SKU098,260,0,5,97
2025-09-07,SKU098,162,0,5,97
2025-09-14,SKU098,54,288,5,97
2025-09-21,SKU098,0,378,5,97
2025-09-28,SKU098,0,181,5,97
2025-10-05,SKU098,384,0,5,97
2025-10-12,SKU098,268,0,5,97
2025-10-19,SKU098,164,0,5,97
2025-10-26,SKU098,296,0,5,97
2025-11-02,SKU098,149,0,5,97
2025-11-09,SKU098,345,0,5,97
2025-11-16,SKU098,229,0,5,97
2025-11-23,SKU098,261,0,5,97
2025-11-30,SKU098,353,0,5,97
2025-12-07,SKU098,196,0,5,97
2025-12-14,SKU098,339,0,5,97
2025-12-21,SKU098,242,0,5,97
2025-12-28,SKU098,146,0,5,97
2024-01-07,SKU099,167,0,6,87
2024-01-14,SKU099,95,0,6,87
2024-01-21,SKU099,291,0,6,87
2024-01-28,SKU099,219,0,6,87
2024-02-04,SKU099,152,0,6,87
2024-02-11,SKU099,287,0,6,87
2024-02-18,SKU099,224,0,6,87
2024-02-25,SKU099,149,0,6,87
2024-03-03,SKU099,200,0,6,87
2024-03-10,SKU099,135,0,6,87
2024-03-17,SKU099,305,0,6,87
2024-03-24,SKU099,231,0,6,87
2024-03-31,SKU099,152,0,6,87
2024-04-07,SKU099,68,127,6,87
2024-04-14,SKU099,2,273,6,87
2024-04-21,SKU099,147,0,6,87
2024-04-28,SKU099,195,0,6,87
2024-05-05,SKU099,113,0,6,87
2024-05-12,SKU099,216,0,6,87
2024-05-19,SKU099,150,0,6,87
2024-05-26,SKU099,260,0,6,87
2024-06-02,SKU099,187,0,6,87
2024-06-09,SKU099,104,0,6,87
2024-06-16,SKU099,170,0,6,87
2024-06-23,SKU099,93,0,6,87
2024-06-30,SKU099,21,200,6,87
2024-07-07,SKU099,0,193,6,87
2024-07-14,SKU099,0,204,6,87
2024-07-21,SKU099,158,0,6,87
2024-07-28,SKU099,103,0,6,87
2024-08-04,SKU099,319,0,6,87
2024-08-11,SKU099,247,0,6,87
2024-08-18,SKU099,160,0,6,87
2024-08-25,SKU099,97,0,6,87
2024-09-01,SKU099,276,0,6,87
2024-09-08,SKU099,219,0,6,87
2024-09-15,SKU099,155,0,6,87
2024-09-22,SKU099,100,0,6,87
2024-09-29,SKU099,180,0,6,87
2024-10-06,SKU099,97,0,6,87
2024-10-13,SKU099,4,175,6,87
2024-10-20,SKU099,263,0,6,87
2024-10-27,SKU099,150,0,6,87
2024-11-03,SKU099,49,211,6,87
2024-11-10,SKU099,152,0,6,87
2024-11-17,SKU099,216,0,6,87
2024-11-24,SKU099,113,0,6,87
2024-12-01,SKU099,1,259,6,87
2024-12-08,SKU099,0,212,6,87
2024-12-15,SKU099,271,0,6,87
2024-12-22,SKU099,209,0,6,87
2024-12-29,SKU099,127,0,6,87
2025-01-05,SKU099,329,0,6,87
2025-01-12,SKU099,271,0,6,87
2025-01-19,SKU099,216,0,6,87
2025-01-26,SKU099,163,0,6,87
2025-02-02,SKU099,111,0,6,87
2025-02-09,SKU099,50,151,6,87
2025-02-16,SKU099,203,0,6,87
2025-02-23,SKU099,155,0,6,87
2025-03-02,SKU099,80,223,6,87
2025-03-09,SKU099,131,0,6,87
2025-03-16,SKU099,248,0,6,87
2025-03-23,SKU099,137,0,6,87
2025-03-30,SKU099,51,257,6,87
2025-04-06,SKU099,113,0,6,87
2025-04-13,SKU099,34,166,6,87
2025-04-20,SKU099,114,0,6,87
2025-04-27,SKU099,317,0,6,87
2025-05-04,SKU099,258,0,6,87
2025-05-11,SKU099,191,0,6,87
2025-05-18,SKU099,138,0,6,87
2025-05-25,SKU099,75,236,6,87
2025-06-01,SKU099,141,0,6,87
2025-06-08,SKU099,256,0,6,87
2025-06-15,SKU099,168,0,6,87
2025-06-22,SKU099,337,0,6,87
2025-06-29,SKU099,273,0,6,87
2025-07-06,SKU099,218,0,6,87
2025-07-13,SKU099,149,0,6,87
2025-07-20,SKU099,94,0,6,87
2025-07-27,SKU099,221,0,6,87
2025-08-03,SKU099,157,0,6,87
2025-08-10,SKU099,219,0,6,87
2025-08-17,SKU099,128,0,6,87
2025-08-24,SKU099,272,0,6,87
2025-08-31,SKU099,213,0,6,87
2025-09-07,SKU099,148,0,6,87
2025-09-14,SKU099,214,0,6,87
2025-09-21,SKU099,139,0,6,87
2025-09-28,SKU099,233,0,6,87
2025-10-05,SKU099,143,0,6,87
2025-10-12,SKU099,209,0,6,87
2025-10-19,SKU099,135,0,6,87
2025-10-26,SKU099,123,0,6,87
2025-11-02,SKU099,17,120,6,87
2025-11-09,SKU099,234,0,6,87
2025-11-16,SKU099,161,0,6,87
2025-11-23,SKU099,162,0,6,87
2025-11-30,SKU099,39,246,6,87
2025-12-07,SKU099,0,146,6,87
2025-12-14,SKU099,153,0,6,87
2025-12-21,SKU099,245,0,6,87
2025-12-28,SKU099,153,0,6,87
2024-01-07,SKU100,23,93,8,35
2024-01-14,SKU100,74,0,8,35
2024-01-21,SKU100,49,0,8,35
2024-01-28,SKU100,89,0,8,35
2024-02-04,SKU100,66,0,8,35
2024-02-11,SKU100,42,0,8,35
2024-02-18,SKU100,70,0,8,35
2024-02-25,SKU100,43,0,8,35
2024-03-03,SKU100,94,0,8,35
2024-03-10,SKU100,73,0,8,35
2024-03-17,SKU100,49,0,8,35
2024-03-24,SKU100,26,43,8,35
2024-03-31,SKU100,88,0,8,35
2024-04-07,SKU100,63,0,8,35
2024-04-14,SKU100,100,0,8,35
2024-04-21,SKU100,78,0,8,35
2024-04-28,SKU100,50,0,8,35
2024-05-05,SKU100,25,56,8,35
2024-05-12,SKU100,94,0,8,35
2024-05-19,SKU100,66,0,8,35
2024-05-26,SKU100,41,0,8,35
2024-06-02,SKU100,16,42,8,35
2024-06-09,SKU100,38,0,8,35
2024-06-16,SKU100,65,0,8,35
2024-06-23,SKU100,42,0,8,35
2024-06-30,SKU100,15,38,8,35
2024-07-07,SKU100,0,71,8,35
2024-07-14,SKU100,69,0,8,35
2024-07-21,SKU100,47,0,8,35
2024-07-28,SKU100,22,86,8,35
2024-08-04,SKU100,0,50,8,35
2024-08-11,SKU100,44,0,8,35
2024-08-18,SKU100,86,0,8,35
2024-08-25,SKU100,59,0,8,35
2024-09-01,SKU100,98,0,8,35
2024-09-08,SKU100,75,0,8,35
2024-09-15,SKU100,52,0,8,35
2024-09-22,SKU100,90,0,8,35
2024-09-29,SKU100,87,0,8,35
2024-10-06,SKU100,59,0,8,35
2024-10-13,SKU100,37,0,8,35
2024-10-20,SKU100,9,39,8,35
2024-10-27,SKU100,0,94,8,35
2024-11-03,SKU100,52,0,8,35
2024-11-10,SKU100,23,67,8,35
2024-11-17,SKU100,0,68,8,35
2024-11-24,SKU100,0,64,8,35
2024-12-01,SKU100,0,75,8,35
2024-12-08,SKU100,79,0,8,35
2024-12-15,SKU100,54,0,8,35
2024-12-22,SKU100,36,0,8,35
2024-12-29,SKU100,68,0,8,35
2025-01-05,SKU100,48,0,8,35
2025-01-12,SKU100,79,0,8,35
2025-01-19,SKU100,59,0,8,35
2025-01-26,SKU100,40,0,8,35
2025-02-02,SKU100,97,0,8,35
2025-02-09,SKU100,78,0,8,35
2025-02-16,SKU100,58,0,8,35
2025-02-23,SKU100,42,0,8,35
2025-03-02,SKU100,24,62,8,35
2025-03-09,SKU100,4,53,8,35
2025-03-16,SKU100,41,0,8,35
2025-03-23,SKU100,43,0,8,35
2025-03-30,SKU100,19,57,8,35
2025-04-06,SKU100,82,0,8,35
2025-04-13,SKU100,60,0,8,35
2025-04-20,SKU100,39,0,8,35
2025-04-27,SKU100,86,0,8,35
2025-05-04,SKU100,60,0,8,35
2025-05-11,SKU100,42,0,8,35
2025-05-18,SKU100,69,0,8,35
2025-05-25,SKU100,44,0,8,35
2025-06-01,SKU100,112,0,8,35
2025-06-08,SKU100,93,0,8,35
2025-06-15,SKU100,64,0,8,35
2025-06-22,SKU100,42,0,8,35
2025-06-29,SKU100,23,42,8,35
2025-07-06,SKU100,0,72,8,35
2025-07-13,SKU100,57,0,8,35
2025-07-20,SKU100,37,0,8,35
2025-07-27,SKU100,113,0,8,35
2025-08-03,SKU100,88,0,8,35
2025-08-10,SKU100,65,0,8,35
2025-08-17,SKU100,26,39,8,35
2025-08-24,SKU100,0,68,8,35
2025-08-31,SKU100,0,81,8,35
2025-09-07,SKU100,62,0,8,35
2025-09-14,SKU100,40,0,8,35
2025-09-21,SKU100,59,0,8,35
2025-09-28,SKU100,42,0,8,35
2025-10-05,SKU100,89,0,8,35
2025-10-12,SKU100,61,0,8,35
2025-10-19,SKU100,37,0,8,35
2025-10-26,SKU100,82,0,8,35
2025-11-02,SKU100,43,0,8,35
2025-11-09,SKU100,16,72,8,35
2025-11-16,SKU100,95,0,8,35
2025-11-23,SKU100,63,0,8,35
2025-11-30,SKU100,73,0,8,35
2025-12-07,SKU100,89,0,8,35
2025-12-14,SKU100,64,0,8,35
2025-12-21,SKU100,32,47,8,35
2025-12-28,SKU100,77,0,8,35
